Sezon,Wyścig,Poz.,Nazwisko,Grupa,lvl
83,14.09-10 21:47:57.945267,1,George Slater,Elite,10
83,14.09-10 21:47:57.945267,2,Ania Piekarska,Elite,10
83,14.09-10 21:47:57.945267,3,Miel Soeterbroek,Elite,9
83,14.09-10 21:47:57.945267,4,Rafal Celejewski,Master - 5,9
83,14.09-10 21:47:57.945267,5,Rimantas Sagatas,Elite,9
83,14.09-10 21:47:57.945267,6,Alex Holland,Elite,9
83,14.09-10 21:47:57.945267,7,Jay De Snoo,Elite,9
83,14.09-10 21:47:57.945267,8,Roland Postle,Elite,9
83,14.09-10 21:47:57.945267,9,Twig Fahaji,Elite,9
83,14.09-10 21:47:57.945267,10,Kristijan Mihovic,Master - 1,9
83,14.09-10 21:47:57.945267,11,Andrea Squizzato,Master - 3,9
83,14.09-10 21:47:57.945267,12,Jasper Coosemans,Elite,9
83,14.09-10 21:47:57.945267,13,Lee Harding,Elite,9
83,14.09-10 21:47:57.945267,14,Daniele Bontempo,Elite,9
83,14.09-10 21:47:57.945267,15,Leandro Sereno,Elite,9
83,14.09-10 21:47:57.945267,16,Chris Adnams,Master - 5,9
83,14.09-10 21:47:57.945267,17,Julien Prado,Elite,9
83,14.09-10 21:47:57.945267,18,Brad Marshall,Elite,9
83,14.09-10 21:47:57.945267,19,Gyuri Székely,Elite,9
83,14.09-10 21:47:57.945267,20,Zoltán Zelei,Pro - 16,9
83,14.09-10 21:47:57.945267,21,Antonio Gattulli,Elite,9
83,14.09-10 21:47:57.945267,22,Simone Pasqualoni,Master - 2,9
83,14.09-10 21:47:57.945267,23,Pedro Moura,Master - 5,9
83,14.09-10 21:47:57.945267,25,Pablo Fernandez,Elite,9
83,14.09-10 21:47:57.945267,26,Rei Frost,Master - 2,9
83,14.09-10 21:47:57.945267,27,Patryk Janczak,Master - 4,9
83,14.09-10 21:47:57.945267,28,György Csillag,Master - 1,9
83,14.09-10 21:47:57.945267,29,Andrej Rilke,Master - 2,9
83,14.09-10 21:47:57.945267,31,Chew Kai Wen,Elite,9
83,14.09-10 21:47:57.945267,35,Alessandro Casagrande,Elite,9
83,14.09-10 21:47:57.945267,36,Filip Dimitrov,Pro - 25,9
83,14.09-10 21:47:57.945267,37,Mato Nikic,Master - 3,9
83,14.09-10 21:47:57.945267,39,Fabio Corio,Pro - 10,9
83,14.09-10 21:47:57.945267,40,Tony Cullen,Master - 1,9
83,14.09-10 21:47:57.945267,41,David Rolleston,Master - 1,9
83,14.09-10 21:47:57.945267,42,Jens Frostrup,Master - 5,9
83,14.09-10 21:47:57.945267,43,Michel Vandecatelle,Master - 3,9
83,14.09-10 21:47:57.945267,44,John Ibbotson,Master - 5,9
83,14.09-10 21:47:57.945267,45,Arnas Peikstenis,Pro - 17,9
83,14.09-10 21:47:57.945267,48,Max Watson,Elite,9
83,14.09-10 21:47:57.945267,49,Ivan Stiva,Master - 2,9
83,14.09-10 21:47:57.945267,50,Emil Kwiatkowski,Pro - 12,9
83,14.09-10 21:47:57.945267,52,Guillaume Delamarre,Pro - 17,9
83,14.09-10 21:47:57.945267,53,Bartek Nowak,Master - 1,8
83,14.09-10 21:47:57.945267,54,Michal Szopinski,Master - 3,8
83,14.09-10 21:47:57.945267,55,Matej Matrtaj,Master - 4,8
83,14.09-10 21:47:57.945267,57,Gustavo Bellotto,Elite,8
83,14.09-10 21:47:57.945267,58,Lorenzo Bongi,Master - 1,8
83,14.09-10 21:47:57.945267,59,Andreas Ramann,Master - 5,8
83,14.09-10 21:47:57.945267,61,Marcin Żak,Elite,8
83,14.09-10 21:47:57.945267,62,Michaela Källström,Elite,8
83,14.09-10 21:47:57.945267,63,Olivier Portal,Master - 1,8
83,14.09-10 21:47:57.945267,64,Yug Desai,Elite,8
83,14.09-10 21:47:57.945267,65,Dmitry Shevel,Master - 2,8
83,14.09-10 21:47:57.945267,67,Stephen Cudmore,Master - 1,8
83,14.09-10 21:47:57.945267,68,Geoff Atkin,Master - 5,8
83,14.09-10 21:47:57.945267,69,Harsh Sheth,Elite,8
83,14.09-10 21:47:57.945267,70,Ferenc Koncz,Master - 1,8
83,14.09-10 21:47:57.945267,72,Damir Sen,Master - 4,8
83,14.09-10 21:47:57.945267,73,Sergio Martinez,Pro - 9,8
83,14.09-10 21:47:57.945267,74,Andrey Zhulikov,Pro - 24,8
83,14.09-10 21:47:57.945267,75,Gábor Safranyik,Elite,8
83,14.09-10 21:47:57.945267,76,Gergő Csernátoni,Pro - 15,8
83,14.09-10 21:47:57.945267,77,Zoltan Kormos,Pro - 25,8
83,14.09-10 21:47:57.945267,78,Luca Molendi,Elite,8
83,14.09-10 21:47:57.945267,79,David Adam,Pro - 11,8
83,14.09-10 21:47:57.945267,80,Cédrick Flament,Pro - 23,8
83,14.09-10 21:47:57.945267,81,Bert Huylebroeck,Elite,8
83,14.09-10 21:47:57.945267,82,Mery Lissarrague,Master - 1,8
83,14.09-10 21:47:57.945267,83,Graham Mercer,Master - 1,8
83,14.09-10 21:47:57.945267,84,Atis Praudins,Master - 4,8
83,14.09-10 21:47:57.945267,85,Mariusz Malczuk,Master - 5,8
83,14.09-10 21:47:57.945267,86,Christoph Schöning,Master - 5,8
83,14.09-10 21:47:57.945267,89,Wouter Teuwen,Elite,8
83,14.09-10 21:47:57.945267,90,Martin Britain,Master - 4,8
83,14.09-10 21:47:57.945267,91,Paul Williams,Master - 4,8
83,14.09-10 21:47:57.945267,92,Sergey Vosnesensky,Pro - 3,8
83,14.09-10 21:47:57.945267,94,James Boylan,Master - 1,8
83,14.09-10 21:47:57.945267,95,Krisztián Veinperl,Master - 5,8
83,14.09-10 21:47:57.945267,96,Fabrice Renaudet,Pro - 2,8
83,14.09-10 21:47:57.945267,98,Juan Diego Milán,Master - 1,8
83,14.09-10 21:47:57.945267,99,Nikola Jancic,Master - 3,8
83,14.09-10 21:47:57.945267,100,Sergio Fanelli,Master - 4,8
83,14.09-10 21:47:57.945267,101,Konrad Świderski,Master - 5,8
83,14.09-10 21:47:57.945267,102,Veres Tamás,Elite,8
83,14.09-10 21:47:57.945267,103,Jose Filipe,Master - 2,8
83,14.09-10 21:47:57.945267,104,Bogdan Hutanu,Master - 3,8
83,14.09-10 21:47:57.945267,105,Kuba Szajbel,Master - 4,8
83,14.09-10 21:47:57.945267,106,Mikael Brostrom,Master - 5,8
83,14.09-10 21:47:57.945267,107,Martin Freeth,Pro - 11,8
83,14.09-10 21:47:57.945267,108,Ignacio Belatti,Elite,8
83,14.09-10 21:47:57.945267,110,Giovanni Orecchioni,Elite,8
83,14.09-10 21:47:57.945267,111,Tomek Miszczak,Master - 4,8
83,14.09-10 21:47:57.945267,112,Ewelina Popis,Master - 5,8
83,14.09-10 21:47:57.945267,113,Dominiek Van West,Master - 5,8
83,14.09-10 21:47:57.945267,114,Robert Lisik,Pro - 5,8
83,14.09-10 21:47:57.945267,115,Felipe Sakai,Pro - 11,8
83,14.09-10 21:47:57.945267,116,Andrea Oclab,Pro - 22,8
83,14.09-10 21:47:57.945267,118,Andrew Merkel,Master - 2,8
83,14.09-10 21:47:57.945267,119,Dmitry Knyazev,Master - 3,8
83,14.09-10 21:47:57.945267,120,Vladimir Islentiev,Pro - 25,8
83,14.09-10 21:47:57.945267,122,Thierry Le Denmat,Master - 2,8
83,14.09-10 21:47:57.945267,123,Makis Katsoulas,Master - 3,8
83,14.09-10 21:47:57.945267,124,Arnoldas Arnisgd,Pro - 22,8
83,14.09-10 21:47:57.945267,125,Mariusz Kuczak,Pro - 25,8
83,14.09-10 21:47:57.945267,126,Ilya Vedenikov,Master - 2,8
83,14.09-10 21:47:57.945267,127,Kamal Naoui,Master - 4,8
83,14.09-10 21:47:57.945267,128,Diego Espiñeira Gonzalez,Pro - 7,8
83,14.09-10 21:47:57.945267,129,Guilherme Franco,Pro - 23,8
83,14.09-10 21:47:57.945267,130,James Hitchen,Master - 4,8
83,14.09-10 21:47:57.945267,131,Witek Dzid,Pro - 17,8
83,14.09-10 21:47:57.945267,132,Maja Soren,Pro - 18,8
83,14.09-10 21:47:57.945267,135,Jani Syrjäläinen,Master - 1,8
83,14.09-10 21:47:57.945267,136,Silvio Botterini,Pro - 10,8
83,14.09-10 21:47:57.945267,137,Jussi Mäenpää,Pro - 20,8
83,14.09-10 21:47:57.945267,138,Michał Wilczyński,Elite,8
83,14.09-10 21:47:57.945267,139,Ross Proud,Master - 1,8
83,14.09-10 21:47:57.945267,140,Andy Goodall,Master - 2,8
83,14.09-10 21:47:57.945267,141,Gino Zernani,Master - 5,8
83,14.09-10 21:47:57.945267,142,Ruslan Lukyanchuk,Pro - 16,8
83,14.09-10 21:47:57.945267,143,Béla Ormos,Pro - 17,8
83,14.09-10 21:47:57.945267,144,Marcelo Ascencio,Pro - 21,8
83,14.09-10 21:47:57.945267,147,Aigars Vitolins,Elite,8
83,14.09-10 21:47:57.945267,148,Franco Lorijn,Pro - 5,8
83,14.09-10 21:47:57.945267,149,Johan Olsson,Pro - 14,8
83,14.09-10 21:47:57.945267,151,Benedetto Campobello,Elite,8
83,14.09-10 21:47:57.945267,152,Mike Baston,Master - 1,8
83,14.09-10 21:47:57.945267,153,Dion Staal,Pro - 1,8
83,14.09-10 21:47:57.945267,154,Oscar Maddonni,Pro - 10,8
83,14.09-10 21:47:57.945267,155,Simone Bertolotto,Pro - 12,8
83,14.09-10 21:47:57.945267,156,Andrjunja Kass,Pro - 16,8
83,14.09-10 21:47:57.945267,157,André França,Pro - 21,8
83,14.09-10 21:47:57.945267,158,Jakab Zoltan,Pro - 22,8
83,14.09-10 21:47:57.945267,159,Daniel Rosa,Pro - 23,8
83,14.09-10 21:47:57.945267,160,Jan Velske,Elite,8
83,14.09-10 21:47:57.945267,161,Armenio Santos,Master - 2,8
83,14.09-10 21:47:57.945267,162,Vadim Shapovalov,Master - 3,8
83,14.09-10 21:47:57.945267,163,Raimonds Urtāns,Master - 3,8
83,14.09-10 21:47:57.945267,164,Andrea Amich,Master - 4,8
83,14.09-10 21:47:57.945267,165,Michail Ivanov,Master - 5,8
83,14.09-10 21:47:57.945267,166,Pedro Jacquet,Pro - 9,8
83,14.09-10 21:47:57.945267,167,Krzysztof Kasinski,Pro - 16,8
83,14.09-10 21:47:57.945267,168,David Vidović,Pro - 18,8
83,14.09-10 21:47:57.945267,169,Andreas Vigil,Pro - 23,8
83,14.09-10 21:47:57.945267,171,William Day,Master - 1,8
83,14.09-10 21:47:57.945267,172,Ivan Silva,Pro - 1,8
83,14.09-10 21:47:57.945267,173,Jukka Häyhä,Pro - 3,8
83,14.09-10 21:47:57.945267,174,Allecio Nagleydson,Pro - 3,8
83,14.09-10 21:47:57.945267,175,Col Brown,Pro - 22,8
83,14.09-10 21:47:57.945267,176,Edwin Silva,Master - 2,8
83,14.09-10 21:47:57.945267,177,Rafale Mizerski,Master - 3,8
83,14.09-10 21:47:57.945267,178,Ivan Andjelic,Pro - 20,8
83,14.09-10 21:47:57.945267,179,Benedetto Di Vico,Pro - 20,8
83,14.09-10 21:47:57.945267,181,Charles Kurz,Master - 3,8
83,14.09-10 21:47:57.945267,182,Ricky Silva,Master - 5,8
83,14.09-10 21:47:57.945267,183,Geoffrey Stanislawski,Pro - 7,8
83,14.09-10 21:47:57.945267,184,Rem Jürgenson,Pro - 14,8
83,14.09-10 21:47:57.945267,185,Richard Luijendijk,Pro - 25,8
83,14.09-10 21:47:57.945267,186,Fabio Romani,Master - 1,8
83,14.09-10 21:47:57.945267,187,Eduardo Sanchez Carenzo,Master - 5,8
83,14.09-10 21:47:57.945267,188,Robert Horvath,Pro - 4,8
83,14.09-10 21:47:57.945267,189,Marcus Sandberg,Pro - 5,8
83,14.09-10 21:47:57.945267,190,José Abi Jaudi,Pro - 19,8
83,14.09-10 21:47:57.945267,191,Luis De Los Reyes,Pro - 21,8
83,14.09-10 21:47:57.945267,193,Artur Marczewski,Master - 1,8
83,14.09-10 21:47:57.945267,194,Evaldas Ruseckas,Master - 5,8
83,14.09-10 21:47:57.945267,195,Tony Colangelo,Pro - 6,8
83,14.09-10 21:47:57.945267,196,Matas Karanavicius,Pro - 10,8
83,14.09-10 21:47:57.945267,197,Robert Lee,Pro - 17,8
83,14.09-10 21:47:57.945267,198,Vladimir Valis,Pro - 21,8
83,14.09-10 21:47:57.945267,205,Pieterjan Staessen,Pro - 3,8
83,14.09-10 21:47:57.945267,206,Roberto Borgato,Pro - 11,8
83,14.09-10 21:47:57.945267,207,Jonas Žaldokas,Pro - 16,8
83,14.09-10 21:47:57.945267,208,Gianluca Nanni,Pro - 20,8
83,14.09-10 21:47:57.945267,209,Maciej Młynek,Pro - 22,8
83,14.09-10 21:47:57.945267,210,Marek Wasilewski,Pro - 24,8
83,14.09-10 21:47:57.945267,212,Marcin Skrzypiec,Master - 3,8
83,14.09-10 21:47:57.945267,213,Branislav Mihic,Pro - 11,8
83,14.09-10 21:47:57.945267,214,Rogério Araken,Pro - 15,8
83,14.09-10 21:47:57.945267,216,Martti Kaasik,Master - 2,8
83,14.09-10 21:47:57.945267,217,Aleksey Odegov,Master - 2,8
83,14.09-10 21:47:57.945267,218,Adam Wierzba,Master - 2,8
83,14.09-10 21:47:57.945267,219,Aleksandr Gerassimtsik,Master - 4,8
83,14.09-10 21:47:57.945267,220,Davide Panella,Master - 4,8
83,14.09-10 21:47:57.945267,221,Carlos Miola,Pro - 3,8
83,14.09-10 21:47:57.945267,222,Gabriele Tumminello,Pro - 18,8
83,14.09-10 21:47:57.945267,223,József Gyuricza,Pro - 19,8
83,14.09-10 21:47:57.945267,225,Bruno Caseiro,Elite,8
83,14.09-10 21:47:57.945267,226,Mindaugas Bauža,Master - 2,8
83,14.09-10 21:47:57.945267,227,András Bozóti,Master - 2,8
83,14.09-10 21:47:57.945267,228,Andrew Green,Pro - 1,8
83,14.09-10 21:47:57.945267,229,Gavin Mackenzie,Pro - 12,8
83,14.09-10 21:47:57.945267,230,Karol Opoka,Pro - 12,8
83,14.09-10 21:47:57.945267,231,Asdrúbal Corral,Pro - 15,8
83,14.09-10 21:47:57.945267,232,Mick Ridley,Pro - 16,8
83,14.09-10 21:47:57.945267,233,Alexandre Marcelino,Pro - 19,8
83,14.09-10 21:47:57.945267,234,Tom Seib,Pro - 25,8
83,14.09-10 21:47:57.945267,235,Leonardo Franco,Master - 2,8
83,14.09-10 21:47:57.945267,236,Daniela Pisa,Master - 4,8
83,14.09-10 21:47:57.945267,237,Tiago Almeida,Pro - 1,8
83,14.09-10 21:47:57.945267,238,Luis Ferreira,Pro - 14,8
83,14.09-10 21:47:57.945267,239,Mihai Daroczi,Pro - 15,8
83,14.09-10 21:47:57.945267,240,Stefano Duo,Pro - 16,8
83,14.09-10 21:47:57.945267,241,Oriol Pardo,Pro - 19,8
83,14.09-10 21:47:57.945267,242,Yassine Ben Rajeb,Pro - 22,8
83,14.09-10 21:47:57.945267,246,Stefan Gommans,Master - 2,8
83,14.09-10 21:47:57.945267,247,Farcy Génel,Master - 3,8
83,14.09-10 21:47:57.945267,248,Miroslav Minchev,Master - 3,8
83,14.09-10 21:47:57.945267,249,Mauro Schumacher,Master - 3,8
83,14.09-10 21:47:57.945267,250,Ville Kukkonen,Pro - 8,8
83,14.09-10 21:47:57.945267,251,Mario Martini,Pro - 12,8
83,14.09-10 21:47:57.945267,252,Tomasz Siwiec,Pro - 13,8
83,14.09-10 21:47:57.945267,253,Mihály Székely,Pro - 17,8
83,14.09-10 21:47:57.945267,254,Ivan Schegloa,Pro - 24,8
83,14.09-10 21:47:57.945267,258,Apostolis Goutzos,Elite,8
83,14.09-10 21:47:57.945267,259,Svajūnas Mikšta,Master - 2,8
83,14.09-10 21:47:57.945267,260,Jason Daughty,Master - 3,8
83,14.09-10 21:47:57.945267,261,Stephen Rawson,Master - 3,8
83,14.09-10 21:47:57.945267,262,Shaun Thornton,Master - 3,8
83,14.09-10 21:47:57.945267,263,Svetlana Shapovalova,Master - 4,8
83,14.09-10 21:47:57.945267,264,Vincent Douchez,Pro - 1,8
83,14.09-10 21:47:57.945267,265,Luiz Rocha,Pro - 2,8
83,14.09-10 21:47:57.945267,266,Rory Collins,Pro - 15,8
83,14.09-10 21:47:57.945267,267,Leonardo Caceres,Pro - 17,8
83,14.09-10 21:47:57.945267,268,Branislav Hrnjak,Pro - 17,8
83,14.09-10 21:47:57.945267,269,Rudy Szafraniec,Pro - 17,8
83,14.09-10 21:47:57.945267,270,Valentino Receputi,Pro - 23,8
83,14.09-10 21:47:57.945267,273,Vladimir Jelicic,Master - 2,8
83,14.09-10 21:47:57.945267,274,Sharma Vivek,Master - 3,8
83,14.09-10 21:47:57.945267,275,Nuno Vicente,Master - 4,8
83,14.09-10 21:47:57.945267,276,Sergio Porta,Pro - 6,8
83,14.09-10 21:47:57.945267,277,John Arthur,Pro - 10,8
83,14.09-10 21:47:57.945267,278,Thiago Bento,Pro - 13,8
83,14.09-10 21:47:57.945267,279,Tibor Csábi,Pro - 15,8
83,14.09-10 21:47:57.945267,280,Dani Fekete,Pro - 15,8
83,14.09-10 21:47:57.945267,281,James Berriman,Pro - 17,8
83,14.09-10 21:47:57.945267,282,Gerardo Antonio Cecere,Pro - 17,8
83,14.09-10 21:47:57.945267,283,Gábor Besenyi,Pro - 19,8
83,14.09-10 21:47:57.945267,284,Jánosné Horvath,Pro - 20,8
83,14.09-10 21:47:57.945267,288,Tamás Tóth,Master - 1,7
83,14.09-10 21:47:57.945267,289,Guilherme Henrique,Pro - 1,7
83,14.09-10 21:47:57.945267,290,Goran Slunjski,Pro - 13,7
83,14.09-10 21:47:57.945267,291,Marcin Grajek,Pro - 15,7
83,14.09-10 21:47:57.945267,292,Viktor Kocsi,Pro - 15,7
83,14.09-10 21:47:57.945267,293,Gokhan Özkan,Pro - 16,7
83,14.09-10 21:47:57.945267,294,Philippe Laude,Pro - 23,7
83,14.09-10 21:47:57.945267,295,Hrvoje Jošić,Pro - 24,7
83,14.09-10 21:47:57.945267,296,Michael Monaco,Pro - 24,7
83,14.09-10 21:47:57.945267,302,Marco Longo,Master - 3,7
83,14.09-10 21:47:57.945267,303,Fernando Sosa,Master - 3,7
83,14.09-10 21:47:57.945267,304,Mihail Golovanov,Master - 4,7
83,14.09-10 21:47:57.945267,305,David Michler,Master - 4,7
83,14.09-10 21:47:57.945267,306,Predrag Marmut,Master - 5,7
83,14.09-10 21:47:57.945267,307,Tim Villars,Master - 5,7
83,14.09-10 21:47:57.945267,308,Joss Giraud,Pro - 10,7
83,14.09-10 21:47:57.945267,309,Zoltán Kiss,Pro - 11,7
83,14.09-10 21:47:57.945267,310,Andrea Marra,Pro - 11,7
83,14.09-10 21:47:57.945267,311,Barna Tóth,Pro - 11,7
83,14.09-10 21:47:57.945267,312,Florin Ionut,Pro - 15,7
83,14.09-10 21:47:57.945267,315,Luca Sora,Master - 1,7
83,14.09-10 21:47:57.945267,316,Onur Guardian,Master - 2,7
83,14.09-10 21:47:57.945267,317,Helmut Heiter,Master - 2,7
83,14.09-10 21:47:57.945267,318,Josh Clark,Master - 4,7
83,14.09-10 21:47:57.945267,319,Jody Parker,Pro - 1,7
83,14.09-10 21:47:57.945267,320,Antonio Fragoso,Pro - 2,7
83,14.09-10 21:47:57.945267,321,Mateusz Włodarczyk,Pro - 4,7
83,14.09-10 21:47:57.945267,322,Chris Williamson,Pro - 17,7
83,14.09-10 21:47:57.945267,323,Marcin Calmen,Pro - 19,7
83,14.09-10 21:47:57.945267,324,Giannis Kiriakidis,Pro - 21,7
83,14.09-10 21:47:57.945267,325,Norbert Páldeák,Pro - 21,7
83,14.09-10 21:47:57.945267,326,Michał Sułek,Pro - 22,7
83,14.09-10 21:47:57.945267,329,Pete Lohvansuu,Master - 2,7
83,14.09-10 21:47:57.945267,330,Arnaud de Marneffe,Master - 3,7
83,14.09-10 21:47:57.945267,331,Ahmet Kirnik,Master - 4,7
83,14.09-10 21:47:57.945267,332,Pablo Ramirez,Master - 4,7
83,14.09-10 21:47:57.945267,333,Massimo D'amico,Pro - 1,7
83,14.09-10 21:47:57.945267,334,Eddie Goodall,Pro - 12,7
83,14.09-10 21:47:57.945267,335,Mindaugas Kuodys,Pro - 15,7
83,14.09-10 21:47:57.945267,336,Thomas Geißler,Pro - 20,7
83,14.09-10 21:47:57.945267,337,Marcelo Rodrigues,Pro - 22,7
83,14.09-10 21:47:57.945267,341,Alvaro Dantas Aron,Master - 1,7
83,14.09-10 21:47:57.945267,342,Ahoorda Lelou,Master - 4,7
83,14.09-10 21:47:57.945267,343,Greg Byrnes-mikelsons,Pro - 1,7
83,14.09-10 21:47:57.945267,344,Aleksey Kondratenko,Pro - 1,7
83,14.09-10 21:47:57.945267,345,Ihor Rusnak,Pro - 3,7
83,14.09-10 21:47:57.945267,346,Antonio Adolpho Pereira,Pro - 4,7
83,14.09-10 21:47:57.945267,347,Rafal Lotkowski,Pro - 5,7
83,14.09-10 21:47:57.945267,348,Damir Martinjak,Pro - 6,7
83,14.09-10 21:47:57.945267,349,Joan Centellas,Pro - 12,7
83,14.09-10 21:47:57.945267,350,Attila Kvanta,Pro - 13,7
83,14.09-10 21:47:57.945267,351,Patricija Ovcharenko,Pro - 13,7
83,14.09-10 21:47:57.945267,352,Florian Berger,Pro - 14,7
83,14.09-10 21:47:57.945267,353,Sebastien Sailliot,Pro - 16,7
83,14.09-10 21:47:57.945267,354,Valnyris Tejet,Pro - 17,7
83,14.09-10 21:47:57.945267,355,Rauno Tammel,Pro - 21,7
83,14.09-10 21:47:57.945267,360,Joachim Rang,Elite,7
83,14.09-10 21:47:57.945267,361,Daniel Omaña,Master - 1,7
83,14.09-10 21:47:57.945267,362,Pavel Pobirovski,Master - 1,7
83,14.09-10 21:47:57.945267,363,Alejandro Badino,Master - 4,7
83,14.09-10 21:47:57.945267,364,Jorge Bento,Master - 5,7
83,14.09-10 21:47:57.945267,365,Marco Conti,Pro - 6,7
83,14.09-10 21:47:57.945267,366,Roland Jakobsson,Pro - 7,7
83,14.09-10 21:47:57.945267,367,Torge Thorsson,Pro - 7,7
83,14.09-10 21:47:57.945267,368,Joscha Büllesbach,Pro - 9,7
83,14.09-10 21:47:57.945267,369,Paul Brandt,Pro - 9,7
83,14.09-10 21:47:57.945267,370,Troy Sheahen,Pro - 11,7
83,14.09-10 21:47:57.945267,371,Dejan Makor,Pro - 12,7
83,14.09-10 21:47:57.945267,372,Rebecca Nanni,Pro - 12,7
83,14.09-10 21:47:57.945267,373,Sandro Benghi,Pro - 14,7
83,14.09-10 21:47:57.945267,374,Sergei Mitrahovich,Pro - 16,7
83,14.09-10 21:47:57.945267,375,Álvaro Alvarinho,Pro - 17,7
83,14.09-10 21:47:57.945267,376,Dejan Svajner,Pro - 18,7
83,14.09-10 21:47:57.945267,377,Frederic Van Rossum,Pro - 21,7
83,14.09-10 21:47:57.945267,378,Francisco Arce,Pro - 22,7
83,14.09-10 21:47:57.945267,379,Alfonso Ridolfo,Master - 4,7
83,14.09-10 21:47:57.945267,380,Matías Almada,Pro - 2,7
83,14.09-10 21:47:57.945267,381,Andrei Daroczi,Pro - 3,7
83,14.09-10 21:47:57.945267,382,Maurício Jackson,Pro - 3,7
83,14.09-10 21:47:57.945267,383,Daniel Woodhouse,Pro - 4,7
83,14.09-10 21:47:57.945267,384,Tomasz Boryczka,Pro - 9,7
83,14.09-10 21:47:57.945267,385,Daniel Santos,Pro - 10,7
83,14.09-10 21:47:57.945267,386,Johan Swanepoel,Pro - 12,7
83,14.09-10 21:47:57.945267,387,Marlon Feltrin Jeremias,Pro - 15,7
83,14.09-10 21:47:57.945267,388,Burak Alaydın,Pro - 16,7
83,14.09-10 21:47:57.945267,389,Arnaud Religieux,Pro - 16,7
83,14.09-10 21:47:57.945267,390,Adrian Skrobiński,Pro - 17,7
83,14.09-10 21:47:57.945267,391,Torsten Wilke,Pro - 18,7
83,14.09-10 21:47:57.945267,392,Daniel Palma,Pro - 19,7
83,14.09-10 21:47:57.945267,393,Wagner Costa,Pro - 20,7
83,14.09-10 21:47:57.945267,394,Carlos Esparza,Pro - 21,7
83,14.09-10 21:47:57.945267,395,Çağrı Karaağaç,Pro - 21,7
83,14.09-10 21:47:57.945267,396,Daniel Čech,Pro - 25,7
83,14.09-10 21:47:57.945267,397,Markus Korppi,Pro - 25,7
83,14.09-10 21:47:57.945267,402,Luis Lino,Pro - 10,7
83,14.09-10 21:47:57.945267,403,Giorgio Aspesi,Pro - 11,7
83,14.09-10 21:47:57.945267,404,Mateus Lima,Pro - 13,7
83,14.09-10 21:47:57.945267,405,Mirsad Pazari,Pro - 14,7
83,14.09-10 21:47:57.945267,406,Alexis Adams,Pro - 15,7
83,14.09-10 21:47:57.945267,407,Ayman Daher,Pro - 20,7
83,14.09-10 21:47:57.945267,408,Floris Maljers,Pro - 20,7
83,14.09-10 21:47:57.945267,409,Fabrice Van Damme,Pro - 21,7
83,14.09-10 21:47:57.945267,410,Mack Cotton,Pro - 22,7
83,14.09-10 21:47:57.945267,411,Marcelo Franco,Pro - 24,7
83,14.09-10 21:47:57.945267,418,Ivo Ivanov,Master - 1,7
83,14.09-10 21:47:57.945267,419,Sverri Johansen,Master - 2,7
83,14.09-10 21:47:57.945267,420,Gergely Pesthy,Master - 3,7
83,14.09-10 21:47:57.945267,421,Dieter Nix,Master - 4,7
83,14.09-10 21:47:57.945267,422,Jaroslav Boruvka,Pro - 3,7
83,14.09-10 21:47:57.945267,423,Nicoletta Donadoni,Pro - 6,7
83,14.09-10 21:47:57.945267,424,Zrinyi Szilárd,Pro - 8,7
83,14.09-10 21:47:57.945267,425,Keith Clark,Pro - 10,7
83,14.09-10 21:47:57.945267,426,Shersh Khandelwal,Pro - 11,7
83,14.09-10 21:47:57.945267,427,Nuno Santos,Pro - 14,7
83,14.09-10 21:47:57.945267,428,Louis Hamilton,Pro - 20,7
83,14.09-10 21:47:57.945267,429,Mauricio Angelucci,Pro - 23,7
83,14.09-10 21:47:57.945267,436,Alon Malul,Master - 5,7
83,14.09-10 21:47:57.945267,437,Guille García,Pro - 5,7
83,14.09-10 21:47:57.945267,438,Karol Mazurek,Pro - 8,7
83,14.09-10 21:47:57.945267,439,Dávid Sifka,Pro - 9,7
83,14.09-10 21:47:57.945267,440,Adrian Heuchert,Pro - 13,7
83,14.09-10 21:47:57.945267,441,Arnaud Ferraris,Pro - 14,7
83,14.09-10 21:47:57.945267,442,Brice Meyer,Pro - 16,7
83,14.09-10 21:47:57.945267,443,Duong Cuong,Pro - 17,7
83,14.09-10 21:47:57.945267,444,Donatas Rutkauskas,Pro - 18,7
83,14.09-10 21:47:57.945267,445,Stefano Fort,Pro - 19,7
83,14.09-10 21:47:57.945267,446,Matthieu Portal,Pro - 20,7
83,14.09-10 21:47:57.945267,452,Christian Biancu,Master - 2,7
83,14.09-10 21:47:57.945267,453,Filipe Miguel,Master - 2,7
83,14.09-10 21:47:57.945267,454,Roman Maksimenkov,Master - 5,7
83,14.09-10 21:47:57.945267,455,Carlos Inácio,Pro - 1,7
83,14.09-10 21:47:57.945267,456,Mauro Pisani,Pro - 2,7
83,14.09-10 21:47:57.945267,457,Rodrigo Rocha,Pro - 8,7
83,14.09-10 21:47:57.945267,458,Sebastian Stenius,Pro - 11,7
83,14.09-10 21:47:57.945267,459,Emīls Ribaks,Pro - 13,7
83,14.09-10 21:47:57.945267,460,Jônatas Paiva,Pro - 16,7
83,14.09-10 21:47:57.945267,461,Lukas Pilka,Pro - 16,7
83,14.09-10 21:47:57.945267,462,Mirko Bertotti,Pro - 19,7
83,14.09-10 21:47:57.945267,463,José Mario Alonso Alonso,Pro - 22,7
83,14.09-10 21:47:57.945267,464,Dariusz Borysiewicz,Pro - 24,7
83,14.09-10 21:47:57.945267,465,Ivan Ivanov,Pro - 25,7
83,14.09-10 21:47:57.945267,466,Jorge Jury,Pro - 25,7
83,14.09-10 21:47:57.945267,473,Jaime Rufas,Pro - 2,7
83,14.09-10 21:47:57.945267,474,Maurício Linhares,Pro - 3,7
83,14.09-10 21:47:57.945267,475,Alexander Cant,Pro - 9,7
83,14.09-10 21:47:57.945267,476,David Cabral,Pro - 11,7
83,14.09-10 21:47:57.945267,477,Konrad Lasak,Pro - 11,7
83,14.09-10 21:47:57.945267,478,Piotr Łabenda,Pro - 12,7
83,14.09-10 21:47:57.945267,479,Paulo Maia,Pro - 14,7
83,14.09-10 21:47:57.945267,480,Diogo Schwinn,Pro - 14,7
83,14.09-10 21:47:57.945267,481,Stefan Krustev,Pro - 15,7
83,14.09-10 21:47:57.945267,482,Martin Kuzov,Pro - 18,7
83,14.09-10 21:47:57.945267,483,Geir Pukk,Pro - 18,7
83,14.09-10 21:47:57.945267,484,Dimitris Orfanos,Pro - 19,7
83,14.09-10 21:47:57.945267,485,Suat Gültekin,Pro - 20,7
83,14.09-10 21:47:57.945267,486,Dex Vici,Pro - 23,7
83,14.09-10 21:47:57.945267,487,Attila Gore,Pro - 25,7
83,14.09-10 21:47:57.945267,495,Kuba Gułajewski,Master - 1,7
83,14.09-10 21:47:57.945267,496,Michael Keeney,Master - 1,7
83,14.09-10 21:47:57.945267,497,Dominique Jean,Master - 5,7
83,14.09-10 21:47:57.945267,498,Arkadiusz Nicewicz,Master - 5,7
83,14.09-10 21:47:57.945267,499,Philippe Taffonneau,Pro - 4,7
83,14.09-10 21:47:57.945267,500,David Brennan,Pro - 5,7
83,14.09-10 21:47:57.945267,501,Sergio Ruiz,Pro - 5,7
83,14.09-10 21:47:57.945267,502,Márton Martin Safranyik,Pro - 6,7
83,14.09-10 21:47:57.945267,503,Duarte Madrugo,Pro - 10,7
83,14.09-10 21:47:57.945267,504,Jim Norton,Pro - 14,7
83,14.09-10 21:47:57.945267,505,Ari Rautamies,Pro - 14,7
83,14.09-10 21:47:57.945267,506,Miguel Bain,Pro - 15,7
83,14.09-10 21:47:57.945267,507,Felipe Aguiar,Pro - 16,7
83,14.09-10 21:47:57.945267,508,Andres Duffey,Pro - 20,7
83,14.09-10 21:47:57.945267,509,Ronald Arcia,Pro - 21,7
83,14.09-10 21:47:57.945267,510,Roberto Schiavelli,Pro - 23,7
83,14.09-10 21:47:57.945267,511,Dean Francis,Pro - 24,7
83,14.09-10 21:47:57.945267,512,Johannes Haaparanta,Pro - 24,7
83,14.09-10 21:47:57.945267,513,Artur Sikora,Pro - 24,7
83,14.09-10 21:47:57.945267,517,Imre Antos,Master - 3,7
83,14.09-10 21:47:57.945267,518,Ken Neihart,Master - 4,7
83,14.09-10 21:47:57.945267,519,László Tóth,Pro - 2,7
83,14.09-10 21:47:57.945267,520,Lazar Petkovic,Pro - 4,7
83,14.09-10 21:47:57.945267,521,Tommaso Petri,Pro - 4,7
83,14.09-10 21:47:57.945267,522,Remco Siemes,Pro - 4,7
83,14.09-10 21:47:57.945267,523,István Varga,Pro - 5,7
83,14.09-10 21:47:57.945267,524,Fredrik Ahlin,Pro - 13,7
83,14.09-10 21:47:57.945267,525,Craig McLean,Pro - 16,7
83,14.09-10 21:47:57.945267,526,Petr Šimůnek,Pro - 19,7
83,14.09-10 21:47:57.945267,527,Pál Baracsi,Pro - 19,7
83,14.09-10 21:47:57.945267,528,Péter Propszt,Pro - 23,7
83,14.09-10 21:47:57.945267,529,Ivanin Ivanov,Pro - 25,7
83,14.09-10 21:47:57.945267,538,Tomi Kaartinen,Master - 1,7
83,14.09-10 21:47:57.945267,539,Andrea Cussigh,Master - 5,7
83,14.09-10 21:47:57.945267,540,Kyle Morris,Pro - 3,7
83,14.09-10 21:47:57.945267,541,Cioponea Viorel,Pro - 5,7
83,14.09-10 21:47:57.945267,542,Roman Sobotka,Pro - 6,7
83,14.09-10 21:47:57.945267,543,Artur Terezan,Pro - 7,7
83,14.09-10 21:47:57.945267,544,Max Scorinoff,Pro - 8,7
83,14.09-10 21:47:57.945267,545,Nathan Ribeiro,Pro - 9,7
83,14.09-10 21:47:57.945267,546,Patrick Gauthier,Pro - 10,7
83,14.09-10 21:47:57.945267,547,Giordano Vieira,Pro - 10,7
83,14.09-10 21:47:57.945267,548,Ezequiel Palletti,Pro - 12,7
83,14.09-10 21:47:57.945267,549,Fabricio Ramos,Pro - 15,7
83,14.09-10 21:47:57.945267,550,Szilvia Gaál,Pro - 21,7
83,14.09-10 21:47:57.945267,565,Luca Dal Sacco,Pro - 3,7
83,14.09-10 21:47:57.945267,566,Luis Gustavo,Pro - 4,7
83,14.09-10 21:47:57.945267,567,Timur Sharafullin,Pro - 6,7
83,14.09-10 21:47:57.945267,568,Else Rene,Pro - 9,7
83,14.09-10 21:47:57.945267,569,Grzegorz Buczkowski,Pro - 10,7
83,14.09-10 21:47:57.945267,570,Dusan Sevarlic,Pro - 13,7
83,14.09-10 21:47:57.945267,571,Alexandre Resende,Pro - 18,7
83,14.09-10 21:47:57.945267,572,Steffen Holm,Pro - 19,7
83,14.09-10 21:47:57.945267,573,Łukasz Rutkowski,Pro - 21,7
83,14.09-10 21:47:57.945267,574,Kris Kilsby,Pro - 23,7
83,14.09-10 21:47:57.945267,575,Szilkó Szoboszlai,Pro - 23,7
83,14.09-10 21:47:57.945267,579,Davide Lorenzini,Elite,7
83,14.09-10 21:47:57.945267,580,Dávid Guti,Master - 2,7
83,14.09-10 21:47:57.945267,581,Alexandra Silva,Master - 3,7
83,14.09-10 21:47:57.945267,582,Ilya Shiv,Pro - 2,7
83,14.09-10 21:47:57.945267,583,Alexandre Jardim,Pro - 3,7
83,14.09-10 21:47:57.945267,584,Roberto Schiavoni,Pro - 3,7
83,14.09-10 21:47:57.945267,585,Fabián Ré,Pro - 4,7
83,14.09-10 21:47:57.945267,586,Nikolai Nikolov,Pro - 13,7
83,14.09-10 21:47:57.945267,587,Vít Kunc,Pro - 15,7
83,14.09-10 21:47:57.945267,588,Frédéric Pierret,Pro - 21,7
83,14.09-10 21:47:57.945267,589,Ivaylo Tanev,Pro - 21,7
83,14.09-10 21:47:57.945267,590,Dimitry Korotunenko,Pro - 23,7
83,14.09-10 21:47:57.945267,602,Bindics Róbert,Master - 4,7
83,14.09-10 21:47:57.945267,603,Francesco Cambi,Pro - 6,7
83,14.09-10 21:47:57.945267,604,Amílcar Gomes,Pro - 6,7
83,14.09-10 21:47:57.945267,605,André Ahlberg,Pro - 8,7
83,14.09-10 21:47:57.945267,606,Patrik Karlsson,Pro - 8,7
83,14.09-10 21:47:57.945267,607,Stoycho Stoychev,Pro - 8,7
83,14.09-10 21:47:57.945267,608,Jozef Lesay,Pro - 9,7
83,14.09-10 21:47:57.945267,609,Sebastian Lochmann,Pro - 14,7
83,14.09-10 21:47:57.945267,610,Fabio Lopez,Pro - 20,7
83,14.09-10 21:47:57.945267,611,Nikita Guidotti,Pro - 22,7
83,14.09-10 21:47:57.945267,620,David Smith,Master - 1,7
83,14.09-10 21:47:57.945267,621,Mark Pinnick,Master - 2,7
83,14.09-10 21:47:57.945267,622,Claudio Laguna,Master - 3,7
83,14.09-10 21:47:57.945267,623,Joel Viitikko,Master - 3,7
83,14.09-10 21:47:57.945267,624,Jérôme Duluard,Master - 5,7
83,14.09-10 21:47:57.945267,625,Bachtiar Mahardhika,Master - 5,7
83,14.09-10 21:47:57.945267,626,Turan Metin,Master - 5,7
83,14.09-10 21:47:57.945267,627,Maurizio Faccin,Pro - 5,7
83,14.09-10 21:47:57.945267,628,Carlos Said Cabrera,Pro - 6,7
83,14.09-10 21:47:57.945267,629,Daniel Pérez,Pro - 6,7
83,14.09-10 21:47:57.945267,630,Filip Cristian,Pro - 7,7
83,14.09-10 21:47:57.945267,631,Victor Baia,Pro - 9,7
83,14.09-10 21:47:57.945267,632,Rasmus Hove,Pro - 9,7
83,14.09-10 21:47:57.945267,633,Mauro Saccoccia,Pro - 10,7
83,14.09-10 21:47:57.945267,634,Michell Coredeiro,Pro - 11,7
83,14.09-10 21:47:57.945267,635,Mandar Kale,Pro - 15,7
83,14.09-10 21:47:57.945267,636,Nikoletta Posvancz,Pro - 15,7
83,14.09-10 21:47:57.945267,637,Sergio Severino,Pro - 15,7
83,14.09-10 21:47:57.945267,638,Adriano Barbosa,Pro - 18,7
83,14.09-10 21:47:57.945267,639,Tadeu Bolzan,Pro - 18,7
83,14.09-10 21:47:57.945267,640,Luke Frost,Pro - 20,7
83,14.09-10 21:47:57.945267,641,Jaime Gomez,Pro - 20,7
83,14.09-10 21:47:57.945267,642,Karel Poláček,Pro - 24,7
83,14.09-10 21:47:57.945267,643,Olli Tamminen,Pro - 24,7
83,14.09-10 21:47:57.945267,653,Damir Kalaev,Master - 1,7
83,14.09-10 21:47:57.945267,654,Andrew Massey,Master - 2,7
83,14.09-10 21:47:57.945267,655,Joachim Vaes,Master - 2,7
83,14.09-10 21:47:57.945267,656,Paweł Zaburski,Master - 4,7
83,14.09-10 21:47:57.945267,657,Cristina Demeo,Pro - 8,7
83,14.09-10 21:47:57.945267,658,Jerome Godet,Pro - 8,7
83,14.09-10 21:47:57.945267,659,Dirk Sperling,Pro - 9,7
83,14.09-10 21:47:57.945267,660,Andrei Vădineanu,Pro - 18,7
83,14.09-10 21:47:57.945267,661,Péter Veszprémi,Pro - 18,7
83,14.09-10 21:47:57.945267,662,Victor Brezhnev,Pro - 19,7
83,14.09-10 21:47:57.945267,663,Philippe Peyroche,Pro - 21,7
83,14.09-10 21:47:57.945267,664,Henrikas Svidras,Pro - 21,7
83,14.09-10 21:47:57.945267,665,Bernard Bontjer,Pro - 23,7
83,14.09-10 21:47:57.945267,666,Jared Grabski,Pro - 23,7
83,14.09-10 21:47:57.945267,667,Stefano Solinas,Pro - 23,7
83,14.09-10 21:47:57.945267,668,Vasilis Zoumpi,Pro - 23,7
83,14.09-10 21:47:57.945267,669,Gary Mullins,Pro - 24,7
83,14.09-10 21:47:57.945267,677,Emmanuel Manfre,Master - 1,7
83,14.09-10 21:47:57.945267,678,Wouter Kirstein,Master - 2,7
83,14.09-10 21:47:57.945267,679,Valeri Krustev,Master - 3,7
83,14.09-10 21:47:57.945267,680,Martino Colombo,Master - 5,7
83,14.09-10 21:47:57.945267,681,Ahmet Sonverdi,Master - 5,7
83,14.09-10 21:47:57.945267,682,Mert Büyükakar,Pro - 2,7
83,14.09-10 21:47:57.945267,683,Andrea Iacoponi,Pro - 5,7
83,14.09-10 21:47:57.945267,684,Stephane Verly,Pro - 5,7
83,14.09-10 21:47:57.945267,685,Cornelius Alexandru,Pro - 9,7
83,14.09-10 21:47:57.945267,686,Andrej Novák,Pro - 9,7
83,14.09-10 21:47:57.945267,687,Gabor Horvath,Pro - 11,7
83,14.09-10 21:47:57.945267,688,Roman Ischenko,Pro - 16,7
83,14.09-10 21:47:57.945267,689,Jose Luis Macho Pita,Pro - 16,7
83,14.09-10 21:47:57.945267,690,Leonardo Fiorotto,Pro - 20,7
83,14.09-10 21:47:57.945267,691,Pedro Correia,Pro - 24,7
83,14.09-10 21:47:57.945267,692,Mark Jeacock,Pro - 24,7
83,14.09-10 21:47:57.945267,702,Alex Ilushenko,Master - 2,7
83,14.09-10 21:47:57.945267,703,Ioannis Kalogirou,Master - 4,7
83,14.09-10 21:47:57.945267,704,Martin Irla,Pro - 1,7
83,14.09-10 21:47:57.945267,705,Franco Sandoval,Pro - 2,7
83,14.09-10 21:47:57.945267,706,Mikko Heikkinen,Pro - 5,7
83,14.09-10 21:47:57.945267,707,Wagner Miranda,Pro - 5,7
83,14.09-10 21:47:57.945267,708,Marco Basilico,Pro - 6,7
83,14.09-10 21:47:57.945267,709,Lili Oroszlán,Pro - 7,7
83,14.09-10 21:47:57.945267,710,Tomas Balsevicius,Pro - 15,7
83,14.09-10 21:47:57.945267,711,Jhon Alexander Osorno Alvarez,Pro - 17,7
83,14.09-10 21:47:57.945267,712,Nicolás Soto,Pro - 17,7
83,14.09-10 21:47:57.945267,713,Lucas Santiago,Pro - 18,7
83,14.09-10 21:47:57.945267,714,Olver Hernández,Pro - 20,7
83,14.09-10 21:47:57.945267,715,Silvestre Fonseca,Pro - 23,7
83,14.09-10 21:47:57.945267,716,Marco Memoria,Pro - 25,7
83,14.09-10 21:47:57.945267,730,Brigitta Balázsi,Master - 3,7
83,14.09-10 21:47:57.945267,731,Daniel Andrade,Master - 4,7
83,14.09-10 21:47:57.945267,732,Timo Meyer,Master - 5,7
83,14.09-10 21:47:57.945267,733,Jorge Luiz Filho,Pro - 2,7
83,14.09-10 21:47:57.945267,734,Patrick Hertach,Pro - 2,7
83,14.09-10 21:47:57.945267,735,Michael Beltramelli,Pro - 3,7
83,14.09-10 21:47:57.945267,736,Eryk Madera,Pro - 5,7
83,14.09-10 21:47:57.945267,737,Petri Minni,Pro - 9,7
83,14.09-10 21:47:57.945267,738,Renato Ribeiro,Pro - 10,7
83,14.09-10 21:47:57.945267,739,Dmitry Starostachev,Pro - 10,7
83,14.09-10 21:47:57.945267,740,Mateusz Górny,Pro - 12,7
83,14.09-10 21:47:57.945267,741,Dmitri Kondrat,Pro - 13,7
83,14.09-10 21:47:57.945267,742,Kshitij Sharma,Pro - 13,7
83,14.09-10 21:47:57.945267,743,Edmundas Urbonas,Pro - 14,7
83,14.09-10 21:47:57.945267,744,Martin Pospíšil,Pro - 15,7
83,14.09-10 21:47:57.945267,745,Zahid Özkara,Pro - 16,7
83,14.09-10 21:47:57.945267,746,Eduard Gindullin,Pro - 19,7
83,14.09-10 21:47:57.945267,747,Eleutério Sousa,Pro - 19,7
83,14.09-10 21:47:57.945267,748,Andreas Weilemann,Pro - 19,7
83,14.09-10 21:47:57.945267,749,Mike Zestas,Pro - 19,7
83,14.09-10 21:47:57.945267,750,Rafael Bermejo,Pro - 21,7
83,14.09-10 21:47:57.945267,762,Jacopo Albertini,Master - 1,7
83,14.09-10 21:47:57.945267,763,Jovan Milic,Master - 1,7
83,14.09-10 21:47:57.945267,764,Sanjay Ashok Kumar,Pro - 2,7
83,14.09-10 21:47:57.945267,765,Pablo Venini,Pro - 2,7
83,14.09-10 21:47:57.945267,766,Laurie Grant,Pro - 4,7
83,14.09-10 21:47:57.945267,767,Jesús Torres,Pro - 5,7
83,14.09-10 21:47:57.945267,768,Pablo Pereira,Pro - 7,7
83,14.09-10 21:47:57.945267,769,Aleksandar Tot,Pro - 7,7
83,14.09-10 21:47:57.945267,770,Marco Triulzi,Pro - 7,7
83,14.09-10 21:47:57.945267,771,Bruna Carneiro,Pro - 8,7
83,14.09-10 21:47:57.945267,772,Antonio Palazzo,Pro - 10,7
83,14.09-10 21:47:57.945267,773,Patrice Haas,Pro - 14,7
83,14.09-10 21:47:57.945267,774,Diogo Xavier Santos,Pro - 15,7
83,14.09-10 21:47:57.945267,775,Pablo Alejo Herrero Lamuedra,Pro - 19,7
83,14.09-10 21:47:57.945267,776,Tamás Papdi,Pro - 19,7
83,14.09-10 21:47:57.945267,777,Harno Lé,Pro - 23,7
83,14.09-10 21:47:57.945267,778,József Szente,Pro - 25,7
83,14.09-10 21:47:57.945267,792,Lazaros Spiliopoulos,Pro - 1,7
83,14.09-10 21:47:57.945267,793,David Antonio Bovolon,Pro - 2,7
83,14.09-10 21:47:57.945267,794,Erkin Aksoy,Pro - 3,7
83,14.09-10 21:47:57.945267,795,Yiánnis Lólas,Pro - 3,7
83,14.09-10 21:47:57.945267,796,Bora Janić,Pro - 4,7
83,14.09-10 21:47:57.945267,797,Monique Lacroix,Pro - 4,7
83,14.09-10 21:47:57.945267,798,Gonzalo Nieto,Pro - 4,7
83,14.09-10 21:47:57.945267,799,Edinson Antonio,Pro - 6,7
83,14.09-10 21:47:57.945267,800,Mark Iverson,Pro - 6,7
83,14.09-10 21:47:57.945267,801,Tim Wagner,Pro - 6,7
83,14.09-10 21:47:57.945267,802,Paweł Piętka,Pro - 9,7
83,14.09-10 21:47:57.945267,803,Eduardo Zolin,Pro - 10,7
83,14.09-10 21:47:57.945267,804,Eugene Timchenko,Pro - 12,7
83,14.09-10 21:47:57.945267,805,Miguel Rosso,Pro - 15,7
83,14.09-10 21:47:57.945267,806,Francesco Dolci,Pro - 17,7
83,14.09-10 21:47:57.945267,807,Ciccio Pappalardo,Pro - 20,7
83,14.09-10 21:47:57.945267,808,Bruno Da Silva,Pro - 21,7
83,14.09-10 21:47:57.945267,809,Ankush Gupta,Pro - 21,7
83,14.09-10 21:47:57.945267,810,Károly Pintér,Pro - 22,7
83,14.09-10 21:47:57.945267,811,Joel Christman,Pro - 23,7
83,14.09-10 21:47:57.945267,822,Dmitrij Polikarpov,Master - 1,7
83,14.09-10 21:47:57.945267,823,Mantas Sestokas,Master - 2,7
83,14.09-10 21:47:57.945267,824,Abdullah Kasapoglu,Master - 5,7
83,14.09-10 21:47:57.945267,825,Rowie Halcon,Pro - 1,7
83,14.09-10 21:47:57.945267,826,Vencislav Stefanov,Pro - 2,7
83,14.09-10 21:47:57.945267,827,Alex Alonso,Pro - 3,7
83,14.09-10 21:47:57.945267,828,Zsolt Varga,Pro - 5,7
83,14.09-10 21:47:57.945267,829,Paola Bellocco,Pro - 6,7
83,14.09-10 21:47:57.945267,830,Quentin Gonzalez,Pro - 7,7
83,14.09-10 21:47:57.945267,831,Filippo Gino,Pro - 9,7
83,14.09-10 21:47:57.945267,832,Jiří Humpolák,Pro - 16,7
83,14.09-10 21:47:57.945267,833,Zdravko Subakov,Pro - 19,7
83,14.09-10 21:47:57.945267,834,Rogerio Mandler,Pro - 20,7
83,14.09-10 21:47:57.945267,835,Dmitrij Soldatenkov,Pro - 20,7
83,14.09-10 21:47:57.945267,836,Matthew Wheeler,Pro - 22,7
83,14.09-10 21:47:57.945267,837,Jesús Pérez,Pro - 23,7
83,14.09-10 21:47:57.945267,838,Alihan Zor,Pro - 23,7
83,14.09-10 21:47:57.945267,850,Toni Kazanjyan,Master - 3,7
83,14.09-10 21:47:57.945267,851,Sebastian Cangaro,Pro - 2,7
83,14.09-10 21:47:57.945267,852,David Hoz,Pro - 2,7
83,14.09-10 21:47:57.945267,853,Rodrigo Marino,Pro - 7,7
83,14.09-10 21:47:57.945267,854,Emo Hristov,Pro - 8,7
83,14.09-10 21:47:57.945267,855,Dimítris Athinaíos,Pro - 9,7
83,14.09-10 21:47:57.945267,856,Giacomo James Devilman,Pro - 9,7
83,14.09-10 21:47:57.945267,857,Ugo Venturi,Pro - 9,7
83,14.09-10 21:47:57.945267,858,Calum MacKinnon,Pro - 10,7
83,14.09-10 21:47:57.945267,859,Mario Maietto,Pro - 11,7
83,14.09-10 21:47:57.945267,860,Frederik Broux,Pro - 19,7
83,14.09-10 21:47:57.945267,861,Davy Van Den Abbeele,Pro - 19,7
83,14.09-10 21:47:57.945267,862,David de la Hoz,Pro - 24,7
83,14.09-10 21:47:57.945267,871,Leandro Carvalho,Master - 3,7
83,14.09-10 21:47:57.945267,872,Ivars Vilks,Master - 4,7
83,14.09-10 21:47:57.945267,873,Vincent Baguet,Pro - 4,7
83,14.09-10 21:47:57.945267,874,Stephen Brooks,Pro - 5,7
83,14.09-10 21:47:57.945267,875,Sergey Kozlenko,Pro - 6,7
83,14.09-10 21:47:57.945267,876,Kevinas Breive,Pro - 9,7
83,14.09-10 21:47:57.945267,877,Máximo Dolz,Pro - 9,7
83,14.09-10 21:47:57.945267,878,Kuba Debiec,Pro - 10,7
83,14.09-10 21:47:57.945267,879,Victor Nekrasov,Pro - 10,7
83,14.09-10 21:47:57.945267,880,Reece Laundon,Pro - 12,7
83,14.09-10 21:47:57.945267,881,Oleksa Vyshnivsky,Pro - 12,7
83,14.09-10 21:47:57.945267,882,Javier Bruschi,Pro - 13,7
83,14.09-10 21:47:57.945267,883,Domien Luts,Pro - 13,7
83,14.09-10 21:47:57.945267,884,Bill Mesaros,Pro - 13,7
83,14.09-10 21:47:57.945267,885,Francesco Cairola,Pro - 14,7
83,14.09-10 21:47:57.945267,886,Sito Haus,Pro - 14,7
83,14.09-10 21:47:57.945267,887,Marius Slavinskas,Pro - 15,7
83,14.09-10 21:47:57.945267,888,Níkos Mpalkámos,Pro - 19,7
83,14.09-10 21:47:57.945267,889,Ali İhsan Umutlu,Pro - 19,7
83,14.09-10 21:47:57.945267,890,Matheus Gemignani,Pro - 21,7
83,14.09-10 21:47:57.945267,891,Luiz Souza,Pro - 21,7
83,14.09-10 21:47:57.945267,892,Deepak Kar,Pro - 23,7
83,14.09-10 21:47:57.945267,893,Mika Ruutiainen,Pro - 25,7
83,14.09-10 21:47:57.945267,913,Matheus Senna Ramos,Master - 5,7
83,14.09-10 21:47:57.945267,914,Grzegorz Laszczewski,Pro - 4,7
83,14.09-10 21:47:57.945267,915,Samuele Raco,Pro - 4,7
83,14.09-10 21:47:57.945267,916,László Hodosán,Pro - 6,7
83,14.09-10 21:47:57.945267,917,Paulo Varela,Pro - 7,7
83,14.09-10 21:47:57.945267,918,Gyula Kalmár,Pro - 8,7
83,14.09-10 21:47:57.945267,919,Geovane Ribeiro,Pro - 8,7
83,14.09-10 21:47:57.945267,920,Gilles Ritiere,Pro - 8,7
83,14.09-10 21:47:57.945267,921,Alex Mehser,Pro - 11,7
83,14.09-10 21:47:57.945267,922,Alin Berescu,Pro - 13,7
83,14.09-10 21:47:57.945267,923,Valerio Cirri,Pro - 15,7
83,14.09-10 21:47:57.945267,924,Marcelo Tavares,Pro - 16,7
83,14.09-10 21:47:57.945267,925,Nicolas Tonelli,Pro - 16,7
83,14.09-10 21:47:57.945267,926,Theodosis Vogiatzis,Pro - 20,7
83,14.09-10 21:47:57.945267,927,Lucas Araujo,Pro - 21,7
83,14.09-10 21:47:57.945267,928,Ernestas Kalašinskas,Pro - 21,7
83,14.09-10 21:47:57.945267,929,Juan Carlos Sánchez,Pro - 21,7
83,14.09-10 21:47:57.945267,930,Milos Markovic,Pro - 22,7
83,14.09-10 21:47:57.945267,931,Orlin Popov,Pro - 22,7
83,14.09-10 21:47:57.945267,932,Nick Tsagarakis,Pro - 22,7
83,14.09-10 21:47:57.945267,941,Valter Andreiev,Master - 1,7
83,14.09-10 21:47:57.945267,942,Iulian Brutaru,Pro - 1,7
83,14.09-10 21:47:57.945267,943,Nastia Mikulenak,Pro - 2,7
83,14.09-10 21:47:57.945267,944,Sante Severini,Pro - 4,7
83,14.09-10 21:47:57.945267,945,David Dias,Pro - 6,7
83,14.09-10 21:47:57.945267,946,Tianhao Chen,Pro - 7,7
83,14.09-10 21:47:57.945267,947,Dóró Gábor,Pro - 7,7
83,14.09-10 21:47:57.945267,948,Róbert Jakó,Pro - 7,7
83,14.09-10 21:47:57.945267,949,Kaiko Kell,Pro - 7,7
83,14.09-10 21:47:57.945267,950,Gabriel Trentini,Pro - 7,7
83,14.09-10 21:47:57.945267,951,Mael Grosjean,Pro - 8,7
83,14.09-10 21:47:57.945267,952,Jim Panse,Pro - 8,7
83,14.09-10 21:47:57.945267,953,Nikolaï Samarine,Pro - 8,7
83,14.09-10 21:47:57.945267,954,Tobias Ernesto Pessotano,Pro - 9,7
83,14.09-10 21:47:57.945267,955,Bruno Dias,Pro - 11,7
83,14.09-10 21:47:57.945267,956,Jimmy Severini,Pro - 11,7
83,14.09-10 21:47:57.945267,957,Alexandru Ionut,Pro - 13,7
83,14.09-10 21:47:57.945267,958,Michele Jannone,Pro - 15,7
83,14.09-10 21:47:57.945267,959,Alexander Kateliev,Pro - 15,7
83,14.09-10 21:47:57.945267,960,Gastón Paris,Pro - 15,7
83,14.09-10 21:47:57.945267,961,Victor Chernyshev,Pro - 16,7
83,14.09-10 21:47:57.945267,962,Ricardo Silva,Pro - 16,7
83,14.09-10 21:47:57.945267,963,Richard Hrmo,Pro - 19,7
83,14.09-10 21:47:57.945267,964,Victor Fabiano,Pro - 20,7
83,14.09-10 21:47:57.945267,965,Giovanni Mazzanati,Pro - 21,7
83,14.09-10 21:47:57.945267,966,Gideon Rosa,Pro - 21,7
83,14.09-10 21:47:57.945267,967,Fred Hauser,Pro - 23,7
83,14.09-10 21:47:57.945267,968,Carlos Alfredo Habegger,Pro - 24,7
83,14.09-10 21:47:57.945267,979,Richard Waugh,Master - 3,7
83,14.09-10 21:47:57.945267,980,Mark Philips,Master - 4,7
83,14.09-10 21:47:57.945267,981,Jean-françois Charbinat,Master - 5,7
83,14.09-10 21:47:57.945267,982,Stephane Pioger,Pro - 1,7
83,14.09-10 21:47:57.945267,983,Jeroným Uhlíř,Pro - 3,7
83,14.09-10 21:47:57.945267,984,Vova Oknov,Pro - 4,7
83,14.09-10 21:47:57.945267,985,Fragkiskos Léfkaros,Pro - 6,7
83,14.09-10 21:47:57.945267,986,Taco Albers,Pro - 7,7
83,14.09-10 21:47:57.945267,987,Vitaliy Repetsky,Pro - 7,7
83,14.09-10 21:47:57.945267,988,Robert Raczkiewicz,Pro - 9,7
83,14.09-10 21:47:57.945267,989,Bob Liegi,Pro - 11,7
83,14.09-10 21:47:57.945267,990,Caíke Kauling,Pro - 16,7
83,14.09-10 21:47:57.945267,991,Goran Milenkovic,Pro - 16,7
83,14.09-10 21:47:57.945267,992,Gabriel Miranda,Pro - 18,7
83,14.09-10 21:47:57.945267,993,Carmine Esposito,Pro - 20,7
83,14.09-10 21:47:57.945267,994,Allan Stockinger,Pro - 22,7
83,14.09-10 21:47:57.945267,995,Peter Nile,Pro - 24,7
83,14.09-10 21:47:57.945267,996,László Kovácsi,Pro - 25,7
83,14.09-10 21:47:57.945267,1031,Peter Thompson,Pro - 1,7
83,14.09-10 21:47:57.945267,1032,Will Eel,Pro - 6,7
83,14.09-10 21:47:57.945267,1033,Xavier Prett,Pro - 7,7
83,14.09-10 21:47:57.945267,1034,Alex Tolmar,Pro - 7,7
83,14.09-10 21:47:57.945267,1035,Petr Valíček,Pro - 7,7
83,14.09-10 21:47:57.945267,1036,Marco Parinetti,Pro - 8,7
83,14.09-10 21:47:57.945267,1037,Cezary Skonieczny,Pro - 8,7
83,14.09-10 21:47:57.945267,1038,Gabor Herna,Pro - 9,7
83,14.09-10 21:47:57.945267,1039,David Andrewartha,Pro - 12,7
83,14.09-10 21:47:57.945267,1040,Marko Dragojević,Pro - 14,7
83,14.09-10 21:47:57.945267,1041,Tihamér Pál,Pro - 18,7
83,14.09-10 21:47:57.945267,1042,Giannis Patilas,Pro - 19,7
83,14.09-10 21:47:57.945267,1043,Roman Sokolov,Pro - 21,7
83,14.09-10 21:47:57.945267,1044,Christopher Willis,Pro - 21,7
83,14.09-10 21:47:57.945267,1045,Chris Tsalas,Pro - 25,7
83,14.09-10 21:47:57.945267,1062,Martin Frei,Pro - 1,7
83,14.09-10 21:47:57.945267,1063,Martin Rosina,Pro - 1,7
83,14.09-10 21:47:57.945267,1064,Zoltán Kucora,Pro - 2,7
83,14.09-10 21:47:57.945267,1065,Marcello Pinheiro,Pro - 2,7
83,14.09-10 21:47:57.945267,1066,Franciscus Van Essche,Pro - 3,7
83,14.09-10 21:47:57.945267,1067,Santiago Chaher,Pro - 4,7
83,14.09-10 21:47:57.945267,1068,Carlo Marchetti,Pro - 4,7
83,14.09-10 21:47:57.945267,1069,Jonathan Soignat,Pro - 6,7
83,14.09-10 21:47:57.945267,1070,Nikola Brojak,Pro - 8,7
83,14.09-10 21:47:57.945267,1071,Alexandru Diaconu,Pro - 10,7
83,14.09-10 21:47:57.945267,1072,Matías Alloatti,Pro - 14,7
83,14.09-10 21:47:57.945267,1073,José Luis Navarro,Pro - 14,7
83,14.09-10 21:47:57.945267,1074,Vsevolod Demydov,Pro - 17,7
83,14.09-10 21:47:57.945267,1094,Cristian Cattaneo,Pro - 4,7
83,14.09-10 21:47:57.945267,1095,Yakup Paçacı,Pro - 7,7
83,14.09-10 21:47:57.945267,1096,Paulo Peralta,Pro - 10,7
83,14.09-10 21:47:57.945267,1097,Endre Hollós,Pro - 12,7
83,14.09-10 21:47:57.945267,1098,Ambroz Pondelek,Pro - 14,7
83,14.09-10 21:47:57.945267,1099,Andriy Dyadkovich,Pro - 18,7
83,14.09-10 21:47:57.945267,1100,Zivanovic Nikola,Pro - 22,7
83,14.09-10 21:47:57.945267,1101,Tibor Szuromi,Pro - 23,7
83,14.09-10 21:47:57.945267,1120,Mika Pekkarinen,Master - 2,7
83,14.09-10 21:47:57.945267,1121,Ilija Radovanovic,Pro - 1,7
83,14.09-10 21:47:57.945267,1122,Tom Hewer,Pro - 2,7
83,14.09-10 21:47:57.945267,1123,Kiss Attila,Pro - 3,7
83,14.09-10 21:47:57.945267,1124,Sameer Marathe,Pro - 3,7
83,14.09-10 21:47:57.945267,1125,Sergio Roman,Pro - 10,7
83,14.09-10 21:47:57.945267,1126,Marco Ferraz,Pro - 14,7
83,14.09-10 21:47:57.945267,1127,Daniel Rodriguez,Pro - 14,7
83,14.09-10 21:47:57.945267,1128,Paweł Szewczyk,Pro - 17,7
83,14.09-10 21:47:57.945267,1129,Michael Zenger,Pro - 18,7
83,14.09-10 21:47:57.945267,1130,Pablo Gustavo,Pro - 19,7
83,14.09-10 21:47:57.945267,1131,Marcin Milczarek,Pro - 19,7
83,14.09-10 21:47:57.945267,1132,Roberto Schumacher,Pro - 20,7
83,14.09-10 21:47:57.945267,1133,Andrzej Dąbrowski,Pro - 23,7
83,14.09-10 21:47:57.945267,1134,Gavin Adam,Pro - 24,7
83,14.09-10 21:47:57.945267,1135,Leanne Lowe,Pro - 24,7
83,14.09-10 21:47:57.945267,1136,Dean Francis,Pro - 25,7
83,14.09-10 21:47:57.945267,1166,Thomas Bertolino,Master - 1,7
83,14.09-10 21:47:57.945267,1167,Hola Evony,Master - 1,7
83,14.09-10 21:47:57.945267,1168,Omiros Pevlantzos,Pro - 3,7
83,14.09-10 21:47:57.945267,1169,Bill Vasilonikolos,Pro - 4,7
83,14.09-10 21:47:57.945267,1170,Pablo Carba,Pro - 5,7
83,14.09-10 21:47:57.945267,1171,André Henriques,Pro - 6,7
83,14.09-10 21:47:57.945267,1172,Danijel Vranešić,Pro - 7,7
83,14.09-10 21:47:57.945267,1173,Dusan Zacpal,Pro - 10,7
83,14.09-10 21:47:57.945267,1174,Marco Lopes,Pro - 13,7
83,14.09-10 21:47:57.945267,1175,Stewart James,Pro - 19,7
83,14.09-10 21:47:57.945267,1176,Joe Manifold,Pro - 19,7
83,14.09-10 21:47:57.945267,1177,Fábio Schrier,Pro - 25,7
83,14.09-10 21:47:57.945267,1195,Leonardo Solazzi,Master - 4,7
83,14.09-10 21:47:57.945267,1196,Ben De Leeuw,Pro - 1,7
83,14.09-10 21:47:57.945267,1197,Marius Valentin Brutaru,Pro - 2,7
83,14.09-10 21:47:57.945267,1198,Toms Polis,Pro - 2,7
83,14.09-10 21:47:57.945267,1199,Grigoris Stephanakis,Pro - 2,7
83,14.09-10 21:47:57.945267,1200,Marcelo Reis Carvalho,Pro - 4,7
83,14.09-10 21:47:57.945267,1201,Miklós Gál,Pro - 5,7
83,14.09-10 21:47:57.945267,1202,Johan Dominé,Pro - 9,7
83,14.09-10 21:47:57.945267,1203,Daniel Bertoya,Pro - 11,7
83,14.09-10 21:47:57.945267,1204,Lukasz Szymanski,Pro - 11,7
83,14.09-10 21:47:57.945267,1205,George Togas,Pro - 13,7
83,14.09-10 21:47:57.945267,1206,Aliprando Siraghi,Pro - 14,7
83,14.09-10 21:47:57.945267,1207,Alex Phil,Pro - 15,7
83,14.09-10 21:47:57.945267,1208,Roland Balog,Pro - 16,7
83,14.09-10 21:47:57.945267,1209,József Magyari,Pro - 18,7
83,14.09-10 21:47:57.945267,1210,Brian Blagdon,Pro - 20,7
83,14.09-10 21:47:57.945267,1211,Goran Vukovic,Pro - 20,7
83,14.09-10 21:47:57.945267,1212,Kirsty Ridley,Pro - 23,7
83,14.09-10 21:47:57.945267,1213,Jose Luis Castro,Pro - 25,7
83,14.09-10 21:47:57.945267,1214,Chad Stringer,Pro - 25,7
83,14.09-10 21:47:57.945267,1224,Tolis Nasios,Pro - 1,7
83,14.09-10 21:47:57.945267,1225,James Mcgregor,Pro - 3,7
83,14.09-10 21:47:57.945267,1226,Martin Cook,Pro - 8,7
83,14.09-10 21:47:57.945267,1227,Geoff Marks,Pro - 8,7
83,14.09-10 21:47:57.945267,1228,Darek Krawczuk,Pro - 9,7
83,14.09-10 21:47:57.945267,1229,Matthew Standen,Pro - 12,7
83,14.09-10 21:47:57.945267,1230,Edward Coulman,Pro - 13,7
83,14.09-10 21:47:57.945267,1231,Aditya Wirasanjaya,Pro - 15,7
83,14.09-10 21:47:57.945267,1232,Lucas Holmes,Pro - 16,7
83,14.09-10 21:47:57.945267,1233,Victor Kamennov,Pro - 16,7
83,14.09-10 21:47:57.945267,1234,Jairo Teixeira,Pro - 18,7
83,14.09-10 21:47:57.945267,1235,Zoltán Zsifkó,Pro - 21,7
83,14.09-10 21:47:57.945267,1236,Phil Symonds,Pro - 22,7
83,14.09-10 21:47:57.945267,1237,Tamás Konrád,Pro - 24,7
83,14.09-10 21:47:57.945267,1259,Lauren Earnest,Master - 1,7
83,14.09-10 21:47:57.945267,1260,Đuro Prejc,Master - 2,7
83,14.09-10 21:47:57.945267,1261,Alberto Pérez,Master - 3,7
83,14.09-10 21:47:57.945267,1262,Zoran Korolija,Pro - 7,7
83,14.09-10 21:47:57.945267,1263,Marcelo Gallardo,Pro - 10,7
83,14.09-10 21:47:57.945267,1264,Joel Trekane,Pro - 10,7
83,14.09-10 21:47:57.945267,1265,Juan Carlos Mendez,Pro - 11,7
83,14.09-10 21:47:57.945267,1266,Kamil Wojciechowski,Pro - 11,7
83,14.09-10 21:47:57.945267,1267,Aleksey Skrypnev,Pro - 16,7
83,14.09-10 21:47:57.945267,1268,Peter Both,Pro - 18,7
83,14.09-10 21:47:57.945267,1288,Armando Feresin Pedrana,Pro - 1,6
83,14.09-10 21:47:57.945267,1289,Joelson Gonçalves,Pro - 1,6
83,14.09-10 21:47:57.945267,1290,Miguel López-torres Stadler,Pro - 5,6
83,14.09-10 21:47:57.945267,1291,Gonçalo Fernandes,Pro - 6,6
83,14.09-10 21:47:57.945267,1292,Ahmet Ozturk,Pro - 8,6
83,14.09-10 21:47:57.945267,1293,Davide Galliani,Pro - 9,6
83,14.09-10 21:47:57.945267,1294,Federico Pereyra,Pro - 10,6
83,14.09-10 21:47:57.945267,1295,Olivier Baptista,Pro - 11,6
83,14.09-10 21:47:57.945267,1296,Zsolt Modoc,Pro - 13,6
83,14.09-10 21:47:57.945267,1297,Michal Presinsky,Pro - 16,6
83,14.09-10 21:47:57.945267,1298,Andrian Naidenov,Pro - 18,6
83,14.09-10 21:47:57.945267,1299,Sagar Abhyankar,Pro - 24,6
83,14.09-10 21:47:57.945267,1315,Davide Andreoli,Pro - 5,6
83,14.09-10 21:47:57.945267,1316,Lucio Ferreira,Pro - 10,6
83,14.09-10 21:47:57.945267,1317,Kardos Tibor,Pro - 10,6
83,14.09-10 21:47:57.945267,1318,Mahesh Bheemaraj,Pro - 11,6
83,14.09-10 21:47:57.945267,1319,Salvatore Di Meo,Pro - 12,6
83,14.09-10 21:47:57.945267,1320,Geoffrey Gill,Pro - 12,6
83,14.09-10 21:47:57.945267,1321,Michal Okulski,Pro - 13,6
83,14.09-10 21:47:57.945267,1322,Petrus Taskila,Pro - 13,6
83,14.09-10 21:47:57.945267,1323,Leonardo Araújo,Pro - 14,6
83,14.09-10 21:47:57.945267,1324,Oeste Berta,Pro - 14,6
83,14.09-10 21:47:57.945267,1325,Sergio Malonni,Pro - 15,6
83,14.09-10 21:47:57.945267,1326,Massimo Dinolfo,Pro - 17,6
83,14.09-10 21:47:57.945267,1327,Stefan Leitgeb,Pro - 17,6
83,14.09-10 21:47:57.945267,1328,Francesco Polleggioni,Pro - 17,6
83,14.09-10 21:47:57.945267,1329,Sebastian Velosa,Pro - 17,6
83,14.09-10 21:47:57.945267,1330,Petar Chuchukov,Pro - 19,6
83,14.09-10 21:47:57.945267,1331,Tolga Erkan,Pro - 23,6
83,14.09-10 21:47:57.945267,1332,Daniel Bonilla,Pro - 25,6
83,14.09-10 21:47:57.945267,1333,Daniele Mezzabotta,Pro - 25,6
83,14.09-10 21:47:57.945267,1350,Erwan Le Caill,Pro - 2,6
83,14.09-10 21:47:57.945267,1351,Francisco Mendia,Pro - 5,6
83,14.09-10 21:47:57.945267,1352,Christian Aunkofer,Pro - 6,6
83,14.09-10 21:47:57.945267,1353,Felipe Bello,Pro - 10,6
83,14.09-10 21:47:57.945267,1354,Leonel Rey,Pro - 13,6
83,14.09-10 21:47:57.945267,1355,Mario Hernandez,Pro - 14,6
83,14.09-10 21:47:57.945267,1356,Ufuk Yasayan,Pro - 15,6
83,14.09-10 21:47:57.945267,1357,Vladimir Viktorovich,Pro - 17,6
83,14.09-10 21:47:57.945267,1358,Igor Mihaliska,Pro - 18,6
83,14.09-10 21:47:57.945267,1359,Djordje Arulic,Pro - 19,6
83,14.09-10 21:47:57.945267,1360,Alexander Hoppe,Pro - 19,6
83,14.09-10 21:47:57.945267,1361,Marta De Marinis,Pro - 23,6
83,14.09-10 21:47:57.945267,1362,Hakan Tatar,Pro - 24,6
83,14.09-10 21:47:57.945267,1386,Paweł Dudziński,Master - 4,6
83,14.09-10 21:47:57.945267,1387,Lychezar Stoyanov,Master - 5,6
83,14.09-10 21:47:57.945267,1388,Gonzalo Reta,Pro - 1,6
83,14.09-10 21:47:57.945267,1389,Pablo Bagnalasta,Pro - 3,6
83,14.09-10 21:47:57.945267,1390,Juan Manuel Collova,Pro - 3,6
83,14.09-10 21:47:57.945267,1391,Maciej Żmudziński,Pro - 7,6
83,14.09-10 21:47:57.945267,1392,László Kerezsi,Pro - 7,6
83,14.09-10 21:47:57.945267,1393,Varga Gábor,Pro - 9,6
83,14.09-10 21:47:57.945267,1394,Aswin Witte,Pro - 9,6
83,14.09-10 21:47:57.945267,1395,Denny Holt,Pro - 10,6
83,14.09-10 21:47:57.945267,1396,Dominik Krowiak,Pro - 12,6
83,14.09-10 21:47:57.945267,1397,Angel Salas,Pro - 13,6
83,14.09-10 21:47:57.945267,1398,Jos Haarsma,Pro - 21,6
83,14.09-10 21:47:57.945267,1416,Christoph Seifriedsberger,Pro - 1,6
83,14.09-10 21:47:57.945267,1417,Marco Krane,Pro - 3,6
83,14.09-10 21:47:57.945267,1418,Sergejs Muravka,Pro - 4,6
83,14.09-10 21:47:57.945267,1419,Finn Shaw-McIver,Pro - 5,6
83,14.09-10 21:47:57.945267,1420,Dmitry Serebryakov,Pro - 6,6
83,14.09-10 21:47:57.945267,1421,Ricardo Beato,Pro - 8,6
83,14.09-10 21:47:57.945267,1422,Tom Bux,Pro - 10,6
83,14.09-10 21:47:57.945267,1423,Sam Durrant,Pro - 12,6
83,14.09-10 21:47:57.945267,1424,Stuart Foster,Pro - 12,6
83,14.09-10 21:47:57.945267,1425,Mihail Horvath,Pro - 12,6
83,14.09-10 21:47:57.945267,1426,Enzo Sbarbini,Pro - 17,6
83,14.09-10 21:47:57.945267,1427,Ping Hui,Pro - 24,6
83,14.09-10 21:47:57.945267,1428,Giuseppe Lamanna,Pro - 24,6
83,14.09-10 21:47:57.945267,1449,Rémy Pointet,Master - 4,6
83,14.09-10 21:47:57.945267,1450,Marcos Amaral,Pro - 2,6
83,14.09-10 21:47:57.945267,1451,Christian Anello,Pro - 4,6
83,14.09-10 21:47:57.945267,1452,Giuseppe Greco,Pro - 6,6
83,14.09-10 21:47:57.945267,1453,Albert Nagy,Pro - 8,6
83,14.09-10 21:47:57.945267,1454,Andre Cherkasoff,Pro - 10,6
83,14.09-10 21:47:57.945267,1455,Gökay Çiftçi,Pro - 11,6
83,14.09-10 21:47:57.945267,1456,Thiago Mendes,Pro - 17,6
83,14.09-10 21:47:57.945267,1457,Kyriakos Panousis,Pro - 22,6
83,14.09-10 21:47:57.945267,1458,Marvin Morales,Pro - 24,6
83,14.09-10 21:47:57.945267,1459,Paul Morak,Pro - 25,6
83,14.09-10 21:47:57.945267,1476,Kaur Sirel,Master - 1,6
83,14.09-10 21:47:57.945267,1477,Patrick Feise,Pro - 3,6
83,14.09-10 21:47:57.945267,1478,Patricio Ferrero,Pro - 5,6
83,14.09-10 21:47:57.945267,1479,Evaldas Kurmis,Pro - 8,6
83,14.09-10 21:47:57.945267,1480,Jean-marc Boissinot,Pro - 9,6
83,14.09-10 21:47:57.945267,1481,Rich Weaving,Pro - 9,6
83,14.09-10 21:47:57.945267,1482,Ali Aydın,Pro - 11,6
83,14.09-10 21:47:57.945267,1483,Gonzalo Falcetti Gonzalez,Pro - 13,6
83,14.09-10 21:47:57.945267,1484,Pavel Ionescu,Pro - 13,6
83,14.09-10 21:47:57.945267,1485,Michael Reyer,Pro - 13,6
83,14.09-10 21:47:57.945267,1486,Marin Ružić,Pro - 14,6
83,14.09-10 21:47:57.945267,1487,Alex Cos,Pro - 18,6
83,14.09-10 21:47:57.945267,1488,Csaba Csarankó,Pro - 19,6
83,14.09-10 21:47:57.945267,1489,Hováth Kázmér,Pro - 22,6
83,14.09-10 21:47:57.945267,1490,David Evans,Pro - 23,6
83,14.09-10 21:47:57.945267,1491,Marco Huber,Pro - 23,6
83,14.09-10 21:47:57.945267,1516,Alexandre Bissiriex,Pro - 3,6
83,14.09-10 21:47:57.945267,1517,Anderson Lima,Pro - 8,6
83,14.09-10 21:47:57.945267,1518,Erik Chrin,Pro - 11,6
83,14.09-10 21:47:57.945267,1519,Stéphane Rombaux,Pro - 14,6
83,14.09-10 21:47:57.945267,1520,Roman Lizogub,Pro - 16,6
83,14.09-10 21:47:57.945267,1521,Juliano Berti,Pro - 17,6
83,14.09-10 21:47:57.945267,1522,Abhishek Kankonkar,Pro - 21,6
83,14.09-10 21:47:57.945267,1523,Jose Luis Monty,Pro - 21,6
83,14.09-10 21:47:57.945267,1524,Yiánnis Spirópoulos,Pro - 21,6
83,14.09-10 21:47:57.945267,1525,Sarah Billiotte,Pro - 22,6
83,14.09-10 21:47:57.945267,1526,Bartosz Szymczak,Pro - 25,6
83,14.09-10 21:47:57.945267,1553,Patrick Urlings,Master - 2,6
83,14.09-10 21:47:57.945267,1554,Łukasz Tretyn,Pro - 8,6
83,14.09-10 21:47:57.945267,1555,Valter Polsaque,Pro - 11,6
83,14.09-10 21:47:57.945267,1556,Daniel Tackaberry,Pro - 14,6
83,14.09-10 21:47:57.945267,1557,Willian Moura,Pro - 17,6
83,14.09-10 21:47:57.945267,1558,Sergio Ferraro,Pro - 22,6
83,14.09-10 21:47:57.945267,1559,Martina Kirakovjanova,Pro - 22,6
83,14.09-10 21:47:57.945267,1560,Guido Simonetta,Pro - 22,6
83,14.09-10 21:47:57.945267,1561,Ariel Fuentes,Pro - 24,6
83,14.09-10 21:47:57.945267,1562,Vilius Ceponis,Pro - 25,6
83,14.09-10 21:47:57.945267,1563,Jim Panoushs,Pro - 25,6
83,14.09-10 21:47:57.945267,1587,Carlo Marinari,Master - 4,6
83,14.09-10 21:47:57.945267,1588,Róbert László,Master - 5,6
83,14.09-10 21:47:57.945267,1589,Doru Paraschiv,Pro - 1,6
83,14.09-10 21:47:57.945267,1590,Alessandro Facchetti,Pro - 12,6
83,14.09-10 21:47:57.945267,1591,Carlos Louzeiro,Pro - 13,6
83,14.09-10 21:47:57.945267,1592,Giovanni Bertolo,Pro - 16,6
83,14.09-10 21:47:57.945267,1593,Didier Charlot,Pro - 18,6
83,14.09-10 21:47:57.945267,1615,Alejandro Hernández,Pro - 4,6
83,14.09-10 21:47:57.945267,1616,Peter Mulholland,Pro - 4,6
83,14.09-10 21:47:57.945267,1617,Pulido Quintero,Pro - 5,6
83,14.09-10 21:47:57.945267,1618,Sherry Sunderland,Pro - 5,6
83,14.09-10 21:47:57.945267,1619,Zoli Horvath,Pro - 6,6
83,14.09-10 21:47:57.945267,1620,Diogo Carrapiço,Pro - 14,6
83,14.09-10 21:47:57.945267,1621,Claudio Lima,Pro - 17,6
83,14.09-10 21:47:57.945267,1622,Julio Pereira,Pro - 19,6
83,14.09-10 21:47:57.945267,1623,Antonio Veiga,Pro - 21,6
83,14.09-10 21:47:57.945267,1624,Martin Campos,Pro - 24,6
83,14.09-10 21:47:57.945267,1643,Vladimir Marinov,Master - 3,6
83,14.09-10 21:47:57.945267,1644,Deives Costa,Pro - 1,6
83,14.09-10 21:47:57.945267,1645,João Scarcela,Pro - 2,6
83,14.09-10 21:47:57.945267,1646,Aleksej Sutkin,Pro - 3,6
83,14.09-10 21:47:57.945267,1647,Laci Hola,Pro - 4,6
83,14.09-10 21:47:57.945267,1648,Mussulin Junior,Pro - 4,6
83,14.09-10 21:47:57.945267,1649,Andrea Di Pietro,Pro - 14,6
83,14.09-10 21:47:57.945267,1650,Dominik Tóth,Pro - 15,6
83,14.09-10 21:47:57.945267,1651,Christian Wonisch,Pro - 22,6
83,14.09-10 21:47:57.945267,1652,Jon Bell,Pro - 23,6
83,14.09-10 21:47:57.945267,1653,João Afro Barros Leal,Pro - 25,6
83,14.09-10 21:47:57.945267,1654,Renan Henrique,Pro - 25,6
83,14.09-10 21:47:57.945267,1655,Marek Waleczek,Pro - 25,6
83,14.09-10 21:47:57.945267,1680,Darthson Bonassoli,Master - 5,6
83,14.09-10 21:47:57.945267,1681,Richard Molyneaux,Pro - 8,6
83,14.09-10 21:47:57.945267,1682,Sergey Bolshakov,Pro - 10,6
83,14.09-10 21:47:57.945267,1683,Cole Fainter,Pro - 12,6
83,14.09-10 21:47:57.945267,1684,Bruno Scarlata,Pro - 13,6
83,14.09-10 21:47:57.945267,1685,Walter Caballero,Pro - 17,6
83,14.09-10 21:47:57.945267,1686,Michal Andrýsekk,Pro - 20,6
83,14.09-10 21:47:57.945267,1687,Amitesh Patnaik,Pro - 24,6
83,14.09-10 21:47:57.945267,1712,Paolo Di Giuseppe,Pro - 1,6
83,14.09-10 21:47:57.945267,1713,Atli Thor Johannesson,Pro - 1,6
83,14.09-10 21:47:57.945267,1714,Guilherme Oliveira,Pro - 2,6
83,14.09-10 21:47:57.945267,1715,Massimo Baroni,Pro - 4,6
83,14.09-10 21:47:57.945267,1716,Fernando Pallas,Pro - 7,6
83,14.09-10 21:47:57.945267,1717,Kaan Dagasan,Pro - 9,6
83,14.09-10 21:47:57.945267,1718,Thomas Marx,Pro - 11,6
83,14.09-10 21:47:57.945267,1719,Paulo Carneiro,Pro - 12,6
83,14.09-10 21:47:57.945267,1720,Gergely Kondár,Pro - 14,6
83,14.09-10 21:47:57.945267,1721,Marcio Klaus,Pro - 15,6
83,14.09-10 21:47:57.945267,1722,Márcio Portuga,Pro - 17,6
83,14.09-10 21:47:57.945267,1723,Fred Vautrin,Pro - 18,6
83,14.09-10 21:47:57.945267,1724,Čeněk Urvalfiltr,Pro - 21,6
83,14.09-10 21:47:57.945267,1725,Nilson Pina,Pro - 22,6
83,14.09-10 21:47:57.945267,1726,Jeremy Sarrasin,Pro - 22,6
83,14.09-10 21:47:57.945267,1727,Ivan Stojkovic,Pro - 22,6
83,14.09-10 21:47:57.945267,1728,Alex Popa,Pro - 25,6
83,14.09-10 21:47:57.945267,1755,Tomasz Mazepa,Pro - 3,6
83,14.09-10 21:47:57.945267,1756,Samoeni Albanalopolis,Pro - 6,6
83,14.09-10 21:47:57.945267,1757,Vania Duarte,Pro - 6,6
83,14.09-10 21:47:57.945267,1758,Daniel Iliev,Pro - 19,6
83,14.09-10 21:47:57.945267,1759,Diego Palacio,Pro - 20,6
83,14.09-10 21:47:57.945267,1760,Keith Whittaker,Pro - 23,6
83,14.09-10 21:47:57.945267,1761,Robin Goodey,Pro - 24,6
83,14.09-10 21:47:57.945267,1793,Micael Vinhas,Master - 2,6
83,14.09-10 21:47:57.945267,1794,Jiřina Bojanovská,Pro - 5,6
83,14.09-10 21:47:57.945267,1795,Julio Asencio,Pro - 11,6
83,14.09-10 21:47:57.945267,1796,Peter Kontra,Pro - 13,6
83,14.09-10 21:47:57.945267,1797,Mihail Morozov,Pro - 14,6
83,14.09-10 21:47:57.945267,1798,Francesco Raggio,Pro - 18,6
83,14.09-10 21:47:57.945267,1799,Neil Cole,Pro - 22,6
83,14.09-10 21:47:57.945267,1800,Ben Gladwyn,Pro - 23,6
83,14.09-10 21:47:57.945267,1801,Felipe Mafra,Pro - 23,6
83,14.09-10 21:47:57.945267,1802,Stanislav Frolov,Pro - 25,6
83,14.09-10 21:47:57.945267,1821,Simone Bianchi,Pro - 5,6
83,14.09-10 21:47:57.945267,1822,Fabio Fonzie,Pro - 5,6
83,14.09-10 21:47:57.945267,1823,Miguel Caetano,Pro - 8,6
83,14.09-10 21:47:57.945267,1824,Lucas Floriano De Souza,Pro - 13,6
83,14.09-10 21:47:57.945267,1825,Gianluca Bini,Pro - 16,6
83,14.09-10 21:47:57.945267,1826,Samuel Kou,Pro - 18,6
83,14.09-10 21:47:57.945267,1827,Deni Saja,Pro - 18,6
83,14.09-10 21:47:57.945267,1828,Andrew Lawrence,Pro - 19,6
83,14.09-10 21:47:57.945267,1829,Alexandre Martins,Pro - 25,6
83,14.09-10 21:47:57.945267,1856,Andrea Gaggino,Pro - 7,6
83,14.09-10 21:47:57.945267,1857,Eduardo Hoepers,Pro - 9,6
83,14.09-10 21:47:57.945267,1858,Giovanni Farina,Pro - 21,6
83,14.09-10 21:47:57.945267,1859,Krzysztof Betlewicz,Pro - 24,6
83,14.09-10 21:47:57.945267,1860,Craig Templeman,Pro - 25,6
83,14.09-10 21:47:57.945267,1886,Pablo Borges,Master - 4,6
83,14.09-10 21:47:57.945267,1887,Marcin Gala,Pro - 5,6
83,14.09-10 21:47:57.945267,1907,Yasin Yazici,Pro - 2,6
83,14.09-10 21:47:57.945267,1908,Joe Meal,Pro - 4,6
83,14.09-10 21:47:57.945267,1909,Antonio Guzzo,Pro - 5,6
83,14.09-10 21:47:57.945267,1910,Amato Batoni,Pro - 8,6
83,14.09-10 21:47:57.945267,1911,Matias Figuera,Pro - 12,6
83,14.09-10 21:47:57.945267,1912,Hajdú László,Pro - 12,6
83,14.09-10 21:47:57.945267,1913,Rodrigo Campos,Pro - 17,6
83,14.09-10 21:47:57.945267,1914,Adam Pilo,Pro - 20,6
83,14.09-10 21:47:57.945267,1937,Paweł Markiewicz,Pro - 5,6
83,14.09-10 21:47:57.945267,1938,Erhan Erdikmen,Pro - 9,6
83,14.09-10 21:47:57.945267,1939,Vittorio Mati,Pro - 9,6
83,14.09-10 21:47:57.945267,1940,William Pickering,Pro - 14,6
83,14.09-10 21:47:57.945267,1941,Gorka Bollo,Pro - 18,6
83,14.09-10 21:47:57.945267,1942,Jean-Maxime Trucon,Pro - 23,6
83,14.09-10 21:47:57.945267,1943,Luis Ascencio,Pro - 24,6
83,14.09-10 21:47:57.945267,1944,Maciej Rabiński,Pro - 25,6
83,14.09-10 21:47:57.945267,1970,Dejan Petrović,Master - 3,6
83,14.09-10 21:47:57.945267,1971,Francesco Fondelli,Pro - 3,6
83,14.09-10 21:47:57.945267,1972,Jesus Rebolledo,Pro - 12,6
83,14.09-10 21:47:57.945267,1973,Pedro Jose Moreno,Pro - 15,6
83,14.09-10 21:47:57.945267,1974,Pekka Kumpula,Pro - 16,6
83,14.09-10 21:47:57.945267,2009,Giuseppe Lombisani,Pro - 7,6
83,14.09-10 21:47:57.945267,2010,Mike Osintsev,Pro - 11,6
83,14.09-10 21:47:57.945267,2011,Slobodan Bulic,Pro - 18,6
83,14.09-10 21:47:57.945267,2036,Todor Mitev,Pro - 8,6
83,14.09-10 21:47:57.945267,2037,Marcos Vinicius Silva,Pro - 8,6
83,14.09-10 21:47:57.945267,2038,Roman Alatyrtsev,Pro - 10,6
83,14.09-10 21:47:57.945267,2039,Eric Bolder,Pro - 10,6
83,14.09-10 21:47:57.945267,2040,Paweł Dylewski,Pro - 11,6
83,14.09-10 21:47:57.945267,2041,Rick Queary,Pro - 11,6
83,14.09-10 21:47:57.945267,2042,Eddy Kobayashi,Pro - 13,6
83,14.09-10 21:47:57.945267,2043,Alejo Depipol,Pro - 16,6
83,14.09-10 21:47:57.945267,2044,Matheus Cordeiro,Pro - 20,6
83,14.09-10 21:47:57.945267,2045,Herve Imbert,Pro - 20,6
83,14.09-10 21:47:57.945267,2075,Salvatore Andretti,Pro - 6,6
83,14.09-10 21:47:57.945267,2076,Jonathan Flament,Pro - 12,6
83,14.09-10 21:47:57.945267,2105,Felipe Daniel,Pro - 2,6
83,14.09-10 21:47:57.945267,2106,Regis Rodrigues,Pro - 5,6
83,14.09-10 21:47:57.945267,2107,Paulo Morgado,Pro - 14,6
83,14.09-10 21:47:57.945267,2108,Yura Murashko,Pro - 18,6
83,14.09-10 21:47:57.945267,2109,Ioannis Dimitroglou,Pro - 22,6
83,14.09-10 21:47:57.945267,2141,Mike Leone,Pro - 1,6
83,14.09-10 21:47:57.945267,2142,Cristiano Gruetzmann,Pro - 5,6
83,14.09-10 21:47:57.945267,2143,Joabe Reis Silva,Pro - 12,6
83,14.09-10 21:47:57.945267,2144,Miguel Queiroz,Pro - 13,6
83,14.09-10 21:47:57.945267,2145,Vedat Tumur,Pro - 24,6
83,14.09-10 21:47:57.945267,2170,Joshua King,Pro - 1,6
83,14.09-10 21:47:57.945267,2171,Melissa Martin,Pro - 2,6
83,14.09-10 21:47:57.945267,2172,Eric Petroni,Pro - 2,6
83,14.09-10 21:47:57.945267,2173,Vitor Novo,Pro - 7,6
83,14.09-10 21:47:57.945267,2174,Róbert Orosz,Pro - 13,6
83,14.09-10 21:47:57.945267,2207,Damián Almada,Pro - 2,6
83,14.09-10 21:47:57.945267,2208,Golberto Junior,Pro - 6,6
83,14.09-10 21:47:57.945267,2209,Gianluca Andriolo,Pro - 7,6
83,14.09-10 21:47:57.945267,2210,Pedro Marques,Pro - 7,6
83,14.09-10 21:47:57.945267,2211,Hristo Kantarev,Pro - 18,6
83,14.09-10 21:47:57.945267,2212,Mark Blackwell,Pro - 24,6
83,14.09-10 21:47:57.945267,2238,Michele Balboni,Master - 3,6
83,14.09-10 21:47:57.945267,2239,Viktor Dyankov,Master - 4,6
83,14.09-10 21:47:57.945267,2240,Chris Flamion,Pro - 3,6
83,14.09-10 21:47:57.945267,2241,Marco Bergoglio,Pro - 4,6
83,14.09-10 21:47:57.945267,2242,Reimo Kochwatsch,Pro - 16,6
83,14.09-10 21:47:57.945267,2282,Plamen Iliev,Pro - 3,6
83,14.09-10 21:47:57.945267,2283,Mario Chiesa,Pro - 4,6
83,14.09-10 21:47:57.945267,2313,Sergio Tejero,Pro - 1,6
83,14.09-10 21:47:57.945267,2314,Rafael Zambrano,Pro - 1,6
83,14.09-10 21:47:57.945267,2315,Svetoslav Dimitrov,Pro - 6,6
83,14.09-10 21:47:57.945267,2316,Martin Urtubey,Pro - 6,6
83,14.09-10 21:47:57.945267,2317,Giovanni Barzaghi,Pro - 13,6
83,14.09-10 21:47:57.945267,2318,Anibal Conosciuto,Pro - 23,6
83,14.09-10 21:47:57.945267,2342,Alessandro Campanella,Master - 3,6
83,14.09-10 21:47:57.945267,2343,Nigel Donovan,Pro - 1,6
83,14.09-10 21:47:57.945267,2344,Christian Bernhard,Pro - 5,6
83,14.09-10 21:47:57.945267,2345,Fabio Maniscalco,Pro - 10,6
83,14.09-10 21:47:57.945267,2346,Luce Roso,Pro - 17,6
83,14.09-10 21:47:57.945267,2347,Marco Pomes,Pro - 18,6
83,14.09-10 21:47:57.945267,2421,Mirco Baldini,Master - 2,6
83,14.09-10 21:47:57.945267,2422,Sebastian Jóźwiak,Pro - 4,6
83,14.09-10 21:47:57.945267,2423,Simone Rossi,Pro - 10,6
83,14.09-10 21:47:57.945267,2424,Pavel Šťastný,Pro - 21,6
83,14.09-10 21:47:57.945267,2464,Denis Titov,Master - 5,6
83,14.09-10 21:47:57.945267,2465,Diogo Abdalla,Pro - 4,6
83,14.09-10 21:47:57.945267,2466,Johny Prates,Pro - 7,6
83,14.09-10 21:47:57.945267,2492,Robert Punt,Pro - 1,6
83,14.09-10 21:47:57.945267,2493,Ondřej Haška,Pro - 16,6
83,14.09-10 21:47:57.945267,2494,Filip Jadroň,Pro - 18,6
83,14.09-10 21:47:57.945267,2530,Enrico Canino,Pro - 11,6
83,14.09-10 21:47:57.945267,2531,Sergey Ryabov,Pro - 12,6
83,14.09-10 21:47:57.945267,2532,Uilton Santos,Pro - 15,6
83,14.09-10 21:47:57.945267,2533,Rafael Talaisys,Pro - 18,6
83,14.09-10 21:47:57.945267,2534,Kerem Arslanli,Pro - 21,6
83,14.09-10 21:47:57.945267,2535,Maickson Neiben,Pro - 24,6
83,14.09-10 21:47:57.945267,2570,Marek Nowak,Pro - 3,6
83,14.09-10 21:47:57.945267,2571,Miguel Ibarra,Pro - 6,6
83,14.09-10 21:47:57.945267,2572,Raffaele Bevacqua,Pro - 9,6
83,14.09-10 21:47:57.945267,2573,Alexandre Braga,Pro - 9,6
83,14.09-10 21:47:57.945267,2574,Gabriele Galanti,Pro - 11,6
83,14.09-10 21:47:57.945267,2575,Marko Paukku,Pro - 13,6
83,14.09-10 21:47:57.945267,2576,Joaquin Cardinali,Pro - 19,6
83,14.09-10 21:47:57.945267,2609,Ivan Ciric,Pro - 3,6
83,14.09-10 21:47:57.945267,2610,Frederic Estellon,Pro - 4,6
83,14.09-10 21:47:57.945267,2611,Raymon Garcia,Pro - 6,6
83,14.09-10 21:47:57.945267,2612,Eligio Celis,Pro - 7,6
83,14.09-10 21:47:57.945267,2613,Jiří Burda,Pro - 17,6
83,14.09-10 21:47:57.945267,2642,Alan Horsley,Pro - 4,5
83,14.09-10 21:47:57.945267,2643,Xavier Porta,Pro - 6,5
83,14.09-10 21:47:57.945267,2644,Wendell Kill,Pro - 20,5
83,14.09-10 21:47:57.945267,2675,Olivier Proulx,Pro - 13,5
83,14.09-10 21:47:57.945267,2676,Felype Mattos,Pro - 22,5
83,14.09-10 21:47:57.945267,2708,Paulo Neves,Master - 1,5
83,14.09-10 21:47:57.945267,2709,Jilsepe Oliveira,Pro - 1,5
83,14.09-10 21:47:57.945267,2710,Claudemar Teichmann,Pro - 1,5
83,14.09-10 21:47:57.945267,2711,Bastien Bellier,Pro - 5,5
83,14.09-10 21:47:57.945267,2739,Leo Leal,Master - 4,5
83,14.09-10 21:47:57.945267,2740,Tom Griessmann,Pro - 5,5
83,14.09-10 21:47:57.945267,2741,Jorge Hora,Pro - 5,5
83,14.09-10 21:47:57.945267,2742,Boris Schizzarotto,Pro - 18,5
83,14.09-10 21:47:57.945267,2743,Mariano Seeber,Pro - 18,5
83,14.09-10 21:47:57.945267,2772,Pablo Lopez,Pro - 12,5
83,14.09-10 21:47:57.945267,2773,Toni Söyrinki,Pro - 23,5
83,14.09-10 21:47:57.945267,2807,Alberto Osio,Pro - 7,5
83,14.09-10 21:47:57.945267,2808,Matthias Wegener,Pro - 11,5
83,14.09-10 21:47:57.945267,2809,Igor Stuparić,Pro - 15,5
83,14.09-10 21:47:57.945267,2810,Dimitrios Mitsos,Pro - 25,5
83,14.09-10 21:47:57.945267,2837,Bruno Marques,Pro - 2,5
83,14.09-10 21:47:57.945267,2838,Daniel Stack,Pro - 3,5
83,14.09-10 21:47:57.945267,2839,Antonio Celso Zambel,Pro - 25,5
83,14.09-10 21:47:57.945267,2868,Francesco Finazzi,Pro - 2,5
83,14.09-10 21:47:57.945267,2869,Jonathan Beagles,Pro - 20,5
83,14.09-10 21:47:57.945267,2901,Elvis Agassi,Pro - 2,5
83,14.09-10 21:47:57.945267,2930,Juan Farias,Pro - 12,5
83,14.09-10 21:47:57.945267,2931,Andrey Kozlov,Pro - 14,5
83,14.09-10 21:47:57.945267,2932,Sebastian Cucciardi,Pro - 20,5
83,14.09-10 21:47:57.945267,2933,Ricardo Todd,Pro - 20,5
83,14.09-10 21:47:57.945267,2965,Danismar Limoeiro,Pro - 4,5
83,14.09-10 21:47:57.945267,2966,Kyle Morby,Pro - 14,5
83,14.09-10 21:47:57.945267,3020,Giuseppe Carlomagno,Pro - 8,5
83,14.09-10 21:47:57.945267,3021,Bernardo Folhadela,Pro - 8,5
83,14.09-10 21:47:57.945267,3022,Danilo Alberghetti,Pro - 14,5
83,14.09-10 21:47:57.945267,3023,Ivica Maričević,Pro - 20,5
83,14.09-10 21:47:57.945267,3050,Leandro Hernandez,Pro - 25,5
83,14.09-10 21:47:57.945267,3083,Federico Mantica,Pro - 9,5
83,14.09-10 21:47:57.945267,3084,Fabri Silva,Pro - 20,5
83,14.09-10 21:47:57.945267,3115,Horia Garbacea,Pro - 3,5
83,14.09-10 21:47:57.945267,3139,Angelo Bassi,Pro - 19,5
83,14.09-10 21:47:57.945267,3166,Arttu Korhonen,Pro - 1,5
83,14.09-10 21:47:57.945267,3167,Fredrik Wall,Pro - 8,5
83,14.09-10 21:47:57.945267,3168,Billy Van Der Merwe,Pro - 17,5
83,14.09-10 21:47:57.945267,3169,Ville Pohjanen,Pro - 22,5
83,14.09-10 21:47:57.945267,3201,Lajos Urbán,Pro - 5,5
83,14.09-10 21:47:57.945267,3202,Manuel Sacco,Pro - 7,5
83,14.09-10 21:47:57.945267,3203,Erwin Verkade,Pro - 15,5
83,14.09-10 21:47:57.945267,3204,Shanhan Bonham,Pro - 17,5
83,14.09-10 21:47:57.945267,3234,Didier Cave,Pro - 2,5
83,14.09-10 21:47:57.945267,3235,Diego Garcia,Pro - 8,5
83,14.09-10 21:47:57.945267,3236,Wopke Hoekstra,Pro - 10,5
83,14.09-10 21:47:57.945267,3258,Cosimo Salatino,Pro - 17,5
83,14.09-10 21:47:57.945267,3259,Montes Dimemola,Pro - 22,5
83,14.09-10 21:47:57.945267,3284,Dan Currie,Pro - 18,5
83,14.09-10 21:47:57.945267,3285,Mark Eadie,Pro - 24,5
83,14.09-10 21:47:57.945267,3310,Thomas Uvyn,Pro - 7,5
83,14.09-10 21:47:57.945267,3332,Jim Becker,Pro - 8,5
83,14.09-10 21:47:57.945267,3333,Thiago Cristofolini,Pro - 14,5
83,14.09-10 21:47:57.945267,3334,Ivica Paunovic,Pro - 24,5
83,14.09-10 21:47:57.945267,3397,Liudvikas Selmistraitis,Pro - 3,5
83,14.09-10 21:47:57.945267,3398,Sebastián Acosta,Pro - 15,5
83,14.09-10 21:47:57.945267,3399,Sheldon Van Zyl,Pro - 24,5
83,14.09-10 21:47:57.945267,3426,Nicolas Grollier,Pro - 3,5
83,14.09-10 21:47:57.945267,3503,Roni Moura,Pro - 22,5
83,14.09-10 21:47:57.945267,3526,Alexander Rowlands,Pro - 4,5
83,14.09-10 21:47:57.945267,3527,Erique Souza,Pro - 7,5
83,14.09-10 21:47:57.945267,3528,Ahmad Aloulou,Pro - 12,5
83,14.09-10 21:47:57.945267,3580,Michele Brambilla,Pro - 13,5
83,14.09-10 21:47:57.945267,3581,Fabio Cavallini,Pro - 23,5
83,14.09-10 21:47:57.945267,3582,Reinaldo Beato,Pro - 25,5
83,14.09-10 21:47:57.945267,3608,Andrew Lane,Pro - 6,5
83,14.09-10 21:47:57.945267,3609,Lance Snyder,Pro - 6,5
83,14.09-10 21:47:57.945267,3674,Ryan Tyrrell,Master - 2,5
83,14.09-10 21:47:57.945267,3705,Filippo Latino,Pro - 12,5
83,14.09-10 21:47:57.945267,3775,Matthew Smith,Pro - 12,5
83,14.09-10 21:47:57.945267,3864,Josep Meyer,Pro - 22,4
83,14.09-10 21:47:57.945267,3865,Rudy Garriga,Pro - 25,4
83,14.09-10 21:47:57.945267,4039,Stefano Verderio,Pro - 17,4
83,14.09-10 21:47:57.945267,4099,Sam Le Meur,Master - 3,4
83,14.09-10 21:47:57.945267,4125,Chris Englund,Pro - 2,4
83,14.09-10 21:47:57.945267,4194,Joseph Bada,Pro - 11,4
83,14.09-10 21:47:57.945267,4212,Harri Pakosta,Pro - 22,4
83,14.09-10 21:47:57.945267,4368,Enzo Di Meo,Pro - 24,4
83,14.09-10 21:47:57.945267,4392,Alexandre Andrade,Pro - 16,4
83,14.09-10 21:47:57.945267,4503,Ricardo Vidal,Pro - 12,4
83,14.09-10 21:47:57.945267,4746,Nenad Samardžić,Pro - 20,4
83,14.09-10 21:47:57.945267,5024,Geoffrey Novais,Pro - 22,4
83,14.09-10 21:47:57.945267,5091,Naad Lamsui,Pro - 2,3
83,14.09-10 21:47:57.945267,5132,Sergio Alvarez Gutierrez,Pro - 1,3
83,14.09-10 21:47:57.945267,5594,Dmitry Kuznetsov,Pro - 20,3
83,14.09-10 21:47:57.945267,5954,Kaspar Marcus Paukson,Master - 3,3
83,14.09-10 21:47:57.945267,6024,Jonas Karalius,Pro - 18,2
83,14.09-10 21:47:57.945267,6192,Bruno Cestino,Pro - 23,2
83,14.09-10 21:47:57.945267,6201,Jeffrey Decoopman,Pro - 24,2
83,14.09-10 21:47:57.945267,6474,Mario Molina,Pro - 22,2
83,14.09-10 21:47:57.945267,6959,Michele Tramontano,Pro - 8,1
