Sezon,Wyścig,Poz.,Nazwisko,Grupa,lvl
83,13.2,1,Ania Piekarska,Elite,10
83,13.2,2,George Slater,Elite,10
83,13.2,3,Rimantas Sagatas,Elite,9
83,13.2,4,Alex Holland,Elite,9
83,13.2,5,Kristijan Mihovic,Master - 1,9
83,13.2,6,Julien Prado,Elite,9
83,13.2,7,Leandro Sereno,Elite,9
83,13.2,8,Daniele Bontempo,Elite,9
83,13.2,9,Jasper Coosemans,Elite,9
83,13.2,10,Lee Harding,Elite,9
83,13.2,11,Rafal Celejewski,Master - 5,9
83,13.2,12,Chris Adnams,Master - 5,9
83,13.2,13,Twig Fahaji,Elite,9
83,13.2,14,György Csillag,Master - 1,9
83,13.2,15,Zoltán Zelei,Pro - 16,9
83,13.2,16,Jay De Snoo,Elite,9
83,13.2,17,Chew Kai Wen,Elite,9
83,13.2,18,Roland Postle,Elite,9
83,13.2,19,Gyuri Székely,Elite,9
83,13.2,20,Pedro Moura,Master - 5,9
83,13.2,22,Miel Soeterbroek,Elite,9
83,13.2,23,Andrea Squizzato,Master - 3,9
83,13.2,24,Patryk Janczak,Master - 4,9
83,13.2,26,Pablo Fernandez,Elite,9
83,13.2,27,Simone Pasqualoni,Master - 2,9
83,13.2,28,Michal Szopinski,Master - 3,9
83,13.2,29,Andrej Rilke,Master - 2,9
83,13.2,30,Max Watson,Elite,9
83,13.2,31,Fabio Corio,Pro - 10,9
83,13.2,35,Rei Frost,Master - 2,9
83,13.2,36,Ivan Stiva,Master - 2,9
83,13.2,37,Antonio Gattulli,Elite,9
83,13.2,38,Filip Dimitrov,Pro - 25,9
83,13.2,40,Brad Marshall,Elite,9
83,13.2,41,Mato Nikic,Master - 3,9
83,13.2,42,Michel Vandecatelle,Master - 3,9
83,13.2,43,Tony Cullen,Master - 1,9
83,13.2,44,Arnas Peikstenis,Pro - 17,9
83,13.2,45,Giovanni Orecchioni,Elite,9
83,13.2,46,Bartek Nowak,Master - 1,9
83,13.2,47,Jens Frostrup,Master - 5,9
83,13.2,50,Yug Desai,Elite,9
83,13.2,52,Emil Kwiatkowski,Pro - 12,9
83,13.2,53,Alessandro Casagrande,Elite,8
83,13.2,54,Dmitry Shevel,Master - 2,8
83,13.2,55,John Ibbotson,Master - 5,8
83,13.2,58,Gustavo Bellotto,Elite,8
83,13.2,59,Michaela Källström,Elite,8
83,13.2,60,Ferenc Koncz,Master - 1,8
83,13.2,61,Guillaume Delamarre,Pro - 17,8
83,13.2,62,Cédrick Flament,Pro - 23,8
83,13.2,64,Gergő Csernátoni,Pro - 15,8
83,13.2,65,Marcin Żak,Elite,8
83,13.2,66,David Rolleston,Master - 1,8
83,13.2,67,Sergio Martinez,Pro - 9,8
83,13.2,68,Gábor Safranyik,Elite,8
83,13.2,69,Lorenzo Bongi,Master - 1,8
83,13.2,70,Olivier Portal,Master - 1,8
83,13.2,71,Andreas Ramann,Master - 5,8
83,13.2,73,Stephen Cudmore,Master - 1,8
83,13.2,74,Graham Mercer,Master - 1,8
83,13.2,75,Fabrice Renaudet,Pro - 2,8
83,13.2,76,Andrey Zhulikov,Pro - 24,8
83,13.2,77,Bert Huylebroeck,Elite,8
83,13.2,78,Matej Matrtaj,Master - 4,8
83,13.2,79,Damir Sen,Master - 4,8
83,13.2,80,Sergey Vosnesensky,Pro - 3,8
83,13.2,82,Harsh Sheth,Elite,8
83,13.2,83,Krisztián Veinperl,Master - 5,8
83,13.2,84,Luca Molendi,Elite,8
83,13.2,86,Veres Tamás,Elite,8
83,13.2,87,Kuba Szajbel,Master - 4,8
83,13.2,88,Paul Williams,Master - 4,8
83,13.2,89,Konrad Świderski,Master - 5,8
83,13.2,90,Mariusz Malczuk,Master - 5,8
83,13.2,92,Mery Lissarrague,Master - 1,8
83,13.2,93,Atis Praudins,Master - 4,8
83,13.2,95,Ilya Vedenikov,Master - 2,8
83,13.2,96,Zoltan Kormos,Pro - 25,8
83,13.2,97,Juan Diego Milán,Master - 1,8
83,13.2,98,Andrew Merkel,Master - 2,8
83,13.2,99,Bogdan Hutanu,Master - 3,8
83,13.2,100,Makis Katsoulas,Master - 3,8
83,13.2,101,Vadim Shapovalov,Master - 3,8
83,13.2,102,Sergio Fanelli,Master - 4,8
83,13.2,103,Felipe Sakai,Pro - 11,8
83,13.2,104,Andrea Oclab,Pro - 22,8
83,13.2,106,Ignacio Belatti,Elite,8
83,13.2,107,Apostolis Goutzos,Elite,8
83,13.2,108,James Boylan,Master - 1,8
83,13.2,109,Mikael Brostrom,Master - 5,8
83,13.2,110,Robert Lisik,Pro - 5,8
83,13.2,111,Martin Freeth,Pro - 11,8
83,13.2,113,Andy Goodall,Master - 2,8
83,13.2,114,Dmitry Knyazev,Master - 3,8
83,13.2,115,David Adam,Pro - 11,8
83,13.2,117,Mike Baston,Master - 1,8
83,13.2,118,Fabio Romani,Master - 1,8
83,13.2,119,Jose Filipe,Master - 2,8
83,13.2,120,Gino Zernani,Master - 5,8
83,13.2,121,Silvio Botterini,Pro - 10,8
83,13.2,122,Witek Dzid,Pro - 17,8
83,13.2,123,Ewelina Popis,Master - 5,8
83,13.2,124,Diego Espiñeira Gonzalez,Pro - 7,8
83,13.2,125,Charles Kurz,Master - 3,8
83,13.2,126,Franco Lorijn,Pro - 5,8
83,13.2,127,Béla Ormos,Pro - 17,8
83,13.2,128,Guilherme Franco,Pro - 23,8
83,13.2,130,Jan Velske,Elite,8
83,13.2,131,Ross Proud,Master - 1,8
83,13.2,132,James Hitchen,Master - 4,8
83,13.2,133,Davide Panella,Master - 4,8
83,13.2,134,Dion Staal,Pro - 1,8
83,13.2,135,Simone Bertolotto,Pro - 12,8
83,13.2,136,Johan Olsson,Pro - 14,8
83,13.2,137,Ari Rautamies,Pro - 14,8
83,13.2,138,Vladimir Islentiev,Pro - 25,8
83,13.2,139,Mariusz Kuczak,Pro - 25,8
83,13.2,141,Aleksey Odegov,Master - 2,8
83,13.2,142,Krzysztof Kasinski,Pro - 16,8
83,13.2,143,Ruslan Lukyanchuk,Pro - 16,8
83,13.2,144,Jakab Zoltan,Pro - 22,8
83,13.2,146,Aigars Vitolins,Elite,8
83,13.2,147,Thierry Le Denmat,Master - 2,8
83,13.2,148,Rafale Mizerski,Master - 3,8
83,13.2,149,Alejandro Badino,Master - 4,8
83,13.2,150,Geoffrey Stanislawski,Pro - 7,8
83,13.2,151,Troy Sheahen,Pro - 11,8
83,13.2,152,Ivan Andjelic,Pro - 20,8
83,13.2,153,Col Brown,Pro - 22,8
83,13.2,155,Andrjunja Kass,Pro - 16,8
83,13.2,156,Maja Soren,Pro - 18,8
83,13.2,157,André França,Pro - 21,8
83,13.2,158,Daniel Rosa,Pro - 23,8
83,13.2,159,Shaun Thornton,Master - 3,8
83,13.2,160,Jukka Häyhä,Pro - 3,8
83,13.2,161,Roland Jakobsson,Pro - 7,8
83,13.2,162,Pedro Jacquet,Pro - 9,8
83,13.2,163,David Vidović,Pro - 18,8
83,13.2,164,Wagner Costa,Pro - 20,8
83,13.2,165,Andreas Vigil,Pro - 23,8
83,13.2,166,Richard Luijendijk,Pro - 25,8
83,13.2,167,Michał Wilczyński,Elite,8
83,13.2,168,Artur Marczewski,Master - 1,8
83,13.2,169,Martin Britain,Master - 4,8
83,13.2,170,Geoff Atkin,Master - 5,8
83,13.2,171,Vincent Douchez,Pro - 1,8
83,13.2,172,Allecio Nagleydson,Pro - 3,8
83,13.2,173,Marcelo Ascencio,Pro - 21,8
83,13.2,174,Jani Syrjäläinen,Master - 1,8
83,13.2,175,Tim Villars,Master - 5,8
83,13.2,176,Mario Martini,Pro - 12,8
83,13.2,177,Benedetto Di Vico,Pro - 20,8
83,13.2,179,Benedetto Campobello,Elite,8
83,13.2,180,Marcin Skrzypiec,Master - 3,8
83,13.2,181,Evaldas Ruseckas,Master - 5,8
83,13.2,182,Robert Horvath,Pro - 4,8
83,13.2,183,Gavin Mackenzie,Pro - 12,8
83,13.2,184,Rem Jürgenson,Pro - 14,8
83,13.2,185,Tomek Miszczak,Master - 4,8
83,13.2,186,Ivan Silva,Pro - 1,8
83,13.2,187,Luis De Los Reyes,Pro - 21,8
83,13.2,188,Vladimir Valis,Pro - 21,8
83,13.2,191,Leonardo Franco,Master - 2,8
83,13.2,192,Eduardo Sanchez Carenzo,Master - 5,8
83,13.2,193,Ricky Silva,Master - 5,8
83,13.2,194,Carlos Miola,Pro - 3,8
83,13.2,195,Tony Colangelo,Pro - 6,8
83,13.2,196,Matas Karanavicius,Pro - 10,8
83,13.2,197,Jonas Žaldokas,Pro - 16,8
83,13.2,198,Oriol Pardo,Pro - 19,8
83,13.2,205,Mindaugas Bauža,Master - 2,8
83,13.2,206,Roberto Borgato,Pro - 11,8
83,13.2,207,Luis Ferreira,Pro - 14,8
83,13.2,208,Branislav Hrnjak,Pro - 17,8
83,13.2,209,József Gyuricza,Pro - 19,8
83,13.2,210,Arnoldas Arnisgd,Pro - 22,8
83,13.2,211,Marek Wasilewski,Pro - 24,8
83,13.2,213,András Bozóti,Master - 2,8
83,13.2,214,Adam Wierzba,Master - 2,8
83,13.2,215,Andrea Amich,Master - 4,8
83,13.2,216,Ahmet Kirnik,Master - 4,8
83,13.2,217,Svetlana Shapovalova,Master - 4,8
83,13.2,218,Marcus Sandberg,Pro - 5,8
83,13.2,219,Goran Slunjski,Pro - 13,8
83,13.2,220,Leonardo Caceres,Pro - 17,8
83,13.2,221,Robert Lee,Pro - 17,8
83,13.2,223,Bruno Caseiro,Elite,8
83,13.2,224,William Day,Master - 1,8
83,13.2,225,Stefan Gommans,Master - 2,8
83,13.2,226,Miroslav Minchev,Master - 3,8
83,13.2,227,Sharma Vivek,Master - 3,8
83,13.2,228,Nuno Vicente,Master - 4,8
83,13.2,229,Tomasz Siwiec,Pro - 13,8
83,13.2,230,Stefano Duo,Pro - 16,8
83,13.2,231,Mihály Székely,Pro - 17,8
83,13.2,232,Marcin Calmen,Pro - 19,8
83,13.2,236,Wouter Teuwen,Elite,8
83,13.2,237,Jason Daughty,Master - 3,8
83,13.2,238,Mauro Schumacher,Master - 3,8
83,13.2,239,Luiz Rocha,Pro - 2,8
83,13.2,240,Alexandre Marcelino,Pro - 19,8
83,13.2,241,Christoph Schöning,Master - 5,8
83,13.2,242,Dominiek Van West,Master - 5,8
83,13.2,243,Luis Lino,Pro - 10,8
83,13.2,244,Marcin Grajek,Pro - 15,8
83,13.2,245,Gábor Besenyi,Pro - 19,8
83,13.2,246,Gianluca Nanni,Pro - 20,8
83,13.2,249,Dieter Nix,Master - 4,8
83,13.2,250,Rafal Lotkowski,Pro - 5,8
83,13.2,251,Sergio Porta,Pro - 6,8
83,13.2,252,Gerardo Antonio Cecere,Pro - 17,8
83,13.2,253,José Abi Jaudi,Pro - 19,8
83,13.2,254,Dimitris Orfanos,Pro - 19,8
83,13.2,255,Jánosné Horvath,Pro - 20,8
83,13.2,256,Rauno Tammel,Pro - 21,8
83,13.2,257,Hrvoje Jošić,Pro - 24,8
83,13.2,262,Armenio Santos,Master - 2,8
83,13.2,263,Marco Longo,Master - 3,8
83,13.2,264,Raimonds Urtāns,Master - 3,8
83,13.2,265,Mihail Golovanov,Master - 4,8
83,13.2,266,Guilherme Henrique,Pro - 1,8
83,13.2,267,Shersh Khandelwal,Pro - 11,8
83,13.2,268,Rory Collins,Pro - 15,8
83,13.2,269,Dani Fekete,Pro - 15,8
83,13.2,270,Gokhan Özkan,Pro - 16,8
83,13.2,271,Rudy Szafraniec,Pro - 17,8
83,13.2,272,Helmut Heiter,Master - 2,8
83,13.2,273,Martti Kaasik,Master - 2,8
83,13.2,274,Daniela Pisa,Master - 4,8
83,13.2,275,Jody Parker,Pro - 1,8
83,13.2,276,Mert Büyükakar,Pro - 2,8
83,13.2,277,Antonio Fragoso,Pro - 2,8
83,13.2,278,Eddie Goodall,Pro - 12,8
83,13.2,279,Alexis Adams,Pro - 15,8
83,13.2,280,Chris Williamson,Pro - 17,8
83,13.2,281,Daniel Palma,Pro - 19,8
83,13.2,282,Ayman Daher,Pro - 20,8
83,13.2,283,Yassine Ben Rajeb,Pro - 22,8
83,13.2,286,Joachim Rang,Elite,7
83,13.2,287,Sebastian Cangaro,Pro - 2,7
83,13.2,288,Paul Brandt,Pro - 9,7
83,13.2,289,Barna Tóth,Pro - 11,7
83,13.2,290,Patricija Ovcharenko,Pro - 13,7
83,13.2,291,Asdrúbal Corral,Pro - 15,7
83,13.2,292,Viktor Kocsi,Pro - 15,7
83,13.2,293,Jussi Mäenpää,Pro - 20,7
83,13.2,296,Onur Guardian,Master - 2,7
83,13.2,297,Pete Lohvansuu,Master - 2,7
83,13.2,298,Stephen Rawson,Master - 3,7
83,13.2,299,Ahoorda Lelou,Master - 4,7
83,13.2,300,Antonio Adolpho Pereira,Pro - 4,7
83,13.2,301,Ville Kukkonen,Pro - 8,7
83,13.2,302,Zoltán Kiss,Pro - 11,7
83,13.2,303,Andrea Marra,Pro - 11,7
83,13.2,304,Michal Andrýsekk,Pro - 20,7
83,13.2,305,Thomas Geißler,Pro - 20,7
83,13.2,308,Daniel Omaña,Master - 1,7
83,13.2,309,Nikola Jancic,Master - 3,7
83,13.2,310,Torge Thorsson,Pro - 7,7
83,13.2,311,Tomasz Boryczka,Pro - 9,7
83,13.2,312,Sergei Mitrahovich,Pro - 16,7
83,13.2,313,Arnaud Religieux,Pro - 16,7
83,13.2,314,Tom Seib,Pro - 25,7
83,13.2,317,Pavel Pobirovski,Master - 1,7
83,13.2,318,Gergely Pesthy,Master - 3,7
83,13.2,319,Josh Clark,Master - 4,7
83,13.2,320,Massimo D'amico,Pro - 1,7
83,13.2,321,Joss Giraud,Pro - 10,7
83,13.2,322,Joan Centellas,Pro - 12,7
83,13.2,323,Dejan Makor,Pro - 12,7
83,13.2,324,Marlon Feltrin Jeremias,Pro - 15,7
83,13.2,325,Torsten Wilke,Pro - 18,7
83,13.2,326,Markus Korppi,Pro - 25,7
83,13.2,327,Luca Sora,Master - 1,7
83,13.2,328,Jorge Bento,Master - 5,7
83,13.2,329,Alon Malul,Master - 5,7
83,13.2,330,Greg Byrnes-mikelsons,Pro - 1,7
83,13.2,331,Maurício Jackson,Pro - 3,7
83,13.2,332,Ihor Rusnak,Pro - 3,7
83,13.2,333,Daniel Woodhouse,Pro - 4,7
83,13.2,334,Max Scorinoff,Pro - 8,7
83,13.2,335,Thiago Bento,Pro - 13,7
83,13.2,336,Attila Kvanta,Pro - 13,7
83,13.2,337,Mateus Lima,Pro - 13,7
83,13.2,338,Florian Berger,Pro - 14,7
83,13.2,339,Rogério Araken,Pro - 15,7
83,13.2,340,Dejan Svajner,Pro - 18,7
83,13.2,341,Frederic Van Rossum,Pro - 21,7
83,13.2,342,Ivan Schegloa,Pro - 24,7
83,13.2,349,Claudio Laguna,Master - 3,7
83,13.2,350,Aleksandr Gerassimtsik,Master - 4,7
83,13.2,351,Kamal Naoui,Master - 4,7
83,13.2,352,Michail Ivanov,Master - 5,7
83,13.2,353,Ahmet Sonverdi,Master - 5,7
83,13.2,354,Nicoletta Donadoni,Pro - 6,7
83,13.2,355,Keith Clark,Pro - 10,7
83,13.2,356,Oscar Maddonni,Pro - 10,7
83,13.2,357,Johan Swanepoel,Pro - 12,7
83,13.2,358,Emīls Ribaks,Pro - 13,7
83,13.2,360,Christian Biancu,Master - 2,7
83,13.2,361,Vladimir Jelicic,Master - 2,7
83,13.2,362,Sverri Johansen,Master - 2,7
83,13.2,363,Arnaud de Marneffe,Master - 3,7
83,13.2,364,Guille García,Pro - 5,7
83,13.2,365,Zrinyi Szilárd,Pro - 8,7
83,13.2,366,Daniel Santos,Pro - 10,7
83,13.2,367,Adrian Heuchert,Pro - 13,7
83,13.2,368,Nuno Santos,Pro - 14,7
83,13.2,369,Mihai Daroczi,Pro - 15,7
83,13.2,370,Sebastien Sailliot,Pro - 16,7
83,13.2,371,James Berriman,Pro - 17,7
83,13.2,372,Duong Cuong,Pro - 17,7
83,13.2,373,Gabriele Tumminello,Pro - 18,7
83,13.2,374,Fabio Lopez,Pro - 20,7
83,13.2,375,Çağrı Karaağaç,Pro - 21,7
83,13.2,376,Fabrice Van Damme,Pro - 21,7
83,13.2,377,Mack Cotton,Pro - 22,7
83,13.2,378,Marcelo Franco,Pro - 24,7
83,13.2,379,Daniel Čech,Pro - 25,7
83,13.2,387,Roman Maksimenkov,Master - 5,7
83,13.2,388,Tiago Almeida,Pro - 1,7
83,13.2,389,Jaroslav Boruvka,Pro - 3,7
83,13.2,390,Pieterjan Staessen,Pro - 3,7
83,13.2,391,Karol Mazurek,Pro - 8,7
83,13.2,392,John Arthur,Pro - 10,7
83,13.2,393,Sebastian Stenius,Pro - 11,7
83,13.2,394,Karol Opoka,Pro - 12,7
83,13.2,395,Mirsad Pazari,Pro - 14,7
83,13.2,396,Mindaugas Kuodys,Pro - 15,7
83,13.2,397,Pál Baracsi,Pro - 19,7
83,13.2,398,Floris Maljers,Pro - 20,7
83,13.2,399,Matthieu Portal,Pro - 20,7
83,13.2,407,Mantas Sestokas,Master - 2,7
83,13.2,408,Paweł Zaburski,Master - 4,7
83,13.2,409,Mateusz Włodarczyk,Pro - 4,7
83,13.2,410,Giorgio Aspesi,Pro - 11,7
83,13.2,411,David Cabral,Pro - 11,7
83,13.2,412,Branislav Mihic,Pro - 11,7
83,13.2,413,Jim Norton,Pro - 14,7
83,13.2,414,Craig McLean,Pro - 16,7
83,13.2,415,Lukas Pilka,Pro - 16,7
83,13.2,416,Mick Ridley,Pro - 16,7
83,13.2,417,Martin Kuzov,Pro - 18,7
83,13.2,418,Donatas Rutkauskas,Pro - 18,7
83,13.2,419,Dex Vici,Pro - 23,7
83,13.2,420,Dean Francis,Pro - 24,7
83,13.2,426,Michael Keeney,Master - 1,7
83,13.2,427,Filipe Miguel,Master - 2,7
83,13.2,428,Edwin Silva,Master - 2,7
83,13.2,429,Joachim Vaes,Master - 2,7
83,13.2,430,Pablo Ramirez,Master - 4,7
83,13.2,431,Dominique Jean,Master - 5,7
83,13.2,432,Michell Coredeiro,Pro - 11,7
83,13.2,433,Arnaud Ferraris,Pro - 14,7
83,13.2,434,Paulo Maia,Pro - 14,7
83,13.2,435,Jônatas Paiva,Pro - 16,7
83,13.2,436,Adrian Skrobiński,Pro - 17,7
83,13.2,437,Michał Sułek,Pro - 22,7
83,13.2,438,Dariusz Borysiewicz,Pro - 24,7
83,13.2,446,Andrea Cussigh,Master - 5,7
83,13.2,447,Andrew Green,Pro - 1,7
83,13.2,448,Andrei Daroczi,Pro - 3,7
83,13.2,449,Fabián Ré,Pro - 4,7
83,13.2,450,Rodrigo Rocha,Pro - 8,7
83,13.2,451,Duarte Madrugo,Pro - 10,7
83,13.2,452,Suat Gültekin,Pro - 20,7
83,13.2,453,José Mario Alonso Alonso,Pro - 22,7
83,13.2,454,Francisco Arce,Pro - 22,7
83,13.2,455,Philippe Laude,Pro - 23,7
83,13.2,456,Ivan Ivanov,Pro - 25,7
83,13.2,465,Tomi Kaartinen,Master - 1,7
83,13.2,466,Svajūnas Mikšta,Master - 2,7
83,13.2,467,Tommaso Petri,Pro - 4,7
83,13.2,468,István Varga,Pro - 5,7
83,13.2,469,Marco Conti,Pro - 6,7
83,13.2,470,Piotr Łabenda,Pro - 12,7
83,13.2,471,Ezequiel Palletti,Pro - 12,7
83,13.2,472,Stefan Krustev,Pro - 15,7
83,13.2,473,Fabricio Ramos,Pro - 15,7
83,13.2,474,Burak Alaydın,Pro - 16,7
83,13.2,475,Geir Pukk,Pro - 18,7
83,13.2,476,Giannis Kiriakidis,Pro - 21,7
83,13.2,477,Attila Gore,Pro - 25,7
83,13.2,487,Alvaro Dantas Aron,Master - 1,7
83,13.2,488,Kuba Gułajewski,Master - 1,7
83,13.2,489,Jovan Milic,Master - 1,7
83,13.2,490,Jérôme Duluard,Master - 5,7
83,13.2,491,Arkadiusz Nicewicz,Master - 5,7
83,13.2,492,Alex Alonso,Pro - 3,7
83,13.2,493,Sergio Ruiz,Pro - 5,7
83,13.2,494,Stephane Verly,Pro - 5,7
83,13.2,495,Márton Martin Safranyik,Pro - 6,7
83,13.2,496,Tianhao Chen,Pro - 7,7
83,13.2,497,Nathan Ribeiro,Pro - 9,7
83,13.2,498,Patrick Gauthier,Pro - 10,7
83,13.2,499,Fredrik Ahlin,Pro - 13,7
83,13.2,500,Roman Ischenko,Pro - 16,7
83,13.2,501,Mirko Bertotti,Pro - 19,7
83,13.2,502,Steffen Holm,Pro - 19,7
83,13.2,503,Ronald Arcia,Pro - 21,7
83,13.2,504,Łukasz Rutkowski,Pro - 21,7
83,13.2,505,Marcelo Rodrigues,Pro - 22,7
83,13.2,506,Mauricio Angelucci,Pro - 23,7
83,13.2,507,Roberto Schiavelli,Pro - 23,7
83,13.2,508,Vasilis Zoumpi,Pro - 23,7
83,13.2,509,Michael Monaco,Pro - 24,7
83,13.2,510,Artur Sikora,Pro - 24,7
83,13.2,517,Valter Andreiev,Master - 1,7
83,13.2,518,Tamás Tóth,Master - 1,7
83,13.2,519,Imre Antos,Master - 3,7
83,13.2,520,Alexandre Jardim,Pro - 3,7
83,13.2,521,Damir Martinjak,Pro - 6,7
83,13.2,522,Joscha Büllesbach,Pro - 9,7
83,13.2,523,Dávid Sifka,Pro - 9,7
83,13.2,524,Grzegorz Buczkowski,Pro - 10,7
83,13.2,525,Diogo Schwinn,Pro - 14,7
83,13.2,526,Florin Ionut,Pro - 15,7
83,13.2,527,Petr Šimůnek,Pro - 19,7
83,13.2,528,Andres Duffey,Pro - 20,7
83,13.2,529,Szilvia Gaál,Pro - 21,7
83,13.2,530,Norbert Páldeák,Pro - 21,7
83,13.2,531,Gary Mullins,Pro - 24,7
83,13.2,532,Ivanin Ivanov,Pro - 25,7
83,13.2,544,Alex Ilushenko,Master - 2,7
83,13.2,545,Alexandra Silva,Master - 3,7
83,13.2,546,Fernando Sosa,Master - 3,7
83,13.2,547,Alfonso Ridolfo,Master - 4,7
83,13.2,548,Abdullah Kasapoglu,Master - 5,7
83,13.2,549,Philippe Taffonneau,Pro - 4,7
83,13.2,550,Timur Sharafullin,Pro - 6,7
83,13.2,551,Roman Sobotka,Pro - 6,7
83,13.2,552,Gabor Herna,Pro - 9,7
83,13.2,553,Jozef Lesay,Pro - 9,7
83,13.2,554,Else Rene,Pro - 9,7
83,13.2,555,Sebastian Lochmann,Pro - 14,7
83,13.2,556,Martin Pospíšil,Pro - 15,7
83,13.2,557,Ivaylo Tanev,Pro - 21,7
83,13.2,558,Jared Grabski,Pro - 23,7
83,13.2,564,Ilya Shiv,Pro - 2,7
83,13.2,565,Luca Dal Sacco,Pro - 3,7
83,13.2,566,Luis Gustavo,Pro - 4,7
83,13.2,567,Carlos Said Cabrera,Pro - 6,7
83,13.2,568,Mandar Kale,Pro - 15,7
83,13.2,569,Alexandre Resende,Pro - 18,7
83,13.2,570,Zdravko Subakov,Pro - 19,7
83,13.2,571,Kris Kilsby,Pro - 23,7
83,13.2,572,Szilkó Szoboszlai,Pro - 23,7
83,13.2,578,Dávid Guti,Master - 2,7
83,13.2,579,Andrew Massey,Master - 2,7
83,13.2,580,Farcy Génel,Master - 3,7
83,13.2,581,Bachtiar Mahardhika,Master - 5,7
83,13.2,582,Turan Metin,Master - 5,7
83,13.2,583,László Tóth,Pro - 2,7
83,13.2,584,Maurício Linhares,Pro - 3,7
83,13.2,585,Cristian Cattaneo,Pro - 4,7
83,13.2,586,Lazar Petkovic,Pro - 4,7
83,13.2,587,Tim Wagner,Pro - 6,7
83,13.2,588,Cristina Demeo,Pro - 8,7
83,13.2,589,Andrej Novák,Pro - 9,7
83,13.2,590,Antonio Palazzo,Pro - 10,7
83,13.2,591,Nikolai Nikolov,Pro - 13,7
83,13.2,592,Miguel Bain,Pro - 15,7
83,13.2,593,Stefano Fort,Pro - 19,7
83,13.2,594,Luke Frost,Pro - 20,7
83,13.2,595,Louis Hamilton,Pro - 20,7
83,13.2,596,Carlos Esparza,Pro - 21,7
83,13.2,597,Ernestas Kalašinskas,Pro - 21,7
83,13.2,598,Maciej Młynek,Pro - 22,7
83,13.2,609,David Smith,Master - 1,7
83,13.2,610,Wouter Kirstein,Master - 2,7
83,13.2,611,Valeri Krustev,Master - 3,7
83,13.2,612,Alberto Pérez,Master - 3,7
83,13.2,613,Bindics Róbert,Master - 4,7
83,13.2,614,Aleksey Kondratenko,Pro - 1,7
83,13.2,615,Jorge Luiz Filho,Pro - 2,7
83,13.2,616,David Brennan,Pro - 5,7
83,13.2,617,Maurizio Faccin,Pro - 5,7
83,13.2,618,Cioponea Viorel,Pro - 5,7
83,13.2,619,Amílcar Gomes,Pro - 6,7
83,13.2,620,André Henriques,Pro - 6,7
83,13.2,621,Daniel Pérez,Pro - 6,7
83,13.2,622,Stoycho Stoychev,Pro - 8,7
83,13.2,623,Konrad Lasak,Pro - 11,7
83,13.2,624,Edmundas Urbonas,Pro - 14,7
83,13.2,625,Marius Slavinskas,Pro - 15,7
83,13.2,626,Brice Meyer,Pro - 16,7
83,13.2,627,Valnyris Tejet,Pro - 17,7
83,13.2,628,Péter Veszprémi,Pro - 18,7
83,13.2,629,Mark Jeacock,Pro - 24,7
83,13.2,636,Matías Almada,Pro - 2,7
83,13.2,637,Mikko Heikkinen,Pro - 5,7
83,13.2,638,Andrea Iacoponi,Pro - 5,7
83,13.2,639,Filip Cristian,Pro - 7,7
83,13.2,640,Artur Terezan,Pro - 7,7
83,13.2,641,Cornelius Alexandru,Pro - 9,7
83,13.2,642,Alexander Cant,Pro - 9,7
83,13.2,643,Rasmus Hove,Pro - 9,7
83,13.2,644,Rebecca Nanni,Pro - 12,7
83,13.2,645,Vít Kunc,Pro - 15,7
83,13.2,646,Nikoletta Posvancz,Pro - 15,7
83,13.2,647,Andrei Vădineanu,Pro - 18,7
83,13.2,648,Frederik Broux,Pro - 19,7
83,13.2,649,Jaime Gomez,Pro - 20,7
83,13.2,650,Karel Poláček,Pro - 24,7
83,13.2,662,Dmitrij Polikarpov,Master - 1,7
83,13.2,663,Ioannis Kalogirou,Master - 4,7
83,13.2,664,Predrag Marmut,Master - 5,7
83,13.2,665,Carlos Inácio,Pro - 1,7
83,13.2,666,Marius Valentin Brutaru,Pro - 2,7
83,13.2,667,Michael Beltramelli,Pro - 3,7
83,13.2,668,Mauro Saccoccia,Pro - 10,7
83,13.2,669,Dmitri Kondrat,Pro - 13,7
83,13.2,670,Dusan Sevarlic,Pro - 13,7
83,13.2,671,Álvaro Alvarinho,Pro - 17,7
83,13.2,672,Andreas Weilemann,Pro - 19,7
83,13.2,673,Giovanni Mazzanati,Pro - 21,7
83,13.2,674,Matthew Wheeler,Pro - 22,7
83,13.2,675,Stefano Solinas,Pro - 23,7
83,13.2,676,Johannes Haaparanta,Pro - 24,7
83,13.2,682,Davide Lorenzini,Elite,7
83,13.2,683,Mark Pinnick,Master - 2,7
83,13.2,684,Brigitta Balázsi,Master - 3,7
83,13.2,685,Daniel Andrade,Master - 4,7
83,13.2,686,David Michler,Master - 4,7
83,13.2,687,Martin Frei,Pro - 1,7
83,13.2,688,Martin Irla,Pro - 1,7
83,13.2,689,Bora Janić,Pro - 4,7
83,13.2,690,Remco Siemes,Pro - 4,7
83,13.2,691,Jesús Torres,Pro - 5,7
83,13.2,692,Bruna Carneiro,Pro - 8,7
83,13.2,693,Renato Ribeiro,Pro - 10,7
83,13.2,694,Gabor Horvath,Pro - 11,7
83,13.2,695,Stéphane Rombaux,Pro - 14,7
83,13.2,696,Zahid Özkara,Pro - 16,7
83,13.2,697,Eduard Gindullin,Pro - 19,7
83,13.2,698,Eleutério Sousa,Pro - 19,7
83,13.2,699,Leonardo Fiorotto,Pro - 20,7
83,13.2,700,Jorge Jury,Pro - 25,7
83,13.2,710,Emmanuel Manfre,Master - 1,7
83,13.2,711,Joel Viitikko,Master - 3,7
83,13.2,712,Martin Rosina,Pro - 1,7
83,13.2,713,David Antonio Bovolon,Pro - 2,7
83,13.2,714,Vencislav Stefanov,Pro - 2,7
83,13.2,715,Erkin Aksoy,Pro - 3,7
83,13.2,716,Marco Basilico,Pro - 6,7
83,13.2,717,Mark Iverson,Pro - 6,7
83,13.2,718,Lili Oroszlán,Pro - 7,7
83,13.2,719,Alex Tolmar,Pro - 7,7
83,13.2,720,Filippo Gino,Pro - 9,7
83,13.2,721,Eugene Timchenko,Pro - 12,7
83,13.2,722,Oleksa Vyshnivsky,Pro - 12,7
83,13.2,723,Tomas Balsevicius,Pro - 15,7
83,13.2,724,Miguel Rosso,Pro - 15,7
83,13.2,725,Jhon Alexander Osorno Alvarez,Pro - 17,7
83,13.2,726,Nicolás Soto,Pro - 17,7
83,13.2,727,Ciccio Pappalardo,Pro - 20,7
83,13.2,728,Rafael Bermejo,Pro - 21,7
83,13.2,729,Ankush Gupta,Pro - 21,7
83,13.2,730,Zivanovic Nikola,Pro - 22,7
83,13.2,731,Kirsty Ridley,Pro - 23,7
83,13.2,739,Timo Meyer,Master - 5,7
83,13.2,740,Lazaros Spiliopoulos,Pro - 1,7
83,13.2,741,Gonzalo Nieto,Pro - 4,7
83,13.2,742,André Ahlberg,Pro - 8,7
83,13.2,743,Victor Baia,Pro - 9,7
83,13.2,744,Paweł Piętka,Pro - 9,7
83,13.2,745,Eduardo Zolin,Pro - 10,7
83,13.2,746,Salvatore Di Meo,Pro - 12,7
83,13.2,747,Lucas Santiago,Pro - 18,7
83,13.2,748,Roberto Schumacher,Pro - 20,7
83,13.2,749,Dmitrij Soldatenkov,Pro - 20,7
83,13.2,750,Joel Christman,Pro - 23,7
83,13.2,765,Ivars Vilks,Master - 4,7
83,13.2,766,Sanjay Ashok Kumar,Pro - 2,7
83,13.2,767,Patrick Hertach,Pro - 2,7
83,13.2,768,Mauro Pisani,Pro - 2,7
83,13.2,769,Pablo Venini,Pro - 2,7
83,13.2,770,Laurie Grant,Pro - 4,7
83,13.2,771,Edinson Antonio,Pro - 6,7
83,13.2,772,Quentin Gonzalez,Pro - 7,7
83,13.2,773,Calum MacKinnon,Pro - 10,7
83,13.2,774,Patrice Haas,Pro - 14,7
83,13.2,775,Diogo Xavier Santos,Pro - 15,7
83,13.2,776,Victor Chernyshev,Pro - 16,7
83,13.2,777,Francesco Dolci,Pro - 17,7
83,13.2,778,Tamás Papdi,Pro - 19,7
83,13.2,779,Frédéric Pierret,Pro - 21,7
83,13.2,780,Harno Lé,Pro - 23,7
83,13.2,781,Pedro Correia,Pro - 24,7
83,13.2,799,Patrick Urlings,Master - 2,7
83,13.2,800,Leandro Carvalho,Master - 3,7
83,13.2,801,Paola Bellocco,Pro - 6,7
83,13.2,802,Rodrigo Marino,Pro - 7,7
83,13.2,803,Emo Hristov,Pro - 8,7
83,13.2,804,Francesco Cairola,Pro - 14,7
83,13.2,805,Philippe Peyroche,Pro - 21,7
83,13.2,806,Károly Pintér,Pro - 22,7
83,13.2,807,Bernard Bontjer,Pro - 23,7
83,13.2,808,Dimitry Korotunenko,Pro - 23,7
83,13.2,825,Jacopo Albertini,Master - 1,7
83,13.2,826,Thomas Bertolino,Master - 1,7
83,13.2,827,Richard Waugh,Master - 3,7
83,13.2,828,Ken Neihart,Master - 4,7
83,13.2,829,Tom Hewer,Pro - 2,7
83,13.2,830,David Hoz,Pro - 2,7
83,13.2,831,Roberto Schiavoni,Pro - 3,7
83,13.2,832,Grzegorz Laszczewski,Pro - 4,7
83,13.2,833,Sante Severini,Pro - 4,7
83,13.2,834,Wagner Miranda,Pro - 5,7
83,13.2,835,Jerome Godet,Pro - 8,7
83,13.2,836,Mael Grosjean,Pro - 8,7
83,13.2,837,Dimítris Athinaíos,Pro - 9,7
83,13.2,838,Dirk Sperling,Pro - 9,7
83,13.2,839,Alin Berescu,Pro - 13,7
83,13.2,840,Níkos Mpalkámos,Pro - 19,7
83,13.2,841,Juan Carlos Sánchez,Pro - 21,7
83,13.2,842,Milos Markovic,Pro - 22,7
83,13.2,843,Valentino Receputi,Pro - 23,7
83,13.2,844,Alihan Zor,Pro - 23,7
83,13.2,855,Ivo Ivanov,Master - 1,7
83,13.2,856,Damir Kalaev,Master - 1,7
83,13.2,857,Matheus Senna Ramos,Master - 5,7
83,13.2,858,Nastia Mikulenak,Pro - 2,7
83,13.2,859,Jaime Rufas,Pro - 2,7
83,13.2,860,Dóró Gábor,Pro - 7,7
83,13.2,861,Róbert Jakó,Pro - 7,7
83,13.2,862,Pablo Pereira,Pro - 7,7
83,13.2,863,Giacomo James Devilman,Pro - 9,7
83,13.2,864,Ugo Venturi,Pro - 9,7
83,13.2,865,Victor Nekrasov,Pro - 10,7
83,13.2,866,Reece Laundon,Pro - 12,7
83,13.2,867,Alexandru Ionut,Pro - 13,7
83,13.2,868,Kshitij Sharma,Pro - 13,7
83,13.2,869,Leonardo Araújo,Pro - 14,7
83,13.2,870,Gastón Paris,Pro - 15,7
83,13.2,871,Roland Balog,Pro - 16,7
83,13.2,872,Ricardo Silva,Pro - 16,7
83,13.2,873,Tadeu Bolzan,Pro - 18,7
83,13.2,874,Michael Zenger,Pro - 18,7
83,13.2,875,Richard Hrmo,Pro - 19,7
83,13.2,876,Davy Van Den Abbeele,Pro - 19,7
83,13.2,877,Matheus Gemignani,Pro - 21,7
83,13.2,878,Gideon Rosa,Pro - 21,7
83,13.2,879,Orlin Popov,Pro - 22,7
83,13.2,880,Silvestre Fonseca,Pro - 23,7
83,13.2,881,David de la Hoz,Pro - 24,7
83,13.2,888,Toni Kazanjyan,Master - 3,7
83,13.2,889,Mark Philips,Master - 4,7
83,13.2,890,Iulian Brutaru,Pro - 1,7
83,13.2,891,Kyle Morris,Pro - 3,7
83,13.2,892,Vincent Baguet,Pro - 4,7
83,13.2,893,Zsolt Varga,Pro - 5,7
83,13.2,894,Sergey Kozlenko,Pro - 6,7
83,13.2,895,Vitaliy Repetsky,Pro - 7,7
83,13.2,896,Geovane Ribeiro,Pro - 8,7
83,13.2,897,Nikolaï Samarine,Pro - 8,7
83,13.2,898,Kevinas Breive,Pro - 9,7
83,13.2,899,Máximo Dolz,Pro - 9,7
83,13.2,900,Kuba Debiec,Pro - 10,7
83,13.2,901,Bruno Dias,Pro - 11,7
83,13.2,902,Javier Bruschi,Pro - 13,7
83,13.2,903,Domien Luts,Pro - 13,7
83,13.2,904,Bill Mesaros,Pro - 13,7
83,13.2,905,Sito Haus,Pro - 14,7
83,13.2,906,Sergio Severino,Pro - 15,7
83,13.2,907,Nicolas Tonelli,Pro - 16,7
83,13.2,908,Nick Tsagarakis,Pro - 22,7
83,13.2,909,Fred Hauser,Pro - 23,7
83,13.2,910,Olli Tamminen,Pro - 24,7
83,13.2,911,Mika Ruutiainen,Pro - 25,7
83,13.2,931,Franco Sandoval,Pro - 2,7
83,13.2,932,Yiánnis Lólas,Pro - 3,7
83,13.2,933,Samuele Raco,Pro - 4,7
83,13.2,934,Francesco Cambi,Pro - 6,7
83,13.2,935,Paulo Varela,Pro - 7,7
83,13.2,936,Gyula Kalmár,Pro - 8,7
83,13.2,937,Gilles Ritiere,Pro - 8,7
83,13.2,938,Cezary Skonieczny,Pro - 8,7
83,13.2,939,Mateusz Górny,Pro - 12,7
83,13.2,940,Marko Dragojević,Pro - 14,7
83,13.2,941,Valerio Cirri,Pro - 15,7
83,13.2,942,Michele Jannone,Pro - 15,7
83,13.2,943,Marcelo Tavares,Pro - 16,7
83,13.2,944,Gabriel Miranda,Pro - 18,7
83,13.2,945,Victor Fabiano,Pro - 20,7
83,13.2,946,Theodosis Vogiatzis,Pro - 20,7
83,13.2,947,Lucas Araujo,Pro - 21,7
83,13.2,948,Allan Stockinger,Pro - 22,7
83,13.2,949,József Szente,Pro - 25,7
83,13.2,961,Mika Pekkarinen,Master - 2,7
83,13.2,962,Zoltán Kucora,Pro - 2,7
83,13.2,963,Santiago Chaher,Pro - 4,7
83,13.2,964,Bill Vasilonikolos,Pro - 4,7
83,13.2,965,Taco Albers,Pro - 7,7
83,13.2,966,Gabriel Trentini,Pro - 7,7
83,13.2,967,Tobias Ernesto Pessotano,Pro - 9,7
83,13.2,968,Paulo Peralta,Pro - 10,7
83,13.2,969,Jimmy Severini,Pro - 11,7
83,13.2,970,Juliano Berti,Pro - 17,7
83,13.2,971,Adriano Barbosa,Pro - 18,7
83,13.2,972,Tihamér Pál,Pro - 18,7
83,13.2,973,Peter Nile,Pro - 24,7
83,13.2,974,László Kovácsi,Pro - 25,7
83,13.2,975,Marco Memoria,Pro - 25,7
83,13.2,984,Stephane Pioger,Pro - 1,7
83,13.2,985,Vova Oknov,Pro - 4,7
83,13.2,986,Fragkiskos Léfkaros,Pro - 6,7
83,13.2,987,Robert Raczkiewicz,Pro - 9,7
83,13.2,988,Giordano Vieira,Pro - 10,7
83,13.2,989,Bob Liegi,Pro - 11,7
83,13.2,990,Michal Okulski,Pro - 13,7
83,13.2,991,Oeste Berta,Pro - 14,7
83,13.2,992,Ambroz Pondelek,Pro - 14,7
83,13.2,993,Felipe Aguiar,Pro - 16,7
83,13.2,994,Goran Milenkovic,Pro - 16,7
83,13.2,995,Giannis Patilas,Pro - 19,7
83,13.2,996,Carmine Esposito,Pro - 20,7
83,13.2,997,Rogerio Mandler,Pro - 20,7
83,13.2,998,Bruno Da Silva,Pro - 21,7
83,13.2,999,Andrzej Dąbrowski,Pro - 23,7
83,13.2,1000,Tibor Szuromi,Pro - 23,7
83,13.2,1001,Dean Francis,Pro - 25,7
83,13.2,1002,Chris Tsalas,Pro - 25,7
83,13.2,1042,Patrik Karlsson,Pro - 8,7
83,13.2,1043,Marco Parinetti,Pro - 8,7
83,13.2,1044,Petri Minni,Pro - 9,7
83,13.2,1045,Vsevolod Demydov,Pro - 17,7
83,13.2,1046,Andriy Dyadkovich,Pro - 18,7
83,13.2,1047,Petar Chuchukov,Pro - 19,7
83,13.2,1048,Luiz Souza,Pro - 21,7
83,13.2,1049,Christopher Willis,Pro - 21,7
83,13.2,1050,Nikita Guidotti,Pro - 22,7
83,13.2,1051,Leanne Lowe,Pro - 24,7
83,13.2,1066,Guilherme Oliveira,Pro - 2,7
83,13.2,1067,Marcello Pinheiro,Pro - 2,7
83,13.2,1068,Stephen Brooks,Pro - 5,7
83,13.2,1069,Patricio Ferrero,Pro - 5,7
83,13.2,1070,Aleksandar Tot,Pro - 7,7
83,13.2,1071,Nikola Brojak,Pro - 8,7
83,13.2,1072,Sergio Roman,Pro - 10,7
83,13.2,1073,Jiří Humpolák,Pro - 16,7
83,13.2,1074,Joe Manifold,Pro - 19,7
83,13.2,1075,Marcin Milczarek,Pro - 19,7
83,13.2,1076,Fábio Schrier,Pro - 25,7
83,13.2,1092,Paweł Dudziński,Master - 4,7
83,13.2,1093,Leonardo Solazzi,Master - 4,7
83,13.2,1094,Ilija Radovanovic,Pro - 1,7
83,13.2,1095,Christoph Seifriedsberger,Pro - 1,7
83,13.2,1096,Grigoris Stephanakis,Pro - 2,7
83,13.2,1097,Jeroným Uhlíř,Pro - 3,7
83,13.2,1098,Johan Dominé,Pro - 9,7
83,13.2,1099,Dmitry Starostachev,Pro - 10,7
83,13.2,1100,Alex Mehser,Pro - 11,7
83,13.2,1101,Endre Hollós,Pro - 12,7
83,13.2,1102,Paweł Szewczyk,Pro - 17,7
83,13.2,1103,Pablo Gustavo,Pro - 19,7
83,13.2,1104,Pablo Alejo Herrero Lamuedra,Pro - 19,7
83,13.2,1105,Ali İhsan Umutlu,Pro - 19,7
83,13.2,1106,Martina Kirakovjanova,Pro - 22,7
83,13.2,1107,Deepak Kar,Pro - 23,7
83,13.2,1108,Jesús Pérez,Pro - 23,7
83,13.2,1109,Carlos Alfredo Habegger,Pro - 24,7
83,13.2,1123,Đuro Prejc,Master - 2,7
83,13.2,1124,Kiss Attila,Pro - 3,7
83,13.2,1125,Kaiko Kell,Pro - 7,7
83,13.2,1126,Lukasz Szymanski,Pro - 11,7
83,13.2,1127,Matías Alloatti,Pro - 14,7
83,13.2,1128,Sandro Benghi,Pro - 14,7
83,13.2,1129,Victor Kamennov,Pro - 16,7
83,13.2,1130,Peter Both,Pro - 18,7
83,13.2,1131,Mike Zestas,Pro - 19,7
83,13.2,1132,Goran Vukovic,Pro - 20,7
83,13.2,1133,Chad Stringer,Pro - 25,7
83,13.2,1155,Jean-françois Charbinat,Master - 5,7
83,13.2,1156,Toms Polis,Pro - 2,7
83,13.2,1157,Omiros Pevlantzos,Pro - 3,7
83,13.2,1158,Will Eel,Pro - 6,7
83,13.2,1159,Danijel Vranešić,Pro - 7,7
83,13.2,1160,Juan Carlos Mendez,Pro - 11,7
83,13.2,1161,Marco Lopes,Pro - 13,7
83,13.2,1162,Lucas Holmes,Pro - 16,7
83,13.2,1163,Jairo Teixeira,Pro - 18,7
83,13.2,1164,Stewart James,Pro - 19,7
83,13.2,1182,Armando Feresin Pedrana,Pro - 1,7
83,13.2,1183,Peter Thompson,Pro - 1,7
83,13.2,1184,Franciscus Van Essche,Pro - 3,7
83,13.2,1185,Marcelo Reis Carvalho,Pro - 4,7
83,13.2,1186,Jonathan Soignat,Pro - 6,7
83,13.2,1187,Zoran Korolija,Pro - 7,7
83,13.2,1188,Jim Panse,Pro - 8,7
83,13.2,1189,Darek Krawczuk,Pro - 9,7
83,13.2,1190,Marcelo Gallardo,Pro - 10,7
83,13.2,1191,Joel Trekane,Pro - 10,7
83,13.2,1192,Olivier Baptista,Pro - 11,7
83,13.2,1193,Daniel Bertoya,Pro - 11,7
83,13.2,1194,Aliprando Siraghi,Pro - 14,7
83,13.2,1195,Brian Blagdon,Pro - 20,7
83,13.2,1196,Roman Sokolov,Pro - 21,7
83,13.2,1197,Péter Propszt,Pro - 23,7
83,13.2,1198,Jose Luis Castro,Pro - 25,7
83,13.2,1213,Lauren Earnest,Master - 1,7
83,13.2,1214,Róbert László,Master - 5,7
83,13.2,1215,James Mcgregor,Pro - 3,7
83,13.2,1216,Gonçalo Fernandes,Pro - 6,7
83,13.2,1217,Petr Valíček,Pro - 7,7
83,13.2,1218,Martin Cook,Pro - 8,7
83,13.2,1219,Geoff Marks,Pro - 8,7
83,13.2,1220,Edward Coulman,Pro - 13,7
83,13.2,1221,Aditya Wirasanjaya,Pro - 15,7
83,13.2,1222,Roman Lizogub,Pro - 16,7
83,13.2,1223,Thiago Mendes,Pro - 17,7
83,13.2,1224,Zoltán Zsifkó,Pro - 21,7
83,13.2,1225,Phil Symonds,Pro - 22,7
83,13.2,1226,Tamás Konrád,Pro - 24,7
83,13.2,1227,Renan Henrique,Pro - 25,7
83,13.2,1239,Davide Andreoli,Pro - 5,7
83,13.2,1240,Felipe Bello,Pro - 10,7
83,13.2,1241,Mahesh Bheemaraj,Pro - 11,7
83,13.2,1242,Zsolt Modoc,Pro - 13,7
83,13.2,1243,Marco Ferraz,Pro - 14,7
83,13.2,1244,Daniel Rodriguez,Pro - 14,7
83,13.2,1245,Alex Phil,Pro - 15,7
83,13.2,1246,Caíke Kauling,Pro - 16,7
83,13.2,1247,Michal Presinsky,Pro - 16,7
83,13.2,1248,Francesco Polleggioni,Pro - 17,7
83,13.2,1249,Andrew Lawrence,Pro - 19,7
83,13.2,1250,Olver Hernández,Pro - 20,7
83,13.2,1251,Jose Luis Monty,Pro - 21,7
83,13.2,1252,Sagar Abhyankar,Pro - 24,7
83,13.2,1274,Lychezar Stoyanov,Master - 5,6
83,13.2,1275,Rowie Halcon,Pro - 1,6
83,13.2,1276,Tolis Nasios,Pro - 1,6
83,13.2,1277,Erwan Le Caill,Pro - 2,6
83,13.2,1278,Miguel López-torres Stadler,Pro - 5,6
83,13.2,1279,Francisco Mendia,Pro - 5,6
83,13.2,1280,Marco Triulzi,Pro - 7,6
83,13.2,1281,Davide Galliani,Pro - 9,6
83,13.2,1282,Federico Pereyra,Pro - 10,6
83,13.2,1283,Dusan Zacpal,Pro - 10,6
83,13.2,1284,Kamil Wojciechowski,Pro - 11,6
83,13.2,1285,Geoffrey Gill,Pro - 12,6
83,13.2,1286,Lucas Floriano De Souza,Pro - 13,6
83,13.2,1287,Leonel Rey,Pro - 13,6
83,13.2,1288,Petrus Taskila,Pro - 13,6
83,13.2,1289,Tibor Csábi,Pro - 15,6
83,13.2,1290,Ufuk Yasayan,Pro - 15,6
83,13.2,1291,Giovanni Bertolo,Pro - 16,6
83,13.2,1292,Jose Luis Macho Pita,Pro - 16,6
83,13.2,1293,Jos Haarsma,Pro - 21,6
83,13.2,1294,Jon Bell,Pro - 23,6
83,13.2,1295,Gavin Adam,Pro - 24,6
83,13.2,1317,Pablo Bagnalasta,Pro - 3,6
83,13.2,1318,Juan Manuel Collova,Pro - 3,6
83,13.2,1319,Eryk Madera,Pro - 5,6
83,13.2,1320,Ahmet Ozturk,Pro - 8,6
83,13.2,1321,Kardos Tibor,Pro - 10,6
83,13.2,1322,David Andrewartha,Pro - 12,6
83,13.2,1323,Dominik Krowiak,Pro - 12,6
83,13.2,1324,Sergio Malonni,Pro - 15,6
83,13.2,1325,Victor Brezhnev,Pro - 19,6
83,13.2,1326,Daniel Bonilla,Pro - 25,6
83,13.2,1350,Rémy Pointet,Master - 4,6
83,13.2,1351,Denis Titov,Master - 5,6
83,13.2,1352,Joelson Gonçalves,Pro - 1,6
83,13.2,1353,Miklós Gál,Pro - 5,6
83,13.2,1354,Christian Aunkofer,Pro - 6,6
83,13.2,1355,Dmitry Serebryakov,Pro - 6,6
83,13.2,1356,Maciej Żmudziński,Pro - 7,6
83,13.2,1357,Denny Holt,Pro - 10,6
83,13.2,1358,Massimo Dinolfo,Pro - 17,6
83,13.2,1359,Enzo Sbarbini,Pro - 17,6
83,13.2,1360,Vladimir Viktorovich,Pro - 17,6
83,13.2,1361,Igor Mihaliska,Pro - 18,6
83,13.2,1362,Alexander Hoppe,Pro - 19,6
83,13.2,1363,Kyriakos Panousis,Pro - 22,6
83,13.2,1364,Marta De Marinis,Pro - 23,6
83,13.2,1365,Tolga Erkan,Pro - 23,6
83,13.2,1366,Hakan Tatar,Pro - 24,6
83,13.2,1367,Stanislav Frolov,Pro - 25,6
83,13.2,1384,Gonzalo Reta,Pro - 1,6
83,13.2,1385,Patrick Feise,Pro - 3,6
83,13.2,1386,Marco Krane,Pro - 3,6
83,13.2,1387,Alejandro Hernández,Pro - 4,6
83,13.2,1388,Monique Lacroix,Pro - 4,6
83,13.2,1389,Finn Shaw-McIver,Pro - 5,6
83,13.2,1390,Varga Gábor,Pro - 9,6
83,13.2,1391,Aswin Witte,Pro - 9,6
83,13.2,1392,Tom Bux,Pro - 10,6
83,13.2,1393,Andre Cherkasoff,Pro - 10,6
83,13.2,1394,Sam Durrant,Pro - 12,6
83,13.2,1395,Pavel Ionescu,Pro - 13,6
83,13.2,1396,Angel Salas,Pro - 13,6
83,13.2,1397,Andrian Naidenov,Pro - 18,6
83,13.2,1398,Csaba Csarankó,Pro - 19,6
83,13.2,1399,Vilius Ceponis,Pro - 25,6
83,13.2,1415,Hola Evony,Master - 1,6
83,13.2,1416,Sergejs Muravka,Pro - 4,6
83,13.2,1417,Ricardo Beato,Pro - 8,6
83,13.2,1418,Lucio Ferreira,Pro - 10,6
83,13.2,1419,Erik Chrin,Pro - 11,6
83,13.2,1420,Thomas Marx,Pro - 11,6
83,13.2,1421,Mihail Horvath,Pro - 12,6
83,13.2,1422,Djordje Arulic,Pro - 19,6
83,13.2,1423,Giuseppe Lamanna,Pro - 24,6
83,13.2,1424,Paul Morak,Pro - 25,6
83,13.2,1451,Martino Colombo,Master - 5,6
83,13.2,1452,Yakup Paçacı,Pro - 7,6
83,13.2,1453,Albert Nagy,Pro - 8,6
83,13.2,1454,Alexandru Diaconu,Pro - 10,6
83,13.2,1455,Gökay Çiftçi,Pro - 11,6
83,13.2,1456,Mario Maietto,Pro - 11,6
83,13.2,1457,Gonzalo Falcetti Gonzalez,Pro - 13,6
83,13.2,1458,Guido Simonetta,Pro - 22,6
83,13.2,1459,Marco Huber,Pro - 23,6
83,13.2,1483,David Dias,Pro - 6,6
83,13.2,1484,Evaldas Kurmis,Pro - 8,6
83,13.2,1485,Anderson Lima,Pro - 8,6
83,13.2,1486,Rich Weaving,Pro - 9,6
83,13.2,1487,Ali Aydın,Pro - 11,6
83,13.2,1488,George Togas,Pro - 13,6
83,13.2,1489,Stefan Leitgeb,Pro - 17,6
83,13.2,1490,Alex Cos,Pro - 18,6
83,13.2,1491,Abhishek Kankonkar,Pro - 21,6
83,13.2,1492,Hováth Kázmér,Pro - 22,6
83,13.2,1493,David Evans,Pro - 23,6
83,13.2,1494,Bartosz Szymczak,Pro - 25,6
83,13.2,1508,Kaur Sirel,Master - 1,6
83,13.2,1509,Francesco Fondelli,Pro - 3,6
83,13.2,1510,Sherry Sunderland,Pro - 5,6
83,13.2,1511,Kaan Dagasan,Pro - 9,6
83,13.2,1512,Matthew Standen,Pro - 12,6
83,13.2,1513,Carlos Louzeiro,Pro - 13,6
83,13.2,1514,Alexander Kateliev,Pro - 15,6
83,13.2,1515,Sebastian Velosa,Pro - 17,6
83,13.2,1516,Didier Charlot,Pro - 18,6
83,13.2,1517,József Magyari,Pro - 18,6
83,13.2,1518,Yiánnis Spirópoulos,Pro - 21,6
83,13.2,1519,Antonio Veiga,Pro - 21,6
83,13.2,1520,Sergio Ferraro,Pro - 22,6
83,13.2,1521,Daniele Mezzabotta,Pro - 25,6
83,13.2,1541,Aleksej Sutkin,Pro - 3,6
83,13.2,1542,Carlo Marchetti,Pro - 4,6
83,13.2,1543,László Hodosán,Pro - 6,6
83,13.2,1544,Zoli Horvath,Pro - 6,6
83,13.2,1545,László Kerezsi,Pro - 7,6
83,13.2,1546,José Luis Navarro,Pro - 14,6
83,13.2,1547,Daniel Tackaberry,Pro - 14,6
83,13.2,1548,Willian Moura,Pro - 17,6
83,13.2,1549,Slobodan Bulic,Pro - 18,6
83,13.2,1550,Ariel Fuentes,Pro - 24,6
83,13.2,1551,Ping Hui,Pro - 24,6
83,13.2,1552,Jim Panoushs,Pro - 25,6
83,13.2,1584,Carlo Marinari,Master - 4,6
83,13.2,1585,Doru Paraschiv,Pro - 1,6
83,13.2,1586,Christian Anello,Pro - 4,6
83,13.2,1587,Laci Hola,Pro - 4,6
83,13.2,1588,Peter Mulholland,Pro - 4,6
83,13.2,1589,Pablo Carba,Pro - 5,6
83,13.2,1590,Richard Molyneaux,Pro - 8,6
83,13.2,1591,Jean-marc Boissinot,Pro - 9,6
83,13.2,1592,Stuart Foster,Pro - 12,6
83,13.2,1593,Bruno Scarlata,Pro - 13,6
83,13.2,1594,Marin Ružić,Pro - 14,6
83,13.2,1595,Claudio Lima,Pro - 17,6
83,13.2,1596,Henrikas Svidras,Pro - 21,6
83,13.2,1597,Ivan Stojkovic,Pro - 22,6
83,13.2,1624,Ben De Leeuw,Pro - 1,6
83,13.2,1625,Tomasz Mazepa,Pro - 3,6
83,13.2,1626,Marek Nowak,Pro - 3,6
83,13.2,1627,Massimo Baroni,Pro - 4,6
83,13.2,1628,Mussulin Junior,Pro - 4,6
83,13.2,1629,Diogo Carrapiço,Pro - 14,6
83,13.2,1630,Dominik Tóth,Pro - 15,6
83,13.2,1631,Márcio Portuga,Pro - 17,6
83,13.2,1632,Julio Pereira,Pro - 19,6
83,13.2,1633,Jeremy Sarrasin,Pro - 22,6
83,13.2,1634,Christian Wonisch,Pro - 22,6
83,13.2,1651,Vladimir Marinov,Master - 3,6
83,13.2,1652,Deives Costa,Pro - 1,6
83,13.2,1653,Atli Thor Johannesson,Pro - 1,6
83,13.2,1654,Samoeni Albanalopolis,Pro - 6,6
83,13.2,1655,Sergey Bolshakov,Pro - 10,6
83,13.2,1656,Paulo Carneiro,Pro - 12,6
83,13.2,1657,Andrea Di Pietro,Pro - 14,6
83,13.2,1658,Fred Vautrin,Pro - 18,6
83,13.2,1659,Marek Waleczek,Pro - 25,6
83,13.2,1686,Darthson Bonassoli,Master - 5,6
83,13.2,1687,Xavier Prett,Pro - 7,6
83,13.2,1688,Cole Fainter,Pro - 12,6
83,13.2,1689,Michael Reyer,Pro - 13,6
83,13.2,1690,Sarah Billiotte,Pro - 22,6
83,13.2,1691,Neil Cole,Pro - 22,6
83,13.2,1692,Robin Goodey,Pro - 24,6
83,13.2,1723,Pablo Borges,Master - 4,6
83,13.2,1724,Viktor Dyankov,Master - 4,6
83,13.2,1725,Paolo Di Giuseppe,Pro - 1,6
83,13.2,1726,Fernando Pallas,Pro - 7,6
83,13.2,1727,Peter Kontra,Pro - 13,6
83,13.2,1728,Mihail Morozov,Pro - 14,6
83,13.2,1729,Deni Saja,Pro - 18,6
83,13.2,1730,Čeněk Urvalfiltr,Pro - 21,6
83,13.2,1731,Nilson Pina,Pro - 22,6
83,13.2,1732,Keith Whittaker,Pro - 23,6
83,13.2,1733,Marvin Morales,Pro - 24,6
83,13.2,1758,Micael Vinhas,Master - 2,6
83,13.2,1759,Fabio Fonzie,Pro - 5,6
83,13.2,1760,Vania Duarte,Pro - 6,6
83,13.2,1761,Miguel Caetano,Pro - 8,6
83,13.2,1762,Alessandro Facchetti,Pro - 12,6
83,13.2,1763,Daniel Iliev,Pro - 19,6
83,13.2,1764,Diego Palacio,Pro - 20,6
83,13.2,1793,Simone Bianchi,Pro - 5,6
83,13.2,1794,Pulido Quintero,Pro - 5,6
83,13.2,1795,Giuseppe Greco,Pro - 6,6
83,13.2,1796,Ben Gladwyn,Pro - 23,6
83,13.2,1797,Amitesh Patnaik,Pro - 24,6
83,13.2,1823,Gianluca Bini,Pro - 16,6
83,13.2,1824,Rodrigo Campos,Pro - 17,6
83,13.2,1825,Hristo Kantarev,Pro - 18,6
83,13.2,1826,Samuel Kou,Pro - 18,6
83,13.2,1827,Francesco Raggio,Pro - 18,6
83,13.2,1828,Martin Campos,Pro - 24,6
83,13.2,1829,Alexandre Martins,Pro - 25,6
83,13.2,1830,Alex Popa,Pro - 25,6
83,13.2,1831,Craig Templeman,Pro - 25,6
83,13.2,1859,Rafael Zambrano,Pro - 1,6
83,13.2,1860,Joe Meal,Pro - 4,6
83,13.2,1861,Marcin Gala,Pro - 5,6
83,13.2,1862,Eduardo Hoepers,Pro - 9,6
83,13.2,1863,Matias Figuera,Pro - 12,6
83,13.2,1864,Jonathan Flament,Pro - 12,6
83,13.2,1865,William Pickering,Pro - 14,6
83,13.2,1866,Giovanni Farina,Pro - 21,6
83,13.2,1867,Krzysztof Betlewicz,Pro - 24,6
83,13.2,1868,Maciej Rabiński,Pro - 25,6
83,13.2,1887,Sameer Marathe,Pro - 3,6
83,13.2,1888,Eric Bolder,Pro - 10,6
83,13.2,1889,Sergey Ryabov,Pro - 12,6
83,13.2,1890,Mario Hernandez,Pro - 14,6
83,13.2,1891,Cosimo Salatino,Pro - 17,6
83,13.2,1892,João Afro Barros Leal,Pro - 25,6
83,13.2,1915,Yasin Yazici,Pro - 2,6
83,13.2,1916,Salvatore Andretti,Pro - 6,6
83,13.2,1917,Łukasz Tretyn,Pro - 8,6
83,13.2,1918,Hajdú László,Pro - 12,6
83,13.2,1941,Dejan Petrović,Master - 3,6
83,13.2,1942,Paweł Markiewicz,Pro - 5,6
83,13.2,1943,Andrea Gaggino,Pro - 7,6
83,13.2,1944,Giuseppe Lombisani,Pro - 7,6
83,13.2,1945,Erhan Erdikmen,Pro - 9,6
83,13.2,1946,Roman Alatyrtsev,Pro - 10,6
83,13.2,1947,Valter Polsaque,Pro - 11,6
83,13.2,1948,Pedro Jose Moreno,Pro - 15,6
83,13.2,1949,Pekka Kumpula,Pro - 16,6
83,13.2,1950,Ricardo Todd,Pro - 20,6
83,13.2,1951,Jean-Maxime Trucon,Pro - 23,6
83,13.2,1952,Luis Ascencio,Pro - 24,6
83,13.2,1984,Marcos Amaral,Pro - 2,6
83,13.2,1985,Todor Mitev,Pro - 8,6
83,13.2,1986,Rick Queary,Pro - 11,6
83,13.2,1987,Pablo Lopez,Pro - 12,6
83,13.2,1988,Walter Caballero,Pro - 17,6
83,13.2,1989,Matheus Cordeiro,Pro - 20,6
83,13.2,2022,Antonio Guzzo,Pro - 5,6
83,13.2,2023,Mike Osintsev,Pro - 11,6
83,13.2,2024,Jesus Rebolledo,Pro - 12,6
83,13.2,2025,Joabe Reis Silva,Pro - 12,6
83,13.2,2026,Alejo Depipol,Pro - 16,6
83,13.2,2047,Mike Leone,Pro - 1,6
83,13.2,2048,Alexandre Bissiriex,Pro - 3,6
83,13.2,2049,Julio Asencio,Pro - 11,6
83,13.2,2050,Paweł Dylewski,Pro - 11,6
83,13.2,2051,Marcio Klaus,Pro - 15,6
83,13.2,2052,Yura Murashko,Pro - 18,6
83,13.2,2089,João Scarcela,Pro - 2,6
83,13.2,2090,Adam Pilo,Pro - 20,6
83,13.2,2091,Felipe Mafra,Pro - 23,6
83,13.2,2119,Felipe Daniel,Pro - 2,6
83,13.2,2120,Melissa Martin,Pro - 2,6
83,13.2,2121,Regis Rodrigues,Pro - 5,6
83,13.2,2122,Golberto Junior,Pro - 6,6
83,13.2,2123,Pedro Marques,Pro - 7,6
83,13.2,2124,Eddy Kobayashi,Pro - 13,6
83,13.2,2125,Paulo Morgado,Pro - 14,6
83,13.2,2159,Joshua King,Pro - 1,6
83,13.2,2160,Marco Bergoglio,Pro - 4,6
83,13.2,2161,Miguel Queiroz,Pro - 13,6
83,13.2,2162,Gergely Kondár,Pro - 14,6
83,13.2,2163,Igor Stuparić,Pro - 15,6
83,13.2,2164,Gorka Bollo,Pro - 18,6
83,13.2,2199,Jilsepe Oliveira,Pro - 1,6
83,13.2,2200,Eric Petroni,Pro - 2,6
83,13.2,2201,Plamen Iliev,Pro - 3,6
83,13.2,2202,Cristiano Gruetzmann,Pro - 5,6
83,13.2,2203,Gianluca Andriolo,Pro - 7,6
83,13.2,2204,Eligio Celis,Pro - 7,6
83,13.2,2205,Matthias Wegener,Pro - 11,6
83,13.2,2206,Róbert Orosz,Pro - 13,6
83,13.2,2207,Aleksey Skrypnev,Pro - 16,6
83,13.2,2208,Ioannis Dimitroglou,Pro - 22,6
83,13.2,2209,Mark Blackwell,Pro - 24,6
83,13.2,2230,Sergio Tejero,Pro - 1,6
83,13.2,2258,Chris Flamion,Pro - 3,6
83,13.2,2259,Jiřina Bojanovská,Pro - 5,6
83,13.2,2260,Martin Urtubey,Pro - 6,6
83,13.2,2261,Marcos Vinicius Silva,Pro - 8,6
83,13.2,2262,Fabio Maniscalco,Pro - 10,6
83,13.2,2263,Reimo Kochwatsch,Pro - 16,6
83,13.2,2293,Mirco Baldini,Master - 2,6
83,13.2,2294,Mario Chiesa,Pro - 4,6
83,13.2,2295,Christian Bernhard,Pro - 5,6
83,13.2,2296,Jorge Hora,Pro - 5,6
83,13.2,2297,Ivica Maričević,Pro - 20,6
83,13.2,2298,Pavel Šťastný,Pro - 21,6
83,13.2,2299,Anibal Conosciuto,Pro - 23,6
83,13.2,2334,Alessandro Campanella,Master - 3,6
83,13.2,2335,Nigel Donovan,Pro - 1,6
83,13.2,2336,Svetoslav Dimitrov,Pro - 6,6
83,13.2,2337,Vitor Novo,Pro - 7,6
83,13.2,2338,Marco Pomes,Pro - 18,6
83,13.2,2339,Montes Dimemola,Pro - 22,6
83,13.2,2364,Damián Almada,Pro - 2,6
83,13.2,2365,Sebastian Jóźwiak,Pro - 4,6
83,13.2,2366,Luce Roso,Pro - 17,6
83,13.2,2432,Enrico Canino,Pro - 11,6
83,13.2,2433,Juan Farias,Pro - 12,6
83,13.2,2434,Herve Imbert,Pro - 20,6
83,13.2,2474,Robert Punt,Pro - 1,6
83,13.2,2475,Ondřej Haška,Pro - 16,6
83,13.2,2476,Filip Jadroň,Pro - 18,6
83,13.2,2477,Joaquin Cardinali,Pro - 19,6
83,13.2,2478,Maickson Neiben,Pro - 24,6
83,13.2,2510,Gabriele Galanti,Pro - 11,6
83,13.2,2548,Marko Paukku,Pro - 13,6
83,13.2,2549,Uilton Santos,Pro - 15,6
83,13.2,2550,Kerem Arslanli,Pro - 21,6
83,13.2,2574,Ivan Ciric,Pro - 3,6
83,13.2,2575,Xavier Porta,Pro - 6,6
83,13.2,2576,Raffaele Bevacqua,Pro - 9,6
83,13.2,2577,Alexandre Braga,Pro - 9,6
83,13.2,2578,Wendell Kill,Pro - 20,6
83,13.2,2611,Johny Prates,Pro - 7,6
83,13.2,2612,Jiří Burda,Pro - 17,6
83,13.2,2613,Felype Mattos,Pro - 22,6
83,13.2,2657,Paulo Neves,Master - 1,5
83,13.2,2658,Michele Balboni,Master - 3,5
83,13.2,2659,Bastien Bellier,Pro - 5,5
83,13.2,2660,Simone Rossi,Pro - 10,5
83,13.2,2661,Andrey Kozlov,Pro - 14,5
83,13.2,2662,Rafael Talaisys,Pro - 18,5
83,13.2,2690,Miguel Ibarra,Pro - 6,5
83,13.2,2691,Amato Batoni,Pro - 8,5
83,13.2,2692,Mariano Seeber,Pro - 18,5
83,13.2,2716,Claudemar Teichmann,Pro - 1,5
83,13.2,2717,Frederic Estellon,Pro - 4,5
83,13.2,2718,Tom Griessmann,Pro - 5,5
83,13.2,2719,Boris Schizzarotto,Pro - 18,5
83,13.2,2748,Francesco Finazzi,Pro - 2,5
83,13.2,2749,Bruno Marques,Pro - 2,5
83,13.2,2750,Olivier Proulx,Pro - 13,5
83,13.2,2751,Shanhan Bonham,Pro - 17,5
83,13.2,2779,Daniel Stack,Pro - 3,5
83,13.2,2780,Vittorio Mati,Pro - 9,5
83,13.2,2781,Giovanni Barzaghi,Pro - 13,5
83,13.2,2782,Dimitrios Mitsos,Pro - 25,5
83,13.2,2813,Alberto Osio,Pro - 7,5
83,13.2,2814,Jonathan Beagles,Pro - 20,5
83,13.2,2815,Sebastian Cucciardi,Pro - 20,5
83,13.2,2838,Liudvikas Selmistraitis,Pro - 3,5
83,13.2,2839,Alan Horsley,Pro - 4,5
83,13.2,2840,Antonio Celso Zambel,Pro - 25,5
83,13.2,2863,Elvis Agassi,Pro - 2,5
83,13.2,2864,Horia Garbacea,Pro - 3,5
83,13.2,2865,Vedat Tumur,Pro - 24,5
83,13.2,2889,Leo Leal,Master - 4,5
83,13.2,2955,Diogo Abdalla,Pro - 4,5
83,13.2,2956,Danismar Limoeiro,Pro - 4,5
83,13.2,2957,Giuseppe Carlomagno,Pro - 8,5
83,13.2,2958,Bernardo Folhadela,Pro - 8,5
83,13.2,2959,Kyle Morby,Pro - 14,5
83,13.2,2989,Federico Mantica,Pro - 9,5
83,13.2,2990,Wopke Hoekstra,Pro - 10,5
83,13.2,2991,Danilo Alberghetti,Pro - 14,5
83,13.2,2992,Toni Söyrinki,Pro - 23,5
83,13.2,3024,Sheldon Van Zyl,Pro - 24,5
83,13.2,3043,Erique Souza,Pro - 7,5
83,13.2,3044,Leandro Hernandez,Pro - 25,5
83,13.2,3112,Billy Van Der Merwe,Pro - 17,5
83,13.2,3141,Lajos Urbán,Pro - 5,5
83,13.2,3142,Raymon Garcia,Pro - 6,5
83,13.2,3143,Erwin Verkade,Pro - 15,5
83,13.2,3144,Angelo Bassi,Pro - 19,5
83,13.2,3175,Manuel Sacco,Pro - 7,5
83,13.2,3209,Fredrik Wall,Pro - 8,5
83,13.2,3210,Thiago Cristofolini,Pro - 14,5
83,13.2,3238,Thomas Uvyn,Pro - 7,5
83,13.2,3239,Dan Currie,Pro - 18,5
83,13.2,3277,Jim Becker,Pro - 8,5
83,13.2,3303,Arttu Korhonen,Pro - 1,5
83,13.2,3304,Mark Eadie,Pro - 24,5
83,13.2,3325,Filippo Latino,Pro - 12,5
83,13.2,3326,Ville Pohjanen,Pro - 22,5
83,13.2,3362,Diego Garcia,Pro - 8,5
83,13.2,3394,Nicolas Grollier,Pro - 3,5
83,13.2,3417,Sebastián Acosta,Pro - 15,5
83,13.2,3438,Ahmad Aloulou,Pro - 12,5
83,13.2,3494,Lance Snyder,Pro - 6,5
83,13.2,3525,Roni Moura,Pro - 22,5
83,13.2,3526,Fabio Cavallini,Pro - 23,5
83,13.2,3527,Ivica Paunovic,Pro - 24,5
83,13.2,3564,Reinaldo Beato,Pro - 25,5
83,13.2,3593,Andrew Lane,Pro - 6,5
83,13.2,3612,Michele Brambilla,Pro - 13,5
83,13.2,3613,Fabri Silva,Pro - 20,5
83,13.2,3700,Didier Cave,Pro - 2,5
83,13.2,3764,Josep Meyer,Pro - 22,5
83,13.2,3828,Sam Le Meur,Master - 3,4
83,13.2,3829,Rudy Garriga,Pro - 25,4
83,13.2,3934,Stefano Verderio,Pro - 17,4
83,13.2,3969,Matthew Smith,Pro - 12,4
83,13.2,4067,Chris Englund,Pro - 2,4
83,13.2,4068,Joseph Bada,Pro - 11,4
83,13.2,4122,Ryan Tyrrell,Master - 2,4
83,13.2,4269,Enzo Di Meo,Pro - 24,4
83,13.2,4327,Alexandre Andrade,Pro - 16,4
83,13.2,4328,Harri Pakosta,Pro - 22,4
83,13.2,4398,Ricardo Vidal,Pro - 12,4
83,13.2,4471,Geoffrey Novais,Pro - 22,4
83,13.2,4673,Naad Lamsui,Pro - 2,4
83,13.2,4856,Alexander Rowlands,Pro - 4,4
83,13.2,4921,Sergio Alvarez Gutierrez,Pro - 1,4
83,13.2,5548,Dmitry Kuznetsov,Pro - 20,3
83,13.2,5612,Nenad Samardžić,Pro - 20,3
83,13.2,5800,Kaspar Marcus Paukson,Master - 3,3
83,13.2,6156,Jeffrey Decoopman,Pro - 24,2
83,13.2,6172,Bruno Cestino,Pro - 23,2
83,13.2,6183,Jonas Karalius,Pro - 18,2
83,13.2,6469,Mario Molina,Pro - 22,2
83,13.2,6926,Michele Tramontano,Pro - 8,1
