Sezon,Wyścig,Poz.,Nazwisko,Grupa,Wydatki
83,13.2,1,George Slater,Elite,-388,915,950
83,13.2,2,Ania Piekarska,Elite,-386,083,203
83,13.2,3,Lee Harding,Elite,-339,586,821
83,13.2,4,Michaela Källström,Elite,-327,078,797
83,13.2,5,Matej Matrtaj,Master - 4,-317,091,011
83,13.2,6,Roland Postle,Elite,-312,556,019
83,13.2,7,Donatas Rutkauskas,Pro - 18,-307,521,236
83,13.2,8,Jay De Snoo,Elite,-306,088,613
83,13.2,9,Daniele Bontempo,Elite,-303,976,601
83,13.2,10,Veres Tamás,Elite,-303,692,617
83,13.2,11,James Boylan,Master - 1,-301,239,912
83,13.2,12,Pablo Fernandez,Elite,-300,633,477
83,13.2,13,Mery Lissarrague,Master - 1,-298,066,143
83,13.2,14,Joan Centellas,Pro - 12,-297,837,604
83,13.2,15,Gábor Safranyik,Elite,-296,269,175
83,13.2,16,Paul Williams,Master - 4,-296,141,913
83,13.2,17,Dmitry Serebryakov,Pro - 6,-293,929,447
83,13.2,18,Patryk Janczak,Master - 4,-293,200,044
83,13.2,19,Tomek Miszczak,Master - 4,-289,913,944
83,13.2,20,Twig Fahaji,Elite,-289,635,207
83,13.2,21,György Csillag,Master - 1,-289,422,760
83,13.2,22,André França,Pro - 21,-287,502,199
83,13.2,23,Gyuri Székely,Elite,-283,644,740
83,13.2,24,Gábor Besenyi,Pro - 19,-283,092,442
83,13.2,25,Miroslav Minchev,Master - 3,-281,547,534
83,13.2,26,Mauro Schumacher,Master - 3,-280,024,796
83,13.2,27,Mantas Sestokas,Master - 2,-279,569,793
83,13.2,28,Damir Kalaev,Master - 1,-279,490,321
83,13.2,29,Diogo Xavier Santos,Pro - 15,-279,263,762
83,13.2,30,Simone Pasqualoni,Master - 2,-278,595,366
83,13.2,31,Dmitry Shevel,Master - 2,-277,944,916
83,13.2,32,Miel Soeterbroek,Elite,-277,875,261
83,13.2,33,Ignacio Belatti,Elite,-277,857,929
83,13.2,34,Brad Marshall,Elite,-276,013,470
83,13.2,35,Mirko Bertotti,Pro - 19,-274,828,567
83,13.2,36,Ivan Schegloa,Pro - 24,-274,537,059
83,13.2,37,Harsh Sheth,Elite,-273,618,258
83,13.2,38,Bogdan Hutanu,Master - 3,-273,065,513
83,13.2,39,Andrea Squizzato,Master - 3,-272,309,709
83,13.2,40,Patrick Hertach,Pro - 2,-271,855,987
83,13.2,41,Mikael Brostrom,Master - 5,-271,685,579
83,13.2,42,Mato Nikic,Master - 3,-271,627,541
83,13.2,43,Giovanni Orecchioni,Elite,-271,605,990
83,13.2,44,Roman Sobotka,Pro - 6,-271,206,509
83,13.2,45,Andrea Oclab,Pro - 22,-271,158,751
83,13.2,46,Guilherme Franco,Pro - 23,-270,885,719
83,13.2,47,Alexandre Jardim,Pro - 3,-270,497,152
83,13.2,48,Lorenzo Bongi,Master - 1,-269,841,219
83,13.2,49,Sebastian Stenius,Pro - 11,-269,212,633
83,13.2,50,Shaun Thornton,Master - 3,-269,039,616
83,13.2,51,Jose Filipe,Master - 2,-268,320,427
83,13.2,52,Tomas Balsevicius,Pro - 15,-267,661,930
83,13.2,53,Andrej Rilke,Master - 2,-267,624,286
83,13.2,54,Nikola Brojak,Pro - 8,-266,856,517
83,13.2,55,Andy Goodall,Master - 2,-266,834,428
83,13.2,56,Rimantas Sagatas,Elite,-266,785,502
83,13.2,57,Michel Vandecatelle,Master - 3,-266,628,744
83,13.2,58,Pedro Correia,Pro - 24,-265,114,951
83,13.2,59,Ferenc Koncz,Master - 1,-264,120,942
83,13.2,60,Leandro Sereno,Elite,-264,042,103
83,13.2,61,Michał Sułek,Pro - 22,-263,764,646
83,13.2,63,Alex Holland,Elite,-263,017,580
83,13.2,64,Rei Frost,Master - 2,-262,561,951
83,13.2,65,Gergely Pesthy,Master - 3,-262,456,276
83,13.2,66,Sergey Vosnesensky,Pro - 3,-261,978,126
83,13.2,67,Damir Sen,Master - 4,-261,725,123
83,13.2,68,Fabrice Van Damme,Pro - 21,-261,422,408
83,13.2,69,Matthieu Portal,Pro - 20,-261,282,228
83,13.2,70,Apostolis Goutzos,Elite,-261,079,131
83,13.2,71,Toni Kazanjyan,Master - 3,-260,658,351
83,13.2,72,Davy Van Den Abbeele,Pro - 19,-260,432,531
83,13.2,73,Luca Molendi,Elite,-260,411,390
83,13.2,74,Pedro Moura,Master - 5,-260,054,967
83,13.2,75,David Rolleston,Master - 1,-259,329,337
83,13.2,76,Fabio Corio,Pro - 10,-259,162,166
83,13.2,77,Guillaume Delamarre,Pro - 17,-258,773,346
83,13.2,78,Thierry Le Denmat,Master - 2,-258,453,093
83,13.2,79,Atis Praudins,Master - 4,-258,446,026
83,13.2,80,Sergio Fanelli,Master - 4,-258,445,418
83,13.2,81,Artur Marczewski,Master - 1,-257,612,195
83,13.2,82,Svajūnas Mikšta,Master - 2,-256,949,424
83,13.2,83,Daniel Stack,Pro - 3,-256,466,562
83,13.2,84,Dávid Sifka,Pro - 9,-256,457,990
83,13.2,85,Lychezar Stoyanov,Master - 5,-256,414,316
83,13.2,86,Jim Norton,Pro - 14,-256,336,755
83,13.2,87,Fabrice Renaudet,Pro - 2,-255,122,500
83,13.2,88,Ihor Rusnak,Pro - 3,-255,118,775
83,13.2,89,Goran Slunjski,Pro - 13,-254,647,091
83,13.2,90,Olivier Portal,Master - 1,-253,387,086
83,13.2,91,Bruno Dias,Pro - 11,-253,074,577
83,13.2,92,José Abi Jaudi,Pro - 19,-253,060,230
83,13.2,93,Edwin Silva,Master - 2,-252,815,837
83,13.2,94,Ivan Stiva,Master - 2,-252,639,465
83,13.2,95,Kuba Szajbel,Master - 4,-252,589,254
83,13.2,96,Kristijan Mihovic,Master - 1,-252,324,631
83,13.2,97,Geir Pukk,Pro - 18,-252,078,252
83,13.2,99,Graham Mercer,Master - 1,-250,338,009
83,13.2,100,Andres Duffey,Pro - 20,-250,336,414
83,13.2,101,Gino Zernani,Master - 5,-250,058,126
83,13.2,102,David Adam,Pro - 11,-249,562,137
83,13.2,103,Alex Ilushenko,Master - 2,-249,388,747
83,13.2,104,Makis Katsoulas,Master - 3,-249,281,437
83,13.2,105,Richard Waugh,Master - 3,-249,000,069
83,13.2,106,Pablo Ramirez,Master - 4,-248,644,019
83,13.2,107,Mariusz Malczuk,Master - 5,-248,619,999
83,13.2,108,Olver Hernández,Pro - 20,-247,814,727
83,13.2,109,József Gyuricza,Pro - 19,-247,054,520
83,13.2,110,Stefano Solinas,Pro - 23,-246,906,068
83,13.2,111,Károly Pintér,Pro - 22,-246,753,754
83,13.2,112,Ricky Silva,Master - 5,-246,682,510
83,13.2,113,István Varga,Pro - 5,-246,648,011
83,13.2,114,Rudy Szafraniec,Pro - 17,-246,525,470
83,13.2,115,Chew Kai Wen,Elite,-246,465,331
83,13.2,116,Peter Both,Pro - 18,-246,450,445
83,13.2,117,Marco Krane,Pro - 3,-246,362,291
83,13.2,118,Eduardo Sanchez Carenzo,Master - 5,-246,360,004
83,13.2,119,Geovane Ribeiro,Pro - 8,-246,348,585
83,13.2,120,Bert Huylebroeck,Elite,-246,304,041
83,13.2,121,Stefano Fort,Pro - 19,-245,864,110
83,13.2,122,David Vidović,Pro - 18,-245,781,706
83,13.2,123,Artur Terezan,Pro - 7,-245,671,784
83,13.2,124,Dominiek Van West,Master - 5,-245,135,245
83,13.2,125,Chris Adnams,Master - 5,-244,706,335
83,13.2,126,Sebastien Sailliot,Pro - 16,-244,455,472
83,13.2,127,Rafale Mizerski,Master - 3,-244,404,271
83,13.2,128,Aleksey Odegov,Master - 2,-244,000,835
83,13.2,129,Marco Longo,Master - 3,-243,895,404
83,13.2,130,Daniela Pisa,Master - 4,-243,855,654
83,13.2,131,Bartek Nowak,Master - 1,-243,390,925
83,13.2,132,Alexandre Marcelino,Pro - 19,-243,005,969
83,13.2,133,Nathan Ribeiro,Pro - 9,-242,336,419
83,13.2,134,Ilya Vedenikov,Master - 2,-241,963,091
83,13.2,135,Michał Wilczyński,Elite,-241,901,512
83,13.2,136,Kamal Naoui,Master - 4,-241,890,552
83,13.2,137,Mariusz Kuczak,Pro - 25,-241,808,016
83,13.2,138,Karel Poláček,Pro - 24,-241,710,170
83,13.2,139,Thiago Bento,Pro - 13,-241,493,109
83,13.2,140,Michael Beltramelli,Pro - 3,-241,489,813
83,13.2,141,Arnaud Ferraris,Pro - 14,-241,406,629
83,13.2,142,Bachtiar Mahardhika,Master - 5,-241,284,353
83,13.2,143,Ivan Stojkovic,Pro - 22,-241,269,390
83,13.2,144,Adrian Heuchert,Pro - 13,-241,244,007
83,13.2,145,David Evans,Pro - 23,-241,199,276
83,13.2,146,Andrey Zhulikov,Pro - 24,-241,014,599
83,13.2,148,Kuba Debiec,Pro - 10,-240,175,435
83,13.2,149,Ahmet Kirnik,Master - 4,-239,623,526
83,13.2,150,Emil Kwiatkowski,Pro - 12,-239,612,337
83,13.2,151,Lazaros Spiliopoulos,Pro - 1,-239,548,672
83,13.2,152,Allan Stockinger,Pro - 22,-238,668,403
83,13.2,153,Gerardo Antonio Cecere,Pro - 17,-238,656,086
83,13.2,154,Marcus Sandberg,Pro - 5,-238,580,924
83,13.2,155,Jánosné Horvath,Pro - 20,-238,066,810
83,13.2,156,Dusan Sevarlic,Pro - 13,-238,004,189
83,13.2,157,Konrad Świderski,Master - 5,-237,875,255
83,13.2,158,Tony Cullen,Master - 1,-237,783,889
83,13.2,159,Gabriel Miranda,Pro - 18,-237,358,310
83,13.2,160,John Ibbotson,Master - 5,-237,273,105
83,13.2,162,Marcin Skrzypiec,Master - 3,-237,081,760
83,13.2,163,Mike Baston,Master - 1,-236,999,951
83,13.2,164,Cédrick Flament,Pro - 23,-236,687,275
83,13.2,165,Zoltan Kormos,Pro - 25,-236,553,243
83,13.2,166,Frederic Van Rossum,Pro - 21,-236,552,385
83,13.2,167,Sarah Billiotte,Pro - 22,-236,525,041
83,13.2,168,Max Scorinoff,Pro - 8,-236,400,153
83,13.2,169,Roberto Borgato,Pro - 11,-236,295,377
83,13.2,170,Max Watson,Elite,-236,239,270
83,13.2,171,Antonio Gattulli,Elite,-236,224,881
83,13.2,173,Daniele Mezzabotta,Pro - 25,-236,123,979
83,13.2,174,Evaldas Ruseckas,Master - 5,-236,053,090
83,13.2,175,Dimitris Orfanos,Pro - 19,-235,893,607
83,13.2,176,Luke Frost,Pro - 20,-235,668,178
83,13.2,177,Stephen Rawson,Master - 3,-235,579,947
83,13.2,178,Jasper Coosemans,Elite,-235,539,842
83,13.2,179,Vadim Shapovalov,Master - 3,-235,404,965
83,13.2,180,Jozef Lesay,Pro - 9,-235,327,107
83,13.2,181,Martin Freeth,Pro - 11,-234,866,337
83,13.2,182,Predrag Marmut,Master - 5,-234,731,546
83,13.2,183,Jody Parker,Pro - 1,-234,680,645
83,13.2,184,Michal Szopinski,Master - 3,-234,267,784
83,13.2,185,Luis De Los Reyes,Pro - 21,-234,010,450
83,13.2,186,Dan Currie,Pro - 18,-233,992,737
83,13.2,187,Svetlana Shapovalova,Master - 4,-233,863,623
83,13.2,188,Armenio Santos,Master - 2,-233,674,226
83,13.2,189,Stefano Duo,Pro - 16,-233,637,168
83,13.2,190,Leonardo Caceres,Pro - 17,-233,503,800
83,13.2,191,Toms Polis,Pro - 2,-233,209,865
83,13.2,192,Alon Malul,Master - 5,-233,145,335
83,13.2,193,Vladimir Valis,Pro - 21,-232,786,637
83,13.2,194,Luca Dal Sacco,Pro - 3,-232,552,324
83,13.2,195,Maja Soren,Pro - 18,-232,521,855
83,13.2,196,Imre Antos,Master - 3,-232,493,732
83,13.2,197,Ronald Arcia,Pro - 21,-232,271,002
83,13.2,198,Raimonds Urtāns,Master - 3,-231,903,595
83,13.2,199,Roland Jakobsson,Pro - 7,-231,853,446
83,13.2,200,Mindaugas Bauža,Master - 2,-231,661,245
83,13.2,202,Anibal Conosciuto,Pro - 23,-231,653,178
83,13.2,203,Juan Diego Milán,Master - 1,-231,645,089
83,13.2,204,Davide Panella,Master - 4,-231,354,545
83,13.2,205,Jovan Milic,Master - 1,-231,228,136
83,13.2,206,James Berriman,Pro - 17,-231,204,919
83,13.2,207,Hola Evony,Master - 1,-231,191,305
83,13.2,208,Duarte Madrugo,Pro - 10,-231,112,088
83,13.2,209,Juliano Berti,Pro - 17,-231,021,802
83,13.2,210,Tomasz Siwiec,Pro - 13,-230,706,309
83,13.2,211,Marek Nowak,Pro - 3,-230,534,882
83,13.2,212,Troy Sheahen,Pro - 11,-230,331,584
83,13.2,213,Stefan Gommans,Master - 2,-230,304,531
83,13.2,214,Turan Metin,Master - 5,-230,242,226
83,13.2,215,Johan Olsson,Pro - 14,-230,220,530
83,13.2,216,Jonas Žaldokas,Pro - 16,-230,057,478
83,13.2,217,Nikolaï Samarine,Pro - 8,-230,046,409
83,13.2,218,Dmitrij Soldatenkov,Pro - 20,-229,836,690
83,13.2,219,Mark Iverson,Pro - 6,-229,778,814
83,13.2,220,Krzysztof Kasinski,Pro - 16,-229,359,911
83,13.2,221,Goran Vukovic,Pro - 20,-229,356,784
83,13.2,222,Onur Guardian,Master - 2,-229,244,040
83,13.2,223,Yassine Ben Rajeb,Pro - 22,-229,047,400
83,13.2,224,Sergio Porta,Pro - 6,-228,672,693
83,13.2,225,Ewelina Popis,Master - 5,-228,453,859
83,13.2,226,Joel Viitikko,Master - 3,-228,394,155
83,13.2,227,Christian Biancu,Master - 2,-228,336,355
83,13.2,228,Javier Bruschi,Pro - 13,-228,336,347
83,13.2,229,Jens Frostrup,Master - 5,-228,045,887
83,13.2,230,Floris Maljers,Pro - 20,-227,999,567
83,13.2,231,Sherry Sunderland,Pro - 5,-227,858,880
83,13.2,232,Fred Hauser,Pro - 23,-227,843,213
83,13.2,233,Dex Vici,Pro - 23,-227,649,776
83,13.2,234,Mack Cotton,Pro - 22,-227,366,979
83,13.2,235,Mael Grosjean,Pro - 8,-227,175,746
83,13.2,236,Yasin Yazici,Pro - 2,-227,100,722
83,13.2,237,David Hoz,Pro - 2,-227,042,164
83,13.2,238,Sergio Ruiz,Pro - 5,-226,859,797
83,13.2,239,Branislav Mihic,Pro - 11,-226,768,636
83,13.2,240,Gergő Csernátoni,Pro - 15,-226,762,141
83,13.2,241,Kshitij Sharma,Pro - 13,-226,708,753
83,13.2,242,Aleksandar Tot,Pro - 7,-226,336,829
83,13.2,243,Branislav Hrnjak,Pro - 17,-226,172,191
83,13.2,244,Richard Hrmo,Pro - 19,-226,059,245
83,13.2,245,Johan Swanepoel,Pro - 12,-225,958,196
83,13.2,247,Daniel Andrade,Master - 4,-225,729,218
83,13.2,248,Rafal Celejewski,Master - 5,-225,699,383
83,13.2,249,Dion Staal,Pro - 1,-225,547,923
83,13.2,250,Ioannis Kalogirou,Master - 4,-225,347,336
83,13.2,251,Arnas Peikstenis,Pro - 17,-224,964,788
83,13.2,252,Peter Nile,Pro - 24,-224,821,285
83,13.2,253,Alvaro Dantas Aron,Master - 1,-224,776,095
83,13.2,254,Ross Proud,Master - 1,-224,492,975
83,13.2,255,Nuno Vicente,Master - 4,-224,393,816
83,13.2,256,Helmut Heiter,Master - 2,-224,257,359
83,13.2,257,David Antonio Bovolon,Pro - 2,-224,246,736
83,13.2,258,Sante Severini,Pro - 4,-224,219,696
83,13.2,259,Philippe Peyroche,Pro - 21,-224,212,083
83,13.2,260,Mauro Saccoccia,Pro - 10,-224,186,877
83,13.2,262,Robert Horvath,Pro - 4,-224,009,938
83,13.2,263,Vsevolod Demydov,Pro - 17,-223,987,008
83,13.2,265,Louis Hamilton,Pro - 20,-223,826,172
83,13.2,266,Geoff Atkin,Master - 5,-223,738,276
83,13.2,267,Marek Waleczek,Pro - 25,-223,705,361
83,13.2,269,Michal Presinsky,Pro - 16,-223,402,530
83,13.2,270,Đuro Prejc,Master - 2,-223,400,523
83,13.2,271,Rem Jürgenson,Pro - 14,-223,146,702
83,13.2,272,Michele Jannone,Pro - 15,-222,634,432
83,13.2,273,Keith Clark,Pro - 10,-222,602,494
83,13.2,274,Andrej Novák,Pro - 9,-222,337,136
83,13.2,275,Massimo Dinolfo,Pro - 17,-222,266,942
83,13.2,276,Jani Syrjäläinen,Master - 1,-222,137,352
83,13.2,277,Milos Markovic,Pro - 22,-222,030,869
83,13.2,278,Marcin Żak,Elite,-221,828,274
83,13.2,279,Patricija Ovcharenko,Pro - 13,-221,745,698
83,13.2,280,Asdrúbal Corral,Pro - 15,-221,447,411
83,13.2,281,Stuart Foster,Pro - 12,-221,443,582
83,13.2,282,Ayman Daher,Pro - 20,-221,434,531
83,13.2,283,Thomas Geißler,Pro - 20,-221,311,449
83,13.2,284,Mick Ridley,Pro - 16,-221,209,244
83,13.2,285,Renato Ribeiro,Pro - 10,-220,932,577
83,13.2,286,Daniel Woodhouse,Pro - 4,-220,897,620
83,13.2,287,Vincent Douchez,Pro - 1,-220,863,493
83,13.2,288,Erkin Aksoy,Pro - 3,-220,738,628
83,13.2,289,Matheus Senna Ramos,Master - 5,-220,629,074
83,13.2,290,Martin Kuzov,Pro - 18,-220,467,665
83,13.2,291,Jairo Teixeira,Pro - 18,-220,370,280
83,13.2,292,Eddie Goodall,Pro - 12,-220,360,271
83,13.2,293,Jussi Mäenpää,Pro - 20,-220,322,584
83,13.2,294,Victor Nekrasov,Pro - 10,-220,322,414
83,13.2,295,Martin Britain,Master - 4,-220,193,777
83,13.2,296,Hrvoje Jošić,Pro - 24,-220,066,821
83,13.2,297,Rasmus Hove,Pro - 9,-219,991,259
83,13.2,298,Francesco Cambi,Pro - 6,-219,960,408
83,13.2,299,Andrea Cussigh,Master - 5,-219,814,222
83,13.2,300,Tomi Kaartinen,Master - 1,-219,765,630
83,13.2,301,Geoffrey Stanislawski,Pro - 7,-219,765,164
83,13.2,302,Carmine Esposito,Pro - 20,-219,703,720
83,13.2,304,Ahoorda Lelou,Master - 4,-219,414,138
83,13.2,305,Leanne Lowe,Pro - 24,-219,394,616
83,13.2,306,Dimítris Athinaíos,Pro - 9,-219,331,033
83,13.2,307,Daniel Palma,Pro - 19,-219,244,685
83,13.2,308,Johannes Haaparanta,Pro - 24,-219,203,969
83,13.2,309,Alfonso Ridolfo,Master - 4,-219,197,232
83,13.2,310,Abdullah Kasapoglu,Master - 5,-219,147,568
83,13.2,311,Rogerio Mandler,Pro - 20,-218,949,991
83,13.2,312,Michael Zenger,Pro - 18,-218,702,691
83,13.2,313,Duong Cuong,Pro - 17,-218,630,476
83,13.2,314,Torsten Wilke,Pro - 18,-218,625,516
83,13.2,315,Sergio Severino,Pro - 15,-218,529,802
83,13.2,316,Paweł Zaburski,Master - 4,-218,493,869
83,13.2,317,Andrea Iacoponi,Pro - 5,-218,474,693
83,13.2,318,Philippe Taffonneau,Pro - 4,-218,221,164
83,13.2,320,Marko Dragojević,Pro - 14,-218,144,461
83,13.2,321,Álvaro Alvarinho,Pro - 17,-217,979,577
83,13.2,322,André Ahlberg,Pro - 8,-217,949,336
83,13.2,323,Sebastian Cangaro,Pro - 2,-217,945,583
83,13.2,324,James Hitchen,Master - 4,-217,943,200
83,13.2,325,Petr Valíček,Pro - 7,-217,853,912
83,13.2,326,Mussulin Junior,Pro - 4,-217,727,639
83,13.2,327,Stewart James,Pro - 19,-217,564,719
83,13.2,328,Bora Janić,Pro - 4,-217,541,290
83,13.2,329,Alejandro Badino,Master - 4,-217,521,690
83,13.2,330,Josh Clark,Master - 4,-217,481,214
83,13.2,331,Robert Lisik,Pro - 5,-217,477,143
83,13.2,332,Andrea Amich,Master - 4,-217,309,141
83,13.2,333,Anderson Lima,Pro - 8,-217,070,485
83,13.2,334,Cezary Skonieczny,Pro - 8,-217,026,537
83,13.2,336,Patrick Gauthier,Pro - 10,-216,925,443
83,13.2,337,Michell Coredeiro,Pro - 11,-216,758,736
83,13.2,338,Simone Bertolotto,Pro - 12,-216,711,353
83,13.2,340,Stoycho Stoychev,Pro - 8,-216,613,033
83,13.2,341,Miguel Bain,Pro - 15,-216,540,712
83,13.2,342,Pete Lohvansuu,Master - 2,-216,470,211
83,13.2,343,Daniel Bonilla,Pro - 25,-216,456,432
83,13.2,344,Tom Bux,Pro - 10,-216,452,827
83,13.2,345,Adriano Barbosa,Pro - 18,-216,361,119
83,13.2,346,Valter Andreiev,Master - 1,-216,357,095
83,13.2,347,Konrad Lasak,Pro - 11,-216,308,537
83,13.2,348,Alihan Zor,Pro - 23,-216,269,874
83,13.2,349,Ivan Silva,Pro - 1,-216,188,723
83,13.2,350,Robert Lee,Pro - 17,-216,181,167
83,13.2,351,Cioponea Viorel,Pro - 5,-216,111,510
83,13.2,352,Enzo Sbarbini,Pro - 17,-216,004,684
83,13.2,353,Jason Daughty,Master - 3,-215,918,013
83,13.2,355,Marin Ružić,Pro - 14,-215,621,020
83,13.2,356,Zivanovic Nikola,Pro - 22,-215,483,542
83,13.2,357,Karol Opoka,Pro - 12,-215,386,774
83,13.2,358,Pablo Pereira,Pro - 7,-215,232,118
83,13.2,359,Arkadiusz Nicewicz,Master - 5,-215,074,657
83,13.2,360,Micael Vinhas,Master - 2,-215,031,239
83,13.2,361,Lucas Santiago,Pro - 18,-214,866,275
83,13.2,363,Daniel Iliev,Pro - 19,-214,374,092
83,13.2,364,Nick Tsagarakis,Pro - 22,-214,337,979
83,13.2,365,Mateusz Włodarczyk,Pro - 4,-214,313,828
83,13.2,366,Antonio Adolpho Pereira,Pro - 4,-214,253,013
83,13.2,367,Eddy Kobayashi,Pro - 13,-214,223,680
83,13.2,368,Marcelo Ascencio,Pro - 21,-214,162,474
83,13.2,369,Adrian Skrobiński,Pro - 17,-214,111,493
83,13.2,370,Daniel Omaña,Master - 1,-214,038,390
83,13.2,371,Stephen Cudmore,Master - 1,-213,866,266
83,13.2,372,Guille García,Pro - 5,-213,857,659
83,13.2,373,Ufuk Yasayan,Pro - 15,-213,828,933
83,13.2,375,Benedetto Di Vico,Pro - 20,-213,512,905
83,13.2,377,Dean Francis,Pro - 25,-213,356,677
83,13.2,378,Johan Dominé,Pro - 9,-213,348,238
83,13.2,379,Franco Sandoval,Pro - 2,-213,214,208
83,13.2,380,Roman Maksimenkov,Master - 5,-213,203,519
83,13.2,381,Marco Conti,Pro - 6,-213,187,274
83,13.2,382,Marco Huber,Pro - 23,-213,183,163
83,13.2,383,Peter Mulholland,Pro - 4,-213,058,157
83,13.2,384,Timo Meyer,Master - 5,-212,896,390
83,13.2,385,Joscha Büllesbach,Pro - 9,-212,599,974
83,13.2,387,Jorge Jury,Pro - 25,-212,490,083
83,13.2,388,Martin Rosina,Pro - 1,-212,318,204
83,13.2,390,Andreas Ramann,Master - 5,-211,944,901
83,13.2,391,Fabio Lopez,Pro - 20,-211,707,187
83,13.2,392,Ivan Andjelic,Pro - 20,-211,638,454
83,13.2,393,Paulo Varela,Pro - 7,-211,560,351
83,13.2,394,Antonio Guzzo,Pro - 5,-211,557,788
83,13.2,395,Cristina Demeo,Pro - 8,-211,555,175
83,13.2,396,Richard Molyneaux,Pro - 8,-211,464,546
83,13.2,397,Jeremy Sarrasin,Pro - 22,-211,424,646
83,13.2,398,Jorge Hora,Pro - 5,-211,414,492
83,13.2,399,William Day,Master - 1,-211,099,353
83,13.2,400,Zoltán Zelei,Pro - 16,-211,002,884
83,13.2,401,Nikoletta Posvancz,Pro - 15,-210,950,725
83,13.2,402,Felipe Aguiar,Pro - 16,-210,569,375
83,13.2,403,Igor Mihaliska,Pro - 18,-210,511,804
83,13.2,404,Leonardo Solazzi,Master - 4,-210,356,230
83,13.2,405,Marco Triulzi,Pro - 7,-210,127,070
83,13.2,406,Alexis Adams,Pro - 15,-210,083,495
83,13.2,407,Matias Figuera,Pro - 12,-210,060,209
83,13.2,408,Jorge Luiz Filho,Pro - 2,-209,934,072
83,13.2,409,Mark Pinnick,Master - 2,-209,913,550
83,13.2,410,Emīls Ribaks,Pro - 13,-209,858,306
83,13.2,411,Norbert Páldeák,Pro - 21,-209,819,570
83,13.2,412,Paulo Carneiro,Pro - 12,-209,409,772
83,13.2,413,Tibor Szuromi,Pro - 23,-209,358,836
83,13.2,414,Burak Alaydın,Pro - 16,-209,284,740
83,13.2,416,Vladimir Islentiev,Pro - 25,-209,247,735
83,13.2,418,Sebastian Cucciardi,Pro - 20,-208,854,909
83,13.2,419,Aleksey Kondratenko,Pro - 1,-208,752,331
83,13.2,421,Tianhao Chen,Pro - 7,-208,718,500
83,13.2,422,Karol Mazurek,Pro - 8,-208,676,490
83,13.2,423,Gianluca Nanni,Pro - 20,-208,586,166
83,13.2,424,Carlos Miola,Pro - 3,-208,489,736
83,13.2,425,Aleksej Sutkin,Pro - 3,-208,447,291
83,13.2,426,Luca Sora,Master - 1,-208,437,592
83,13.2,427,Daniel Rodriguez,Pro - 14,-208,311,394
83,13.2,429,Miguel Rosso,Pro - 15,-208,190,571
83,13.2,430,Eugene Timchenko,Pro - 12,-208,171,479
83,13.2,431,Martin Irla,Pro - 1,-208,161,277
83,13.2,432,Mihai Daroczi,Pro - 15,-208,119,231
83,13.2,433,Mahesh Bheemaraj,Pro - 11,-208,115,913
83,13.2,434,David de la Hoz,Pro - 24,-208,025,805
83,13.2,435,Roman Ischenko,Pro - 16,-207,809,254
83,13.2,436,Will Eel,Pro - 6,-207,764,054
83,13.2,437,Massimo D'amico,Pro - 1,-207,714,279
83,13.2,438,Mateusz Górny,Pro - 12,-207,682,541
83,13.2,439,Rebecca Nanni,Pro - 12,-207,576,690
83,13.2,440,Alex Mehser,Pro - 11,-207,388,238
83,13.2,441,Brice Meyer,Pro - 16,-207,169,698
83,13.2,442,Jon Bell,Pro - 23,-207,070,809
83,13.2,443,Gabriele Tumminello,Pro - 18,-206,996,368
83,13.2,444,David Andrewartha,Pro - 12,-206,975,660
83,13.2,445,Zsolt Varga,Pro - 5,-206,826,516
83,13.2,446,Cornelius Alexandru,Pro - 9,-206,794,639
83,13.2,447,Giovanni Bertolo,Pro - 16,-206,704,454
83,13.2,448,Remco Siemes,Pro - 4,-206,642,611
83,13.2,449,Péter Veszprémi,Pro - 18,-206,396,907
83,13.2,450,Lazar Petkovic,Pro - 4,-206,148,458
83,13.2,451,Florin Ionut,Pro - 15,-206,094,139
83,13.2,452,Vladimir Jelicic,Master - 2,-206,055,882
83,13.2,453,Rodrigo Marino,Pro - 7,-205,918,302
83,13.2,454,Valentino Receputi,Pro - 23,-205,792,866
83,13.2,455,Giordano Vieira,Pro - 10,-205,681,255
83,13.2,456,Pieterjan Staessen,Pro - 3,-205,603,989
83,13.2,457,Luiz Rocha,Pro - 2,-205,501,521
83,13.2,458,Diogo Schwinn,Pro - 14,-205,482,759
83,13.2,460,Valnyris Tejet,Pro - 17,-205,287,637
83,13.2,461,Leonardo Araújo,Pro - 14,-205,264,118
83,13.2,462,Jim Becker,Pro - 8,-205,214,578
83,13.2,463,Ernestas Kalašinskas,Pro - 21,-205,193,049
83,13.2,464,Enrico Canino,Pro - 11,-205,086,856
83,13.2,465,Matías Almada,Pro - 2,-205,018,486
83,13.2,466,Tim Villars,Master - 5,-205,011,315
83,13.2,468,Alberto Osio,Pro - 7,-204,861,693
83,13.2,470,Geoffrey Gill,Pro - 12,-204,757,791
83,13.2,471,Fabio Romani,Master - 1,-204,757,149
83,13.2,473,Kamil Wojciechowski,Pro - 11,-204,637,443
83,13.2,474,Kuba Gułajewski,Master - 1,-204,584,899
83,13.2,475,Rogério Araken,Pro - 15,-204,584,846
83,13.2,476,Vincent Baguet,Pro - 4,-204,534,545
83,13.2,477,Tony Colangelo,Pro - 6,-204,358,425
83,13.2,478,Ahmet Sonverdi,Master - 5,-204,326,084
83,13.2,479,Giannis Kiriakidis,Pro - 21,-204,279,288
83,13.2,480,András Bozóti,Master - 2,-204,231,475
83,13.2,481,Leonardo Franco,Master - 2,-204,219,375
83,13.2,482,Luis Ferreira,Pro - 14,-204,159,774
83,13.2,483,Piotr Łabenda,Pro - 12,-204,087,529
83,13.2,484,Mario Maietto,Pro - 11,-204,031,347
83,13.2,485,Sito Haus,Pro - 14,-203,944,359
83,13.2,486,Krisztián Veinperl,Master - 5,-203,751,629
83,13.2,487,Benedetto Campobello,Elite,-203,586,153
83,13.2,488,Sandro Benghi,Pro - 14,-203,456,210
83,13.2,489,Silvio Botterini,Pro - 10,-203,391,318
83,13.2,490,Gavin Adam,Pro - 24,-203,359,951
83,13.2,491,Dimitry Korotunenko,Pro - 23,-203,275,450
83,13.2,492,Eric Petroni,Pro - 2,-203,084,921
83,13.2,493,Melissa Martin,Pro - 2,-203,034,422
83,13.2,494,Zoran Korolija,Pro - 7,-203,003,646
83,13.2,495,Bindics Róbert,Master - 4,-202,964,906
83,13.2,496,Damir Martinjak,Pro - 6,-202,940,216
83,13.2,497,Jacopo Albertini,Master - 1,-202,779,405
83,13.2,498,Pavel Pobirovski,Master - 1,-202,554,613
83,13.2,499,Charles Kurz,Master - 3,-202,532,491
83,13.2,500,Finn Shaw-McIver,Pro - 5,-202,475,983
83,13.2,501,Oriol Pardo,Pro - 19,-202,442,564
83,13.2,502,Nicoletta Donadoni,Pro - 6,-202,373,634
83,13.2,504,Lauren Earnest,Master - 1,-202,190,251
83,13.2,507,Witek Dzid,Pro - 17,-201,991,110
83,13.2,509,Gyula Kalmár,Pro - 8,-201,846,405
83,13.2,510,Sharma Vivek,Master - 3,-201,760,901
83,13.2,511,Gokhan Özkan,Pro - 16,-201,664,431
83,13.2,512,Kirsty Ridley,Pro - 23,-201,581,801
83,13.2,513,Atli Thor Johannesson,Pro - 1,-201,522,098
83,13.2,514,Paweł Dudziński,Master - 4,-201,496,580
83,13.2,515,Aleksandr Gerassimtsik,Master - 4,-201,361,399
83,13.2,516,Dariusz Borysiewicz,Pro - 24,-201,345,142
83,13.2,519,Jimmy Severini,Pro - 11,-201,157,223
83,13.2,520,Bruno Da Silva,Pro - 21,-201,115,530
83,13.2,522,Darek Krawczuk,Pro - 9,-200,996,715
83,13.2,523,Stephen Brooks,Pro - 5,-200,985,408
83,13.2,524,Thiago Mendes,Pro - 17,-200,937,942
83,13.2,525,Marcin Calmen,Pro - 19,-200,890,447
83,13.2,526,Sergey Kozlenko,Pro - 6,-200,881,056
83,13.2,527,Miklós Gál,Pro - 5,-200,677,497
83,13.2,529,Rowie Halcon,Pro - 1,-200,525,690
83,13.2,530,Ugo Venturi,Pro - 9,-200,471,181
83,13.2,531,Pál Baracsi,Pro - 19,-200,347,128
83,13.2,532,Jean-Maxime Trucon,Pro - 23,-200,301,902
83,13.2,533,Alin Berescu,Pro - 13,-200,299,761
83,13.2,534,Tadeu Bolzan,Pro - 18,-200,252,602
83,13.2,536,Dóró Gábor,Pro - 7,-200,022,358
83,13.2,537,Grzegorz Laszczewski,Pro - 4,-200,009,986
83,13.2,539,Sergei Mitrahovich,Pro - 16,-199,852,145
83,13.2,540,Kerem Arslanli,Pro - 21,-199,641,354
83,13.2,541,Jonathan Flament,Pro - 12,-199,481,976
83,13.2,542,Arnaud de Marneffe,Master - 3,-199,288,836
83,13.2,543,Francesco Polleggioni,Pro - 17,-199,139,727
83,13.2,544,Tom Hewer,Pro - 2,-199,114,867
83,13.2,546,Denny Holt,Pro - 10,-199,025,795
83,13.2,548,Jesús Pérez,Pro - 23,-198,921,148
83,13.2,549,Cole Fainter,Pro - 12,-198,855,599
83,13.2,550,Nikola Jancic,Master - 3,-198,795,697
83,13.2,551,Christian Aunkofer,Pro - 6,-198,761,624
83,13.2,552,Tamás Papdi,Pro - 19,-198,649,441
83,13.2,553,Plamen Iliev,Pro - 3,-198,621,844
83,13.2,554,Erhan Erdikmen,Pro - 9,-198,556,735
83,13.2,555,Francesco Cairola,Pro - 14,-198,433,961
83,13.2,557,Aigars Vitolins,Elite,-198,369,590
83,13.2,558,Stefan Leitgeb,Pro - 17,-198,352,069
83,13.2,559,Roland Balog,Pro - 16,-198,257,112
83,13.2,561,Ville Kukkonen,Pro - 8,-198,136,693
83,13.2,562,Shersh Khandelwal,Pro - 11,-198,124,419
83,13.2,563,Joel Christman,Pro - 23,-198,109,083
83,13.2,564,Luis Lino,Pro - 10,-198,106,799
83,13.2,565,Roman Lizogub,Pro - 16,-198,091,609
83,13.2,566,Stanislav Frolov,Pro - 25,-198,090,782
83,13.2,567,Adam Wierzba,Master - 2,-197,940,494
83,13.2,568,Victor Baia,Pro - 9,-197,860,560
83,13.2,569,Wagner Miranda,Pro - 5,-197,823,655
83,13.2,571,Martin Pospíšil,Pro - 15,-197,739,604
83,13.2,572,Márton Martin Safranyik,Pro - 6,-197,735,463
83,13.2,573,Alexander Kateliev,Pro - 15,-197,712,041
83,13.2,574,Gavin Mackenzie,Pro - 12,-197,695,374
83,13.2,576,Guido Simonetta,Pro - 22,-197,133,720
83,13.2,577,Tomasz Boryczka,Pro - 9,-197,122,267
83,13.2,578,Rafael Talaisys,Pro - 18,-197,098,586
83,13.2,579,Zrinyi Szilárd,Pro - 8,-196,954,167
83,13.2,580,Erwan Le Caill,Pro - 2,-196,934,514
83,13.2,582,Angel Salas,Pro - 13,-196,899,471
83,13.2,583,Francisco Arce,Pro - 22,-196,870,213
83,13.2,584,Ricardo Silva,Pro - 16,-196,739,238
83,13.2,586,Mirsad Pazari,Pro - 14,-196,632,484
83,13.2,587,Michail Ivanov,Master - 5,-196,607,131
83,13.2,589,Frederik Broux,Pro - 19,-196,548,581
83,13.2,590,Ricardo Todd,Pro - 20,-196,516,138
83,13.2,591,Mario Martini,Pro - 12,-196,365,411
83,13.2,592,Lukasz Szymanski,Pro - 11,-196,336,413
83,13.2,595,Maurício Jackson,Pro - 3,-196,324,714
83,13.2,596,Marco Bergoglio,Pro - 4,-196,289,195
83,13.2,597,Dmitri Kondrat,Pro - 13,-196,056,231
83,13.2,600,Gustavo Bellotto,Elite,-195,796,371
83,13.2,602,Andrew Lane,Pro - 6,-195,597,765
83,13.2,603,Alex Alonso,Pro - 3,-195,526,424
83,13.2,604,Maurizio Faccin,Pro - 5,-195,512,764
83,13.2,605,Ahmet Ozturk,Pro - 8,-195,356,461
83,13.2,606,Deepak Kar,Pro - 23,-195,290,594
83,13.2,607,Wagner Costa,Pro - 20,-195,261,123
83,13.2,608,Jukka Häyhä,Pro - 3,-195,188,198
83,13.2,609,Andreas Vigil,Pro - 23,-195,149,518
83,13.2,610,Mindaugas Kuodys,Pro - 15,-195,073,808
83,13.2,612,Valter Polsaque,Pro - 11,-195,040,400
83,13.2,615,Szilkó Szoboszlai,Pro - 23,-194,816,223
83,13.2,616,Sagar Abhyankar,Pro - 24,-194,694,728
83,13.2,617,Máximo Dolz,Pro - 9,-194,680,807
83,13.2,619,Antonio Palazzo,Pro - 10,-194,596,934
83,13.2,620,Guilherme Oliveira,Pro - 2,-194,543,266
83,13.2,621,Roberto Schumacher,Pro - 20,-194,532,404
83,13.2,622,Mert Büyükakar,Pro - 2,-194,501,113
83,13.2,623,Jonathan Soignat,Pro - 6,-194,495,758
83,13.2,625,Dmitrij Polikarpov,Master - 1,-194,367,783
83,13.2,626,Eduardo Zolin,Pro - 10,-194,325,248
83,13.2,627,Bill Vasilonikolos,Pro - 4,-194,183,992
83,13.2,629,Svetoslav Dimitrov,Pro - 6,-194,083,164
83,13.2,630,Giuseppe Greco,Pro - 6,-194,069,690
83,13.2,631,Sergey Ryabov,Pro - 12,-194,009,631
83,13.2,633,David Smith,Master - 1,-193,945,817
83,13.2,634,Harri Pakosta,Pro - 22,-193,882,625
83,13.2,636,Alexandra Silva,Master - 3,-193,799,433
83,13.2,638,Lucas Floriano De Souza,Pro - 13,-193,715,404
83,13.2,639,Claudio Laguna,Master - 3,-193,693,121
83,13.2,640,Jhon Alexander Osorno Alvarez,Pro - 17,-193,626,196
83,13.2,642,Carlos Esparza,Pro - 21,-193,533,122
83,13.2,643,Thomas Bertolino,Master - 1,-193,517,236
83,13.2,645,Jose Luis Castro,Pro - 25,-193,418,037
83,13.2,646,Andrew Massey,Master - 2,-193,335,832
83,13.2,647,Ilija Radovanovic,Pro - 1,-193,262,255
83,13.2,648,Luce Roso,Pro - 17,-193,250,001
83,13.2,649,Dominik Krowiak,Pro - 12,-193,180,877
83,13.2,651,Jiřina Bojanovská,Pro - 5,-193,092,449
83,13.2,653,Allecio Nagleydson,Pro - 3,-193,036,394
83,13.2,654,Kyle Morris,Pro - 3,-192,983,220
83,13.2,655,Ari Rautamies,Pro - 14,-192,974,309
83,13.2,656,Joe Manifold,Pro - 19,-192,920,927
83,13.2,658,Paulo Peralta,Pro - 10,-192,712,295
83,13.2,659,Dieter Nix,Master - 4,-192,670,588
83,13.2,661,Monique Lacroix,Pro - 4,-192,602,030
83,13.2,662,Victor Kamennov,Pro - 16,-192,563,155
83,13.2,665,Juan Farias,Pro - 12,-192,267,000
83,13.2,667,Daniel Santos,Pro - 10,-192,116,409
83,13.2,668,Greg Byrnes-mikelsons,Pro - 1,-192,077,253
83,13.2,673,Victor Chernyshev,Pro - 16,-191,969,537
83,13.2,674,Andrew Green,Pro - 1,-191,922,084
83,13.2,675,Eleutério Sousa,Pro - 19,-191,915,703
83,13.2,676,Andrei Daroczi,Pro - 3,-191,893,789
83,13.2,677,Craig McLean,Pro - 16,-191,674,947
83,13.2,678,Nikita Guidotti,Pro - 22,-191,557,872
83,13.2,679,Rauno Tammel,Pro - 21,-191,397,195
83,13.2,681,Bernardo Folhadela,Pro - 8,-191,274,053
83,13.2,682,Simone Rossi,Pro - 10,-191,127,329
83,13.2,683,Maciej Młynek,Pro - 22,-191,096,911
83,13.2,684,Arnaud Religieux,Pro - 16,-191,029,509
83,13.2,685,Gary Mullins,Pro - 24,-190,945,652
83,13.2,686,Pablo Bagnalasta,Pro - 3,-190,889,587
83,13.2,691,Maickson Neiben,Pro - 24,-190,746,529
83,13.2,692,Paulo Neves,Master - 1,-190,713,010
83,13.2,693,Taco Albers,Pro - 7,-190,622,950
83,13.2,694,Eligio Celis,Pro - 7,-190,616,556
83,13.2,696,Thomas Uvyn,Pro - 7,-190,419,406
83,13.2,697,Ezequiel Palletti,Pro - 12,-190,279,346
83,13.2,700,Vitaliy Repetsky,Pro - 7,-190,204,640
83,13.2,701,Eduard Gindullin,Pro - 19,-190,126,538
83,13.2,702,Barna Tóth,Pro - 11,-190,111,319
83,13.2,703,Theodosis Vogiatzis,Pro - 20,-190,039,358
83,13.2,704,Gökay Çiftçi,Pro - 11,-190,010,026
83,13.2,705,Tommaso Petri,Pro - 4,-189,977,961
83,13.2,706,Csaba Csarankó,Pro - 19,-189,878,789
83,13.2,707,Jim Panse,Pro - 8,-189,611,868
83,13.2,708,Frédéric Pierret,Pro - 21,-189,511,526
83,13.2,709,Sergio Roman,Pro - 10,-189,420,109
83,13.2,710,Giovanni Barzaghi,Pro - 13,-189,408,497
83,13.2,713,Uilton Santos,Pro - 15,-189,205,067
83,13.2,714,Mikko Heikkinen,Pro - 5,-189,195,264
83,13.2,715,Ciccio Pappalardo,Pro - 20,-189,153,897
83,13.2,718,Arnoldas Arnisgd,Pro - 22,-188,745,979
83,13.2,719,Paolo Di Giuseppe,Pro - 1,-188,737,086
83,13.2,720,Patrick Urlings,Master - 2,-188,576,878
83,13.2,724,Else Rene,Pro - 9,-188,340,401
83,13.2,725,Golberto Junior,Pro - 6,-188,208,944
83,13.2,727,Dimitrios Mitsos,Pro - 25,-188,047,933
83,13.2,728,Suat Gültekin,Pro - 20,-187,985,042
83,13.2,729,Marco Lopes,Pro - 13,-187,925,149
83,13.2,730,Mihály Székely,Pro - 17,-187,923,556
83,13.2,731,Victor Fabiano,Pro - 20,-187,874,627
83,13.2,734,Ahmad Aloulou,Pro - 12,-187,736,303
83,13.2,735,Kaiko Kell,Pro - 7,-187,735,631
83,13.2,736,Amílcar Gomes,Pro - 6,-187,688,957
83,13.2,737,Dani Fekete,Pro - 15,-187,525,819
83,13.2,738,Krzysztof Betlewicz,Pro - 24,-187,520,992
83,13.2,739,Simone Bianchi,Pro - 5,-187,406,350
83,13.2,740,Joachim Vaes,Master - 2,-187,404,564
83,13.2,742,Paulo Morgado,Pro - 14,-187,251,806
83,13.2,744,Michael Reyer,Pro - 13,-187,126,545
83,13.2,746,Andrei Vădineanu,Pro - 18,-187,032,421
83,13.2,747,Juan Manuel Collova,Pro - 3,-186,987,638
83,13.2,748,Silvestre Fonseca,Pro - 23,-186,982,833
83,13.2,749,Ping Hui,Pro - 24,-186,967,514
83,13.2,750,Zsolt Modoc,Pro - 13,-186,933,326
83,13.2,751,Jaroslav Boruvka,Pro - 3,-186,914,914
83,13.2,753,Diogo Carrapiço,Pro - 14,-186,849,042
83,13.2,756,Mario Chiesa,Pro - 4,-186,697,845
83,13.2,757,Slobodan Bulic,Pro - 18,-186,620,304
83,13.2,758,Pulido Quintero,Pro - 5,-186,610,683
83,13.2,759,Nikolai Nikolov,Pro - 13,-186,605,342
83,13.2,760,Iulian Brutaru,Pro - 1,-186,557,472
83,13.2,762,Fabricio Ramos,Pro - 15,-186,256,420
83,13.2,763,Bernard Bontjer,Pro - 23,-186,228,354
83,13.2,765,Giacomo James Devilman,Pro - 9,-186,196,342
83,13.2,766,Jos Haarsma,Pro - 21,-186,151,043
83,13.2,767,Christoph Schöning,Master - 5,-186,132,095
83,13.2,772,Ariel Fuentes,Pro - 24,-185,665,410
83,13.2,773,Čeněk Urvalfiltr,Pro - 21,-185,643,180
83,13.2,774,Andrew Lawrence,Pro - 19,-185,605,247
83,13.2,776,Daniel Čech,Pro - 25,-185,441,684
83,13.2,777,Alexander Hoppe,Pro - 19,-185,352,795
83,13.2,778,Alexandru Ionut,Pro - 13,-185,276,856
83,13.2,779,Jesús Torres,Pro - 5,-185,259,988
83,13.2,780,Damián Almada,Pro - 2,-185,249,322
83,13.2,781,Col Brown,Pro - 22,-184,961,230
83,13.2,784,Tamás Tóth,Master - 1,-184,793,365
83,13.2,785,Nigel Donovan,Pro - 1,-184,786,160
83,13.2,787,Raffaele Bevacqua,Pro - 9,-184,716,151
83,13.2,788,Lukas Pilka,Pro - 16,-184,689,669
83,13.2,789,Miguel Queiroz,Pro - 13,-184,678,454
83,13.2,790,Yakup Paçacı,Pro - 7,-184,673,936
83,13.2,792,Marcelo Franco,Pro - 24,-184,661,000
83,13.2,793,Carlos Said Cabrera,Pro - 6,-184,658,170
83,13.2,795,Neil Cole,Pro - 22,-184,636,668
83,13.2,796,Alessandro Facchetti,Pro - 12,-184,546,155
83,13.2,798,Doru Paraschiv,Pro - 1,-184,337,554
83,13.2,799,Mark Jeacock,Pro - 24,-184,160,958
83,13.2,800,László Tóth,Pro - 2,-183,974,636
83,13.2,801,Sergey Bolshakov,Pro - 10,-183,940,085
83,13.2,802,Quentin Gonzalez,Pro - 7,-183,893,210
83,13.2,803,Cristian Cattaneo,Pro - 4,-183,871,514
83,13.2,804,Vladimir Marinov,Master - 3,-183,870,572
83,13.2,808,Tom Griessmann,Pro - 5,-183,706,829
83,13.2,811,Michal Andrýsekk,Pro - 20,-183,478,311
83,13.2,812,Carlos Alfredo Habegger,Pro - 24,-183,457,200
83,13.2,814,Dejan Makor,Pro - 12,-183,328,979
83,13.2,815,Felipe Bello,Pro - 10,-183,284,122
83,13.2,817,Mark Philips,Master - 4,-183,225,409
83,13.2,818,Philippe Laude,Pro - 23,-183,063,801
83,13.2,820,Amitesh Patnaik,Pro - 24,-183,048,929
83,13.2,823,Sam Durrant,Pro - 12,-182,917,947
83,13.2,824,Santiago Chaher,Pro - 4,-182,879,470
83,13.2,826,Juan Carlos Mendez,Pro - 11,-182,813,054
83,13.2,830,Dirk Sperling,Pro - 9,-182,551,188
83,13.2,831,Alberto Pérez,Master - 3,-182,537,213
83,13.2,834,Kaur Sirel,Master - 1,-182,487,144
83,13.2,835,Alexandre Bissiriex,Pro - 3,-182,480,341
83,13.2,836,Stephane Verly,Pro - 5,-182,298,804
83,13.2,837,Rafal Lotkowski,Pro - 5,-182,297,562
83,13.2,840,Yiánnis Spirópoulos,Pro - 21,-181,967,993
83,13.2,843,Dean Francis,Pro - 24,-181,708,108
83,13.2,844,Jose Luis Macho Pita,Pro - 16,-181,701,344
83,13.2,848,Didier Charlot,Pro - 18,-181,568,344
83,13.2,849,Mariano Seeber,Pro - 18,-181,462,152
83,13.2,850,Emo Hristov,Pro - 8,-181,451,614
83,13.2,851,Adam Pilo,Pro - 20,-181,403,407
83,13.2,852,Leandro Carvalho,Master - 3,-181,367,363
83,13.2,855,Mihail Morozov,Pro - 14,-181,202,215
83,13.2,858,Ali İhsan Umutlu,Pro - 19,-181,093,499
83,13.2,859,Tiago Almeida,Pro - 1,-181,087,694
83,13.2,860,Alex Phil,Pro - 15,-181,059,115
83,13.2,861,Mihail Horvath,Pro - 12,-181,029,467
83,13.2,868,Attila Gore,Pro - 25,-180,884,258
83,13.2,869,Marco Parinetti,Pro - 8,-180,865,124
83,13.2,870,Maurício Linhares,Pro - 3,-180,851,248
83,13.2,871,Caíke Kauling,Pro - 16,-180,848,754
83,13.2,873,Stephane Pioger,Pro - 1,-180,790,218
83,13.2,875,Marius Valentin Brutaru,Pro - 2,-180,646,947
83,13.2,878,Mauro Pisani,Pro - 2,-180,561,926
83,13.2,880,Davide Lorenzini,Elite,-180,427,310
83,13.2,881,David Cabral,Pro - 11,-180,397,429
83,13.2,882,Michal Okulski,Pro - 13,-180,329,245
83,13.2,884,Olivier Baptista,Pro - 11,-180,276,629
83,13.2,887,Pavel Ionescu,Pro - 13,-180,158,492
83,13.2,888,Pedro Marques,Pro - 7,-180,057,354
83,13.2,890,Alexandre Andrade,Pro - 16,-180,013,243
83,13.2,893,Marco Pomes,Pro - 18,-179,859,881
83,13.2,897,David Brennan,Pro - 5,-179,660,230
83,13.2,898,Jean-françois Charbinat,Master - 5,-179,645,882
83,13.2,902,Fabio Fonzie,Pro - 5,-179,505,271
83,13.2,903,Petar Chuchukov,Pro - 19,-179,439,350
83,13.2,904,Luis Gustavo,Pro - 4,-179,413,342
83,13.2,906,José Luis Navarro,Pro - 14,-179,236,015
83,13.2,908,Lucas Holmes,Pro - 16,-179,075,074
83,13.2,909,Dejan Petrović,Master - 3,-179,055,893
83,13.2,911,Marcos Amaral,Pro - 2,-178,897,261
83,13.2,913,Peter Thompson,Pro - 1,-178,847,225
83,13.2,914,Guilherme Henrique,Pro - 1,-178,836,658
83,13.2,915,Ali Aydın,Pro - 11,-178,813,400
83,13.2,919,Zoltán Zsifkó,Pro - 21,-178,735,437
83,13.2,921,Filippo Gino,Pro - 9,-178,603,039
83,13.2,925,Bruno Marques,Pro - 2,-178,455,009
83,13.2,926,Boris Schizzarotto,Pro - 18,-178,409,321
83,13.2,927,Maciej Rabiński,Pro - 25,-178,324,526
83,13.2,931,Claudemar Teichmann,Pro - 1,-178,192,947
83,13.2,934,Craig Templeman,Pro - 25,-178,077,569
83,13.2,936,Raymon Garcia,Pro - 6,-177,926,146
83,13.2,938,Jorge Bento,Master - 5,-177,811,598
83,13.2,940,Jean-marc Boissinot,Pro - 9,-177,704,140
83,13.2,941,Eric Bolder,Pro - 10,-177,636,979
83,13.2,942,Carlo Marchetti,Pro - 4,-177,628,951
83,13.2,943,Franciscus Van Essche,Pro - 3,-177,523,422
83,13.2,944,Pablo Venini,Pro - 2,-177,516,025
83,13.2,947,Gonzalo Nieto,Pro - 4,-177,462,979
83,13.2,948,Franco Lorijn,Pro - 5,-177,451,998
83,13.2,949,Cosimo Salatino,Pro - 17,-177,444,253
83,13.2,953,Horia Garbacea,Pro - 3,-177,321,897
83,13.2,955,André Henriques,Pro - 6,-177,275,119
83,13.2,958,Giorgio Aspesi,Pro - 11,-177,134,605
83,13.2,960,Pavel Šťastný,Pro - 21,-177,109,937
83,13.2,961,Fábio Schrier,Pro - 25,-177,105,246
83,13.2,963,Jose Luis Monty,Pro - 21,-177,081,984
83,13.2,964,Edmundas Urbonas,Pro - 14,-177,079,749
83,13.2,965,Níkos Mpalkámos,Pro - 19,-176,986,487
83,13.2,972,Jaime Gomez,Pro - 20,-176,755,103
83,13.2,975,Michael Monaco,Pro - 24,-176,640,865
83,13.2,976,Andrjunja Kass,Pro - 16,-176,614,031
83,13.2,977,Giovanni Farina,Pro - 21,-176,507,234
83,13.2,978,Steffen Holm,Pro - 19,-176,398,054
83,13.2,979,Peter Kontra,Pro - 13,-176,356,970
83,13.2,981,Todor Mitev,Pro - 8,-176,320,153
83,13.2,983,Dávid Guti,Master - 2,-176,202,338
83,13.2,986,Marcin Grajek,Pro - 15,-176,006,067
83,13.2,988,Willian Moura,Pro - 17,-175,897,297
83,13.2,990,Matthew Wheeler,Pro - 22,-175,698,876
83,13.2,992,Ilya Shiv,Pro - 2,-175,644,403
83,13.2,994,Keith Whittaker,Pro - 23,-175,557,437
83,13.2,995,Naad Lamsui,Pro - 2,-175,533,488
83,13.2,997,Róbert Jakó,Pro - 7,-175,405,328
83,13.2,1001,Gonçalo Fernandes,Pro - 6,-175,250,359
83,13.2,1002,John Arthur,Pro - 10,-175,179,023
83,13.2,1003,Andrea Gaggino,Pro - 7,-175,103,268
83,13.2,1005,Oeste Berta,Pro - 14,-174,999,887
83,13.2,1006,Chris Williamson,Pro - 17,-174,973,342
83,13.2,1007,Kardos Tibor,Pro - 10,-174,957,935
83,13.2,1008,Marius Slavinskas,Pro - 15,-174,943,731
83,13.2,1009,Joe Meal,Pro - 4,-174,929,931
83,13.2,1010,Martino Colombo,Master - 5,-174,909,806
83,13.2,1011,João Afro Barros Leal,Pro - 25,-174,855,733
83,13.2,1012,Salvatore Di Meo,Pro - 12,-174,828,461
83,13.2,1014,Jerome Godet,Pro - 8,-174,670,409
83,13.2,1017,Alexander Rowlands,Pro - 4,-174,600,051
83,13.2,1018,David Michler,Master - 4,-174,546,501
83,13.2,1019,Zoltán Kucora,Pro - 2,-174,468,538
83,13.2,1020,Oleksa Vyshnivsky,Pro - 12,-174,399,846
83,13.2,1021,Pedro Jose Moreno,Pro - 15,-174,373,019
83,13.2,1025,Goran Milenkovic,Pro - 16,-174,308,290
83,13.2,1029,Fabián Ré,Pro - 4,-174,077,248
83,13.2,1030,Orlin Popov,Pro - 22,-173,999,574
83,13.2,1031,Julio Pereira,Pro - 19,-173,929,297
83,13.2,1033,Montes Dimemola,Pro - 22,-173,828,919
83,13.2,1034,Sergio Ferraro,Pro - 22,-173,824,731
83,13.2,1035,Nicolás Soto,Pro - 17,-173,823,905
83,13.2,1036,Harno Lé,Pro - 23,-173,713,672
83,13.2,1037,József Szente,Pro - 25,-173,660,754
83,13.2,1039,Henrikas Svidras,Pro - 21,-173,538,700
83,13.2,1041,Arttu Korhonen,Pro - 1,-173,459,548
83,13.2,1043,Christoph Seifriedsberger,Pro - 1,-173,419,889
83,13.2,1045,Patrik Karlsson,Pro - 8,-173,338,982
83,13.2,1047,Alex Tolmar,Pro - 7,-173,095,425
83,13.2,1048,Roberto Schiavoni,Pro - 3,-173,019,677
83,13.2,1055,David Dias,Pro - 6,-172,657,761
83,13.2,1056,Marco Basilico,Pro - 6,-172,647,322
83,13.2,1057,Gabor Horvath,Pro - 11,-172,629,556
83,13.2,1059,Alexander Cant,Pro - 9,-172,575,075
83,13.2,1060,Tomasz Mazepa,Pro - 3,-172,564,158
83,13.2,1061,Vencislav Stefanov,Pro - 2,-172,523,330
83,13.2,1063,Alejandro Hernández,Pro - 4,-172,448,121
83,13.2,1064,Łukasz Tretyn,Pro - 8,-172,442,742
83,13.2,1068,Christopher Willis,Pro - 21,-172,285,744
83,13.2,1070,Francesco Dolci,Pro - 17,-172,182,302
83,13.2,1072,Marlon Feltrin Jeremias,Pro - 15,-172,160,382
83,13.2,1075,Martti Kaasik,Master - 2,-172,035,524
83,13.2,1076,Mark Blackwell,Pro - 24,-172,002,215
83,13.2,1083,Yura Murashko,Pro - 18,-171,753,882
83,13.2,1084,Davide Galliani,Pro - 9,-171,695,065
83,13.2,1086,Leonel Rey,Pro - 13,-171,565,984
83,13.2,1087,Gideon Rosa,Pro - 21,-171,372,044
83,13.2,1088,Sergio Tejero,Pro - 1,-171,255,891
83,13.2,1089,Ivan Ciric,Pro - 3,-171,251,123
83,13.2,1090,Fabio Maniscalco,Pro - 10,-171,225,429
83,13.2,1091,Daniel Bertoya,Pro - 11,-171,209,384
83,13.2,1093,Luiz Souza,Pro - 21,-171,091,571
83,13.2,1097,Łukasz Rutkowski,Pro - 21,-170,969,744
83,13.2,1098,Olivier Proulx,Pro - 13,-170,847,480
83,13.2,1104,Pablo Alejo Herrero Lamuedra,Pro - 19,-170,579,682
83,13.2,1109,Kevinas Breive,Pro - 9,-170,320,771
83,13.2,1111,Antonio Veiga,Pro - 21,-170,220,310
83,13.2,1113,Evaldas Kurmis,Pro - 8,-170,205,694
83,13.2,1115,Vladimir Viktorovich,Pro - 17,-170,172,066
83,13.2,1116,Shanhan Bonham,Pro - 17,-170,156,601
83,13.2,1118,Mike Osintsev,Pro - 11,-169,941,429
83,13.2,1121,Martin Frei,Pro - 1,-169,817,240
83,13.2,1129,Amato Batoni,Pro - 8,-169,586,262
83,13.2,1133,Paul Morak,Pro - 25,-169,408,078
83,13.2,1134,Marcos Vinicius Silva,Pro - 8,-169,367,502
83,13.2,1138,Florian Berger,Pro - 14,-169,163,266
83,13.2,1140,Dmitry Starostachev,Pro - 10,-169,154,145
83,13.2,1141,Luis Ascencio,Pro - 24,-169,114,164
83,13.2,1143,Matías Alloatti,Pro - 14,-169,084,652
83,13.2,1146,Giovanni Mazzanati,Pro - 21,-169,011,776
83,13.2,1147,Roberto Schiavelli,Pro - 23,-169,010,292
83,13.2,1148,Denis Titov,Master - 5,-168,959,536
83,13.2,1152,Aditya Wirasanjaya,Pro - 15,-168,793,843
83,13.2,1154,Ricardo Vidal,Pro - 12,-168,754,713
83,13.2,1156,Armando Feresin Pedrana,Pro - 1,-168,701,479
83,13.2,1159,Joel Trekane,Pro - 10,-168,648,502
83,13.2,1160,Sheldon Van Zyl,Pro - 24,-168,646,872
83,13.2,1161,Gabor Herna,Pro - 9,-168,558,518
83,13.2,1163,Ambroz Pondelek,Pro - 14,-168,519,012
83,13.2,1164,Gorka Bollo,Pro - 18,-168,512,375
83,13.2,1165,Dejan Svajner,Pro - 18,-168,398,709
83,13.2,1166,Daniel Pérez,Pro - 6,-168,331,951
83,13.2,1171,Phil Symonds,Pro - 22,-168,231,858
83,13.2,1174,Herve Imbert,Pro - 20,-168,193,569
83,13.2,1175,Matheus Cordeiro,Pro - 20,-168,127,517
83,13.2,1180,Chad Stringer,Pro - 25,-167,997,951
83,13.2,1185,Christian Anello,Pro - 4,-167,843,918
83,13.2,1188,Márcio Portuga,Pro - 17,-167,777,789
83,13.2,1189,Petrus Taskila,Pro - 13,-167,649,386
83,13.2,1190,Laurie Grant,Pro - 4,-167,648,566
83,13.2,1192,Felipe Mafra,Pro - 23,-167,582,749
83,13.2,1193,Vania Duarte,Pro - 6,-167,577,050
83,13.2,1195,Francesco Fondelli,Pro - 3,-167,544,504
83,13.2,1196,Robert Raczkiewicz,Pro - 9,-167,492,795
83,13.2,1198,Pedro Jacquet,Pro - 9,-167,470,309
83,13.2,1203,Filippo Latino,Pro - 12,-167,281,169
83,13.2,1205,Nuno Santos,Pro - 14,-167,106,838
83,13.2,1207,Bruno Caseiro,Elite,-167,098,006
83,13.2,1211,Francesco Raggio,Pro - 18,-166,896,400
83,13.2,1214,Sverri Johansen,Master - 2,-166,835,252
83,13.2,1215,Zahid Özkara,Pro - 16,-166,818,867
83,13.2,1218,Valerio Cirri,Pro - 15,-166,773,932
83,13.2,1225,Andrian Naidenov,Pro - 18,-166,577,725
83,13.2,1228,Paweł Szewczyk,Pro - 17,-166,461,993
83,13.2,1229,Dusan Zacpal,Pro - 10,-166,378,236
83,13.2,1235,Wendell Kill,Pro - 20,-166,288,227
83,13.2,1236,Martin Cook,Pro - 8,-166,280,898
83,13.2,1238,Tolga Erkan,Pro - 23,-166,246,314
83,13.2,1241,Martin Campos,Pro - 24,-166,172,660
83,13.2,1245,Vitor Novo,Pro - 7,-166,046,724
83,13.2,1246,Endre Hollós,Pro - 12,-166,012,904
83,13.2,1251,Pablo Carba,Pro - 5,-165,879,084
83,13.2,1252,Kris Kilsby,Pro - 23,-165,861,639
83,13.2,1256,Mika Ruutiainen,Pro - 25,-165,713,434
83,13.2,1258,Mirco Baldini,Master - 2,-165,697,301
83,13.2,1259,Julio Asencio,Pro - 11,-165,689,460
83,13.2,1261,Timur Sharafullin,Pro - 6,-165,520,841
83,13.2,1268,Renan Henrique,Pro - 25,-165,373,577
83,13.2,1271,Christian Wonisch,Pro - 22,-165,146,636
83,13.2,1275,Alexandre Martins,Pro - 25,-165,072,800
83,13.2,1277,Zdravko Subakov,Pro - 19,-165,001,083
83,13.2,1281,Rodrigo Rocha,Pro - 8,-164,813,283
83,13.2,1286,Ivo Ivanov,Master - 1,-164,700,914
83,13.2,1287,Jérôme Duluard,Master - 5,-164,670,087
83,13.2,1288,Brian Blagdon,Pro - 20,-164,591,152
83,13.2,1289,Rory Collins,Pro - 15,-164,590,672
83,13.2,1303,Liudvikas Selmistraitis,Pro - 3,-164,279,768
83,13.2,1305,Paul Brandt,Pro - 9,-164,255,709
83,13.2,1309,Matheus Gemignani,Pro - 21,-164,187,513
83,13.2,1314,Stéphane Rombaux,Pro - 14,-164,054,297
83,13.2,1315,Alexandre Braga,Pro - 9,-163,946,329
83,13.2,1318,Matas Karanavicius,Pro - 10,-163,829,275
83,13.2,1324,Diego Palacio,Pro - 20,-163,631,927
83,13.2,1326,József Magyari,Pro - 18,-163,595,300
83,13.2,1329,Elvis Agassi,Pro - 2,-163,542,138
83,13.2,1336,Jônatas Paiva,Pro - 16,-163,394,483
83,13.2,1340,Salvatore Andretti,Pro - 6,-163,298,967
83,13.2,1341,Joelson Gonçalves,Pro - 1,-163,294,557
83,13.2,1344,Alex Cos,Pro - 18,-163,232,338
83,13.2,1346,Patrick Feise,Pro - 3,-163,221,067
83,13.2,1347,Jaime Rufas,Pro - 2,-163,213,989
83,13.2,1348,Sameer Marathe,Pro - 3,-163,058,491
83,13.2,1351,Marcello Pinheiro,Pro - 2,-163,015,256
83,13.2,1353,Wouter Teuwen,Elite,-163,000,094
83,13.2,1356,Geoff Marks,Pro - 8,-162,949,338
83,13.2,1366,Fragkiskos Léfkaros,Pro - 6,-162,513,331
83,13.2,1367,Albert Nagy,Pro - 8,-162,508,338
83,13.2,1370,Vasilis Zoumpi,Pro - 23,-162,358,227
83,13.2,1385,Michael Keeney,Master - 1,-162,091,420
83,13.2,1391,Rudy Garriga,Pro - 25,-161,870,461
83,13.2,1395,Zoli Horvath,Pro - 6,-161,791,376
83,13.2,1398,Mika Pekkarinen,Master - 2,-161,717,617
83,13.2,1400,Claudio Lima,Pro - 17,-161,650,286
83,13.2,1403,Ankush Gupta,Pro - 21,-161,355,318
83,13.2,1413,Mario Hernandez,Pro - 14,-161,059,666
83,13.2,1418,Djordje Arulic,Pro - 19,-160,919,902
83,13.2,1421,Aleksey Skrypnev,Pro - 16,-160,841,986
83,13.2,1430,Andrzej Dąbrowski,Pro - 23,-160,565,424
83,13.2,1440,Béla Ormos,Pro - 17,-160,182,997
83,13.2,1445,Tom Seib,Pro - 25,-160,136,152
83,13.2,1446,Juan Carlos Sánchez,Pro - 21,-160,097,745
83,13.2,1453,Patricio Ferrero,Pro - 5,-159,922,267
83,13.2,1455,Filipe Miguel,Master - 2,-159,871,174
83,13.2,1458,Andreas Weilemann,Pro - 19,-159,768,308
83,13.2,1461,Alessandro Casagrande,Elite,-159,717,355
83,13.2,1464,Xavier Porta,Pro - 6,-159,703,665
83,13.2,1471,Domien Luts,Pro - 13,-159,536,256
83,13.2,1473,Tim Wagner,Pro - 6,-159,513,019
83,13.2,1477,Antonio Fragoso,Pro - 2,-159,453,065
83,13.2,1478,Matthew Standen,Pro - 12,-159,443,508
83,13.2,1479,Paola Bellocco,Pro - 6,-159,390,448
83,13.2,1480,Filip Cristian,Pro - 7,-159,345,482
83,13.2,1487,Mihail Golovanov,Master - 4,-159,018,214
83,13.2,1502,Grzegorz Buczkowski,Pro - 10,-158,579,994
83,13.2,1504,Bruno Scarlata,Pro - 13,-158,527,343
83,13.2,1508,Marco Ferraz,Pro - 14,-158,428,968
83,13.2,1528,Nenad Samardžić,Pro - 20,-157,831,588
83,13.2,1534,Alan Horsley,Pro - 4,-157,529,465
83,13.2,1539,Paulo Maia,Pro - 14,-157,407,587
83,13.2,1545,Marcelo Rodrigues,Pro - 22,-157,231,430
83,13.2,1548,Rémy Pointet,Master - 4,-157,132,821
83,13.2,1555,Oscar Maddonni,Pro - 10,-156,962,993
83,13.2,1558,Lucio Ferreira,Pro - 10,-156,845,759
83,13.2,1566,Marcio Klaus,Pro - 15,-156,486,937
83,13.2,1570,Kaspar Marcus Paukson,Master - 3,-156,419,717
83,13.2,1587,Joss Giraud,Pro - 10,-155,911,222
83,13.2,1590,Giuseppe Carlomagno,Pro - 8,-155,864,928
83,13.2,1592,Kiss Attila,Pro - 3,-155,836,320
83,13.2,1612,Deni Saja,Pro - 18,-155,380,751
83,13.2,1626,Pablo Lopez,Pro - 12,-155,078,134
83,13.2,1629,Carlos Louzeiro,Pro - 13,-155,029,174
83,13.2,1630,Alex Popa,Pro - 25,-155,019,246
83,13.2,1647,Reimo Kochwatsch,Pro - 16,-154,613,304
83,13.2,1649,Antonio Celso Zambel,Pro - 25,-154,588,055
83,13.2,1657,Jiří Humpolák,Pro - 16,-154,334,078
83,13.2,1659,Laci Hola,Pro - 4,-154,297,085
83,13.2,1663,Vedat Tumur,Pro - 24,-154,203,528
83,13.2,1670,Andriy Dyadkovich,Pro - 18,-154,086,039
83,13.2,1676,Thomas Marx,Pro - 11,-153,995,734
83,13.2,1679,Jonathan Beagles,Pro - 20,-153,900,679
83,13.2,1681,László Kerezsi,Pro - 7,-153,819,375
83,13.2,1694,Rodrigo Campos,Pro - 17,-153,513,187
83,13.2,1697,Andre Cherkasoff,Pro - 10,-153,410,887
83,13.2,1714,Çağrı Karaağaç,Pro - 21,-152,909,681
83,13.2,1720,Johny Prates,Pro - 7,-152,725,058
83,13.2,1735,Roman Sokolov,Pro - 21,-152,331,412
83,13.2,1741,Viktor Kocsi,Pro - 15,-152,158,433
83,13.2,1748,Didier Cave,Pro - 2,-151,933,930
83,13.2,1751,Tihamér Pál,Pro - 18,-151,823,497
83,13.2,1758,Miguel Ibarra,Pro - 6,-151,564,645
83,13.2,1761,Jilsepe Oliveira,Pro - 1,-151,433,453
83,13.2,1774,Andrey Kozlov,Pro - 14,-151,059,512
83,13.2,1775,Danilo Alberghetti,Pro - 14,-151,033,244
83,13.2,1779,Emmanuel Manfre,Master - 1,-150,861,911
83,13.2,1783,James Mcgregor,Pro - 3,-150,788,087
83,13.2,1790,Mike Zestas,Pro - 19,-150,574,471
83,13.2,1804,Marco Memoria,Pro - 25,-150,176,603
83,13.2,1807,Kaan Dagasan,Pro - 9,-150,153,038
83,13.2,1828,Ivica Maričević,Pro - 20,-149,743,550
83,13.2,1839,Mark Eadie,Pro - 24,-149,538,584
83,13.2,1852,Danijel Vranešić,Pro - 7,-149,398,359
83,13.2,1859,Hristo Kantarev,Pro - 18,-149,112,762
83,13.2,1862,Jiří Burda,Pro - 17,-149,050,189
83,13.2,1880,João Scarcela,Pro - 2,-148,643,380
83,13.2,1891,Matthew Smith,Pro - 12,-148,357,901
83,13.2,1892,Vilius Ceponis,Pro - 25,-148,303,499
83,13.2,1893,Edward Coulman,Pro - 13,-148,302,052
83,13.2,1902,Leo Leal,Master - 4,-148,105,055
83,13.2,1918,José Mario Alonso Alonso,Pro - 22,-147,832,556
83,13.2,1949,Tamás Konrád,Pro - 24,-147,288,556
83,13.2,1951,Erique Souza,Pro - 7,-147,266,855
83,13.2,1957,Jared Grabski,Pro - 23,-147,206,603
83,13.2,1961,Frederic Estellon,Pro - 4,-147,155,836
83,13.2,1963,Francisco Mendia,Pro - 5,-147,137,165
83,13.2,1967,Edinson Antonio,Pro - 6,-147,081,639
83,13.2,1969,Bruna Carneiro,Pro - 8,-147,046,396
83,13.2,1976,Chris Tsalas,Pro - 25,-146,852,729
83,13.2,1988,Paweł Markiewicz,Pro - 5,-146,672,217
83,13.2,1996,Nilson Pina,Pro - 22,-146,526,086
83,13.2,2003,Dominique Jean,Master - 5,-146,395,428
83,13.2,2013,Pablo Gustavo,Pro - 19,-146,283,094
83,13.2,2014,Fred Vautrin,Pro - 18,-146,250,276
83,13.2,2015,Farcy Génel,Master - 3,-146,245,063
83,13.2,2033,Rick Queary,Pro - 11,-145,884,527
83,13.2,2047,Gianluca Bini,Pro - 16,-145,589,714
83,13.2,2080,Sebastián Acosta,Pro - 15,-145,108,517
83,13.2,2092,Ruslan Lukyanchuk,Pro - 16,-144,925,971
83,13.2,2100,Geoffrey Novais,Pro - 22,-144,740,108
83,13.2,2113,Gonzalo Reta,Pro - 1,-144,481,453
83,13.2,2125,Fredrik Ahlin,Pro - 13,-144,296,565
83,13.2,2141,Davide Andreoli,Pro - 5,-143,982,657
83,13.2,2166,Olli Tamminen,Pro - 24,-143,449,755
83,13.2,2188,Stefan Krustev,Pro - 15,-142,946,891
83,13.2,2193,Gianluca Andriolo,Pro - 7,-142,916,207
83,13.2,2194,Regis Rodrigues,Pro - 5,-142,905,532
83,13.2,2227,Petri Minni,Pro - 9,-142,372,612
83,13.2,2230,Marvin Morales,Pro - 24,-142,293,424
83,13.2,2232,Billy Van Der Merwe,Pro - 17,-142,257,521
83,13.2,2233,Giannis Patilas,Pro - 19,-142,243,582
83,13.2,2269,Patrice Haas,Pro - 14,-141,597,868
83,13.2,2286,Wopke Hoekstra,Pro - 10,-141,378,516
83,13.2,2298,Jim Panoushs,Pro - 25,-141,245,292
83,13.2,2334,Fredrik Wall,Pro - 8,-140,649,537
83,13.2,2348,Sergio Malonni,Pro - 15,-140,436,425
83,13.2,2350,Victor Brezhnev,Pro - 19,-140,421,391
83,13.2,2365,Sergio Martinez,Pro - 9,-140,195,668
83,13.2,2370,Attila Kvanta,Pro - 13,-140,085,825
83,13.2,2377,Yiánnis Lólas,Pro - 3,-139,962,923
83,13.2,2384,László Hodosán,Pro - 6,-139,794,656
83,13.2,2406,Eduardo Hoepers,Pro - 9,-139,484,849
83,13.2,2417,Grigoris Stephanakis,Pro - 2,-139,306,514
83,13.2,2428,Ken Neihart,Master - 4,-139,135,391
83,13.2,2437,Federico Pereyra,Pro - 10,-139,028,196
83,13.2,2442,Joseph Bada,Pro - 11,-138,941,855
83,13.2,2495,Thiago Cristofolini,Pro - 14,-138,272,618
83,13.2,2516,Massimo Baroni,Pro - 4,-138,034,518
83,13.2,2519,Reinaldo Beato,Pro - 25,-137,983,274
83,13.2,2563,Pablo Borges,Master - 4,-137,375,743
83,13.2,2569,Erik Chrin,Pro - 11,-137,296,980
83,13.2,2609,Roni Moura,Pro - 22,-136,721,276
83,13.2,2627,Matthias Wegener,Pro - 11,-136,478,339
83,13.2,2630,Danismar Limoeiro,Pro - 4,-136,425,430
83,13.2,2653,Lili Oroszlán,Pro - 7,-136,223,870
83,13.2,2655,Martin Urtubey,Pro - 6,-136,215,068
83,13.2,2661,Xavier Prett,Pro - 7,-136,123,821
83,13.2,2668,Erwin Verkade,Pro - 15,-136,074,319
83,13.2,2708,Marcelo Gallardo,Pro - 10,-135,590,874
83,13.2,2729,Omiros Pevlantzos,Pro - 3,-135,329,508
83,13.2,2750,Ben De Leeuw,Pro - 1,-134,992,175
83,13.2,2770,Tolis Nasios,Pro - 1,-134,789,590
83,13.2,2789,Deives Costa,Pro - 1,-134,570,722
83,13.2,2816,Felype Mattos,Pro - 22,-134,247,546
83,13.2,2825,László Kovácsi,Pro - 25,-134,147,865
83,13.2,2836,Carlos Inácio,Pro - 1,-134,028,314
83,13.2,2841,William Pickering,Pro - 14,-133,953,157
83,13.2,2848,Francesco Finazzi,Pro - 2,-133,792,926
83,13.2,2859,Joabe Reis Silva,Pro - 12,-133,556,956
83,13.2,2870,Ben Gladwyn,Pro - 23,-133,493,730
83,13.2,2896,Mario Molina,Pro - 22,-133,195,158
83,13.2,2960,Maciej Żmudziński,Pro - 7,-132,609,767
83,13.2,2962,Bill Mesaros,Pro - 13,-132,593,474
83,13.2,2980,Eryk Madera,Pro - 5,-132,401,122
83,13.2,3023,Chris Flamion,Pro - 3,-131,737,599
83,13.2,3051,Torge Thorsson,Pro - 7,-131,451,318
83,13.2,3074,Hajdú László,Pro - 12,-131,143,533
83,13.2,3114,Calum MacKinnon,Pro - 10,-130,643,939
83,13.2,3122,Sebastian Jóźwiak,Pro - 4,-130,530,363
83,13.2,3174,Reece Laundon,Pro - 12,-129,695,445
83,13.2,3199,Mike Leone,Pro - 1,-129,409,473
83,13.2,3205,Michele Brambilla,Pro - 13,-129,351,173
83,13.2,3264,Walter Caballero,Pro - 17,-128,602,591
83,13.2,3269,Fernando Pallas,Pro - 7,-128,560,439
83,13.2,3282,Samuel Kou,Pro - 18,-128,380,868
83,13.2,3288,Julien Prado,Elite,-128,327,021
83,13.2,3324,George Togas,Pro - 13,-127,934,644
83,13.2,3326,Miguel Caetano,Pro - 8,-127,916,583
83,13.2,3332,Rafael Zambrano,Pro - 1,-127,825,095
83,13.2,3345,Péter Propszt,Pro - 23,-127,683,180
83,13.2,3370,Rafael Bermejo,Pro - 21,-127,353,465
83,13.2,3372,Mandar Kale,Pro - 15,-127,331,962
83,13.2,3378,Dominik Tóth,Pro - 15,-127,298,883
83,13.2,3384,Gilles Ritiere,Pro - 8,-127,201,375
83,13.2,3397,Ivan Ivanov,Pro - 25,-127,010,530
83,13.2,3400,Joaquin Cardinali,Pro - 19,-126,972,573
83,13.2,3433,Jeroným Uhlíř,Pro - 3,-126,439,594
83,13.2,3502,Cristiano Gruetzmann,Pro - 5,-125,506,770
83,13.2,3530,Viktor Dyankov,Master - 4,-125,162,030
83,13.2,3538,Samuele Raco,Pro - 4,-125,102,157
83,13.2,3559,Ivaylo Tanev,Pro - 21,-124,783,872
83,13.2,3592,Fernando Sosa,Master - 3,-124,415,194
83,13.2,3603,Bartosz Szymczak,Pro - 25,-124,285,141
83,13.2,3629,Gergely Kondár,Pro - 14,-123,999,043
83,13.2,3665,Vít Kunc,Pro - 15,-123,547,682
83,13.2,3679,Marcelo Reis Carvalho,Pro - 4,-123,462,377
83,13.2,3703,Alexandru Diaconu,Pro - 10,-123,166,932
83,13.2,3712,Alejo Depipol,Pro - 16,-123,083,137
83,13.2,3715,Leandro Hernandez,Pro - 25,-123,050,989
83,13.2,3719,Mateus Lima,Pro - 13,-123,007,871
83,13.2,3742,Zoltán Kiss,Pro - 11,-122,566,458
83,13.2,3792,Fabri Silva,Pro - 20,-121,887,111
83,13.2,3850,Roman Alatyrtsev,Pro - 10,-121,249,440
83,13.2,3858,Abhishek Kankonkar,Pro - 21,-121,117,990
83,13.2,3901,Marcelo Tavares,Pro - 16,-120,444,245
83,13.2,3938,Leonardo Fiorotto,Pro - 20,-119,955,418
83,13.2,3939,Marcin Milczarek,Pro - 19,-119,954,802
83,13.2,3969,Kyle Morby,Pro - 14,-119,620,483
83,13.2,4075,Mauricio Angelucci,Pro - 23,-118,177,205
83,13.2,4136,Enzo Di Meo,Pro - 24,-117,414,969
83,13.2,4177,Fabio Cavallini,Pro - 23,-117,032,177
83,13.2,4181,Bob Liegi,Pro - 11,-117,016,839
83,13.2,4191,Nicolas Tonelli,Pro - 16,-116,911,251
83,13.2,4210,Martina Kirakovjanova,Pro - 22,-116,696,794
83,13.2,4221,Sebastian Velosa,Pro - 17,-116,593,890
83,13.2,4228,Igor Stuparić,Pro - 15,-116,493,015
83,13.2,4244,Lance Snyder,Pro - 6,-116,260,912
83,13.2,4266,Alessandro Campanella,Master - 3,-115,961,794
83,13.2,4320,Pekka Kumpula,Pro - 16,-115,181,214
83,13.2,4332,Diego Garcia,Pro - 8,-114,994,625
83,13.2,4340,Christian Bernhard,Pro - 5,-114,831,723
83,13.2,4349,Federico Mantica,Pro - 9,-114,720,372
83,13.2,4358,Vova Oknov,Pro - 4,-114,625,476
83,13.2,4386,Nicolas Grollier,Pro - 3,-114,282,604
83,13.2,4413,Richard Luijendijk,Pro - 25,-113,868,594
83,13.2,4433,Daniel Rosa,Pro - 23,-113,600,037
83,13.2,4540,Szilvia Gaál,Pro - 21,-111,908,746
83,13.2,4679,Gabriel Trentini,Pro - 7,-109,855,437
83,13.2,4691,Valeri Krustev,Master - 3,-109,682,074
83,13.2,4706,Felipe Daniel,Pro - 2,-109,432,420
83,13.2,4824,Róbert Orosz,Pro - 13,-107,963,443
83,13.2,4863,Andrea Di Pietro,Pro - 14,-107,383,514
83,13.2,4867,Lajos Urbán,Pro - 5,-107,366,368
83,13.2,5068,Dmitry Kuznetsov,Pro - 20,-104,245,817
83,13.2,5069,Ryan Tyrrell,Master - 2,-104,237,011
83,13.2,5097,Brigitta Balázsi,Master - 3,-103,783,648
83,13.2,5107,Ioannis Dimitroglou,Pro - 22,-103,509,135
83,13.2,5143,Jakab Zoltan,Pro - 22,-102,802,912
83,13.2,5248,Markus Korppi,Pro - 25,-100,746,468
83,13.2,5356,Marko Paukku,Pro - 13,-98,315,258
83,13.2,5382,Ville Pohjanen,Pro - 22,-97,852,258
83,13.2,5433,Varga Gábor,Pro - 9,-96,712,230
83,13.2,5446,Vittorio Mati,Pro - 9,-96,460,528
83,13.2,5466,Giuseppe Lombisani,Pro - 7,-95,925,260
83,13.2,5481,Wouter Kirstein,Master - 2,-95,786,256
83,13.2,5528,Jeffrey Decoopman,Pro - 24,-94,593,496
83,13.2,5559,Carlo Marinari,Master - 4,-93,956,140
83,13.2,5597,Kyriakos Panousis,Pro - 22,-92,839,697
83,13.2,5629,Toni Söyrinki,Pro - 23,-92,103,512
83,13.2,5633,Diogo Abdalla,Pro - 4,-91,964,862
83,13.2,5655,Sanjay Ashok Kumar,Pro - 2,-91,359,213
83,13.2,5660,Marta De Marinis,Pro - 23,-91,277,165
83,13.2,5708,Samoeni Albanalopolis,Pro - 6,-89,771,429
83,13.2,5743,Róbert László,Master - 5,-88,912,977
83,13.2,5744,Michele Balboni,Master - 3,-88,872,452
83,13.2,5749,Yug Desai,Elite,-88,766,998
83,13.2,5772,Michele Tramontano,Pro - 8,-87,987,224
83,13.2,5793,Paweł Piętka,Pro - 9,-87,275,998
83,13.2,5886,Sam Le Meur,Master - 3,-83,899,464
83,13.2,5914,Ivica Paunovic,Pro - 24,-82,762,749
83,13.2,5938,Sebastian Lochmann,Pro - 14,-81,907,730
83,13.2,6021,Chris Englund,Pro - 2,-78,819,546
83,13.2,6028,Ivanin Ivanov,Pro - 25,-78,619,102
83,13.2,6036,Bruno Cestino,Pro - 23,-78,352,790
83,13.2,6096,Ivars Vilks,Master - 4,-75,344,691
83,13.2,6203,Sergio Alvarez Gutierrez,Pro - 1,-70,642,784
83,13.2,6239,Bastien Bellier,Pro - 5,-68,920,920
83,13.2,6297,Josep Meyer,Pro - 22,-65,337,526
83,13.2,6318,Hováth Kázmér,Pro - 22,-63,797,394
83,13.2,6324,Gonzalo Falcetti Gonzalez,Pro - 13,-63,746,796
83,13.2,6343,Jesus Rebolledo,Pro - 12,-62,334,866
83,13.2,6385,Jonas Karalius,Pro - 18,-60,275,064
83,13.2,6391,Marcin Gala,Pro - 5,-60,086,203
83,13.2,6400,Nastia Mikulenak,Pro - 2,-59,600,027
83,13.2,6405,Filip Dimitrov,Pro - 25,-59,460,235
83,13.2,6462,Marek Wasilewski,Pro - 24,-56,557,638
83,13.2,6465,Robert Punt,Pro - 1,-56,452,858
83,13.2,6471,Andrew Merkel,Master - 2,-55,819,957
83,13.2,6533,Angelo Bassi,Pro - 19,-51,459,557
83,13.2,6547,Miguel López-torres Stadler,Pro - 5,-50,758,024
83,13.2,6560,Jan Velske,Elite,-49,625,220
83,13.2,6573,Tobias Ernesto Pessotano,Pro - 9,-48,941,000
83,13.2,6575,Stefano Verderio,Pro - 17,-48,885,165
83,13.2,6611,Petr Šimůnek,Pro - 19,-46,341,594
83,13.2,6621,Tibor Csábi,Pro - 15,-45,676,599
83,13.2,6652,Joachim Rang,Elite,-43,384,998
83,13.2,6726,Dmitry Knyazev,Master - 3,-39,513,934
83,13.2,6730,Ondřej Haška,Pro - 16,-39,275,999
83,13.2,6738,Gabriele Galanti,Pro - 11,-38,722,597
83,13.2,6875,Diego Espiñeira Gonzalez,Pro - 7,-31,794,460
83,13.2,6881,Lucas Araujo,Pro - 21,-31,550,764
83,13.2,6910,Aliprando Siraghi,Pro - 14,-30,514,451
83,13.2,6929,Sergejs Muravka,Pro - 4,-29,600,726
83,13.2,6947,Robin Goodey,Pro - 24,-28,967,997
83,13.2,7017,Andrea Marra,Pro - 11,-25,519,330
83,13.2,7027,Daniel Tackaberry,Pro - 14,-25,068,000
83,13.2,7031,Felipe Sakai,Pro - 11,-24,971,490
83,13.2,7056,Joshua King,Pro - 1,-23,582,996
83,13.2,7076,Artur Sikora,Pro - 24,-22,732,352
83,13.2,7103,Darthson Bonassoli,Master - 5,-21,358,662
83,13.2,7104,Rich Weaving,Pro - 9,-21,339,997
83,13.2,7110,Manuel Sacco,Pro - 7,-21,091,998
83,13.2,7172,Alexandre Resende,Pro - 18,-18,580,000
83,13.2,7267,Aswin Witte,Pro - 9,-16,304,595
83,13.2,7280,Ricardo Beato,Pro - 8,-16,051,997
83,13.2,7610,Gastón Paris,Pro - 15,-12,100,996
83,13.2,7629,Giuseppe Lamanna,Pro - 24,-11,846,999
83,13.2,7689,Paweł Dylewski,Pro - 11,-11,031,400
83,13.2,7706,Filip Jadroň,Pro - 18,-10,891,000
83,13.2,8254,Hakan Tatar,Pro - 24,-1,780,000
