Sezon,Wyścig,Grupa,Nazwisko,Budżet,Poziom samochodu,Dopasowanie,Punkty
83,13.2,Elite - 1,Antonio Gattulli,124546848,9,H,3
83,13.2,Elite - 1,Brad Marshall,99617105,9,H,3
83,13.2,Elite - 1,Bert Huylebroeck,94059361,8,H,8
83,13.2,Elite - 1,Giovanni Orecchioni,88872241,9,H,6
83,13.2,Elite - 1,Jasper Coosemans,85550983,9,H,14
83,13.2,Elite - 1,Roland Postle,84342780,9,H,39
83,13.2,Elite - 1,Chew Kai Wen,81720302,9,H,0
83,13.2,Elite - 1,Leandro Sereno,78792349,9,P,3
83,13.2,Elite - 1,Wouter Teuwen,74446990,8,H,0
83,13.2,Elite - 1,Rimantas Sagatas,68437393,9,H,18
83,13.2,Elite - 1,George Slater,66571848,10,H,94
83,13.2,Elite - 1,Marcin Żak,64337292,8,B,5
83,13.2,Elite - 1,Joachim Rang,57211258,7,H,0
83,13.2,Elite - 1,Julien Prado,55870538,9,B,0
83,13.2,Elite - 1,Alessandro Casagrande,52527543,8,H,0
83,13.2,Elite - 1,Ania Piekarska,47639457,10,H,70
83,13.2,Elite - 1,Twig Fahaji,45715301,9,H,28
83,13.2,Elite - 1,Luca Molendi,38376672,8,H,1
83,13.2,Elite - 1,Jan Velske,37060898,8,H,0
83,13.2,Elite - 1,Bruno Caseiro,36945555,8,H,0
83,13.2,Elite - 1,Max Watson,31949473,9,B,0
83,13.2,Elite - 1,Daniele Bontempo,31933985,9,P,6
83,13.2,Elite - 1,Gyuri Székely,30884818,9,H,8
83,13.2,Elite - 1,Benedetto Campobello,29053179,8,B,0
83,13.2,Elite - 1,Pablo Fernandez,26662158,9,H,34
83,13.2,Elite - 1,Gustavo Bellotto,25837715,8,P,0
83,13.2,Elite - 1,Aigars Vitolins,23415845,8,H,0
83,13.2,Elite - 1,Yug Desai,23058949,9,H,0
83,13.2,Elite - 1,Harsh Sheth,20630608,8,H,25
83,13.2,Elite - 1,Jay De Snoo,20368103,9,H,11
83,13.2,Elite - 1,Davide Lorenzini,18298984,7,H,0
83,13.2,Elite - 1,Alex Holland,15876849,9,H,0
83,13.2,Elite - 1,Ignacio Belatti,14420713,8,H,11
83,13.2,Elite - 1,Michaela Källström,14313699,8,H,6
83,13.2,Elite - 1,Miel Soeterbroek,12494315,9,H,23
83,13.2,Elite - 1,Lee Harding,11468261,9,H,41
83,13.2,Elite - 1,Michał Wilczyński,3523178,8,H,9
83,13.2,Elite - 1,Apostolis Goutzos,2160005,8,H,0
83,13.2,Elite - 1,Veres Tamás,-6779948,8,P,2
83,13.2,Elite - 1,Gábor Safranyik,-11258365,8,H,0
83,13.2,Master - 1,David Rolleston,62814527,8,H,88
83,13.2,Master - 1,James Boylan,60151391,8,B,14
83,13.2,Master - 1,Dmitrij Polikarpov,57319351,7,H,6
83,13.2,Master - 1,Stephen Cudmore,48904187,8,H,16
83,13.2,Master - 1,Mike Baston,46234247,8,H,0
83,13.2,Master - 1,Tamás Tóth,43014770,7,P,22
83,13.2,Master - 1,Juan Diego Milán,41998992,8,H,21
83,13.2,Master - 1,Valter Andreiev,41341015,7,H,1
83,13.2,Master - 1,Kristijan Mihovic,35724648,9,B,27
83,13.2,Master - 1,Emmanuel Manfre,35082804,7,P,0
83,13.2,Master - 1,Jani Syrjäläinen,32756345,8,P,18
83,13.2,Master - 1,Mery Lissarrague,30936404,8,H,64
83,13.2,Master - 1,Ross Proud,30115387,8,H,22
83,13.2,Master - 1,Daniel Omaña,29826716,7,H,2
83,13.2,Master - 1,Tony Cullen,28270942,9,H,3
83,13.2,Master - 1,Olivier Portal,21516368,8,B,6
83,13.2,Master - 1,Tomi Kaartinen,20850672,7,H,5
83,13.2,Master - 1,György Csillag,19382022,9,P,14
83,13.2,Master - 1,Fabio Romani,17480137,8,H,4
83,13.2,Master - 1,Ivo Ivanov,17140419,7,P,5
83,13.2,Master - 1,Ferenc Koncz,15762359,8,H,27
83,13.2,Master - 1,William Day,12995908,8,P,16
83,13.2,Master - 1,Bartek Nowak,11647965,9,P,6
83,13.2,Master - 1,Graham Mercer,9901638,8,H,13
83,13.2,Master - 1,Kaur Sirel,9542595,6,H,0
83,13.2,Master - 1,Lorenzo Bongi,9078649,8,H,8
83,13.2,Master - 1,Alvaro Dantas Aron,8691399,7,H,0
83,13.2,Master - 1,Jacopo Albertini,8157050,7,H,4
83,13.2,Master - 1,Artur Marczewski,7443344,8,H,10
83,13.2,Master - 1,Kuba Gułajewski,7125313,7,B,5
83,13.2,Master - 1,David Smith,6707817,7,P,2
83,13.2,Master - 1,Hola Evony,6118301,6,B,7
83,13.2,Master - 1,Jovan Milic,5208626,7,H,0
83,13.2,Master - 1,Paulo Neves,2685267,5,H,9
83,13.2,Master - 1,Lauren Earnest,1055649,7,H,8
83,13.2,Master - 1,Thomas Bertolino,-378518,7,H,0
83,13.2,Master - 1,Damir Kalaev,-3071670,7,H,8
83,13.2,Master - 1,Luca Sora,-5973663,7,P,4
83,13.2,Master - 1,Pavel Pobirovski,-13802161,7,H,3
83,13.2,Master - 1,Michael Keeney,-23773767,7,H,0
83,13.2,Master - 2,Andrew Merkel,77980433,8,H,0
83,13.2,Master - 2,Andy Goodall,75388593,8,H,7
83,13.2,Master - 2,Dmitry Shevel,63743681,8,H,67
83,13.2,Master - 2,Mika Pekkarinen,62475772,7,A,0
83,13.2,Master - 2,Ryan Tyrrell,59556302,4,H,0
83,13.2,Master - 2,Armenio Santos,51260348,8,H,6
83,13.2,Master - 2,Onur Guardian,49344742,7,P,7
83,13.2,Master - 2,Andrej Rilke,44914888,9,H,28
83,13.2,Master - 2,Pete Lohvansuu,43400705,7,H,0
83,13.2,Master - 2,Ivan Stiva,42742755,9,P,19
83,13.2,Master - 2,Dávid Guti,41911235,7,P,0
83,13.2,Master - 2,Joachim Vaes,40918500,7,H,5
83,13.2,Master - 2,Martti Kaasik,38962952,8,H,0
83,13.2,Master - 2,Filipe Miguel,36986132,7,B,0
83,13.2,Master - 2,Adam Wierzba,35775606,8,B,11
83,13.2,Master - 2,Simone Pasqualoni,35462942,9,H,44
83,13.2,Master - 2,Leonardo Franco,35282181,8,A,12
83,13.2,Master - 2,Alex Ilushenko,34616338,7,H,12
83,13.2,Master - 2,Aleksey Odegov,34111851,8,H,45
83,13.2,Master - 2,Jose Filipe,31472438,8,P,22
83,13.2,Master - 2,Stefan Gommans,29730294,8,P,11
83,13.2,Master - 2,Wouter Kirstein,27099526,7,H,1
83,13.2,Master - 2,Edwin Silva,25603740,7,H,18
83,13.2,Master - 2,Ilya Vedenikov,24590278,8,H,5
83,13.2,Master - 2,Rei Frost,20233878,9,H,72
83,13.2,Master - 2,Helmut Heiter,18168123,8,H,5
83,13.2,Master - 2,Patrick Urlings,13845196,7,H,0
83,13.2,Master - 2,Svajūnas Mikšta,12321606,7,P,0
83,13.2,Master - 2,Đuro Prejc,8766154,7,H,0
83,13.2,Master - 2,Mindaugas Bauža,6288964,8,A,15
83,13.2,Master - 2,Mark Pinnick,5750853,7,H,0
83,13.2,Master - 2,Christian Biancu,5259236,7,H,0
83,13.2,Master - 2,András Bozóti,4550994,8,P,13
83,13.2,Master - 2,Andrew Massey,3892695,7,H,10
83,13.2,Master - 2,Vladimir Jelicic,3442480,7,H,8
83,13.2,Master - 2,Thierry Le Denmat,3314962,8,A,21
83,13.2,Master - 2,Mantas Sestokas,2278559,7,P,0
83,13.2,Master - 2,Micael Vinhas,-96060,6,P,1
83,13.2,Master - 2,Sverri Johansen,-1260136,7,H,3
83,13.2,Master - 2,Mirco Baldini,-3028658,6,P,0
83,13.2,Master - 3,Dmitry Knyazev,203925925,8,P,0
83,13.2,Master - 3,Vadim Shapovalov,94504181,8,H,11
83,13.2,Master - 3,Sam Le Meur,86837664,4,B,0
83,13.2,Master - 3,Michele Balboni,82360379,5,H,0
83,13.2,Master - 3,Sharma Vivek,81274880,8,H,10
83,13.2,Master - 3,Andrea Squizzato,80817587,9,H,91
83,13.2,Master - 3,Raimonds Urtāns,74084950,8,H,62
83,13.2,Master - 3,Brigitta Balázsi,73767712,7,P,7
83,13.2,Master - 3,Vladimir Marinov,57432934,6,B,14
83,13.2,Master - 3,Farcy Génel,56668561,7,A,5
83,13.2,Master - 3,Joel Viitikko,51399986,7,H,14
83,13.2,Master - 3,Michel Vandecatelle,46521480,9,B,18
83,13.2,Master - 3,Bogdan Hutanu,41848112,8,H,18
83,13.2,Master - 3,Marcin Skrzypiec,41005257,8,H,11
83,13.2,Master - 3,Valeri Krustev,36943908,7,H,0
83,13.2,Master - 3,Toni Kazanjyan,34608201,7,H,19
83,13.2,Master - 3,Richard Waugh,33596395,7,H,0
83,13.2,Master - 3,Makis Katsoulas,32330186,8,H,9
83,13.2,Master - 3,Gergely Pesthy,27774975,7,B,17
83,13.2,Master - 3,Rafale Mizerski,27343696,8,P,3
83,13.2,Master - 3,Arnaud de Marneffe,26363573,7,H,5
83,13.2,Master - 3,Shaun Thornton,25572184,8,P,6
83,13.2,Master - 3,Mauro Schumacher,20976372,8,B,27
83,13.2,Master - 3,Alberto Pérez,20392071,7,H,10
83,13.2,Master - 3,Marco Longo,17506805,8,H,6
83,13.2,Master - 3,Jason Daughty,16558013,8,H,10
83,13.2,Master - 3,Michal Szopinski,16546241,9,H,14
83,13.2,Master - 3,Claudio Laguna,16132029,7,H,1
83,13.2,Master - 3,Fernando Sosa,14104738,7,H,0
83,13.2,Master - 3,Stephen Rawson,12682527,7,P,3
83,13.2,Master - 3,Alessandro Campanella,10900070,6,H,0
83,13.2,Master - 3,Leandro Carvalho,10238528,7,A,0
83,13.2,Master - 3,Miroslav Minchev,9494658,8,P,6
83,13.2,Master - 3,Mato Nikic,8030666,9,P,18
83,13.2,Master - 3,Alexandra Silva,7952187,7,H,8
83,13.2,Master - 3,Nikola Jancic,2188004,7,H,8
83,13.2,Master - 3,Kaspar Marcus Paukson,900123,3,P,0
83,13.2,Master - 3,Charles Kurz,140535,8,H,4
83,13.2,Master - 3,Dejan Petrović,-3517152,6,A,0
83,13.2,Master - 3,Imre Antos,-8641447,7,H,33
83,13.2,Master - 4,Davide Panella,95582723,8,H,12
83,13.2,Master - 4,Matej Matrtaj,93756323,8,H,72
83,13.2,Master - 4,Carlo Marinari,88797491,6,H,0
83,13.2,Master - 4,Sergio Fanelli,83202260,8,H,5
83,13.2,Master - 4,Atis Praudins,76855249,8,H,13
83,13.2,Master - 4,Patryk Janczak,73561148,9,H,51
83,13.2,Master - 4,Andrea Amich,70524809,8,H,12
83,13.2,Master - 4,David Michler,54254569,7,H,1
83,13.2,Master - 4,Martin Britain,51251782,8,H,9
83,13.2,Master - 4,Kamal Naoui,46910359,7,H,31
83,13.2,Master - 4,Kuba Szajbel,46904221,8,H,62
83,13.2,Master - 4,Alfonso Ridolfo,46535354,7,H,0
83,13.2,Master - 4,Alejandro Badino,33896106,8,H,10
83,13.2,Master - 4,Paweł Dudziński,31159792,7,H,20
83,13.2,Master - 4,Daniela Pisa,30949339,8,P,0
83,13.2,Master - 4,Paul Williams,28268578,8,H,86
83,13.2,Master - 4,Svetlana Shapovalova,26907561,8,H,1
83,13.2,Master - 4,Viktor Dyankov,26335013,6,H,0
83,13.2,Master - 4,Paweł Zaburski,22931527,7,H,11
83,13.2,Master - 4,Ahoorda Lelou,20922535,7,H,0
83,13.2,Master - 4,Nuno Vicente,19680122,8,H,3
83,13.2,Master - 4,Mark Philips,18881076,7,H,2
83,13.2,Master - 4,Daniel Andrade,18502231,7,H,10
83,13.2,Master - 4,Ivars Vilks,15366556,7,A,0
83,13.2,Master - 4,Aleksandr Gerassimtsik,14828562,7,H,5
83,13.2,Master - 4,Pablo Borges,10846307,6,H,0
83,13.2,Master - 4,Pablo Ramirez,10510655,7,B,14
83,13.2,Master - 4,Ken Neihart,10190982,7,B,0
83,13.2,Master - 4,Bindics Róbert,8852989,7,H,2
83,13.2,Master - 4,Tomek Miszczak,6843061,8,P,4
83,13.2,Master - 4,Ahmet Kirnik,5172627,8,H,3
83,13.2,Master - 4,Leo Leal,4254217,5,P,0
83,13.2,Master - 4,Rémy Pointet,3321862,6,H,0
83,13.2,Master - 4,Damir Sen,3260430,8,H,2
83,13.2,Master - 4,Mihail Golovanov,3084483,8,H,3
83,13.2,Master - 4,Josh Clark,3027605,7,H,0
83,13.2,Master - 4,Leonardo Solazzi,1231871,7,H,2
83,13.2,Master - 4,Ioannis Kalogirou,54458,7,H,22
83,13.2,Master - 4,Dieter Nix,-848054,8,P,0
83,13.2,Master - 4,James Hitchen,-10923854,8,B,0
83,13.2,Master - 5,Dominiek Van West,122629614,8,H,39
83,13.2,Master - 5,Chris Adnams,117133650,9,H,69
83,13.2,Master - 5,Martino Colombo,83761712,6,H,0
83,13.2,Master - 5,Christoph Schöning,71058201,8,H,14
83,13.2,Master - 5,Róbert László,68115364,7,P,0
83,13.2,Master - 5,Pedro Moura,64301784,9,H,84
83,13.2,Master - 5,Jens Frostrup,53215951,9,H,37
83,13.2,Master - 5,Geoff Atkin,43944034,8,H,12
83,13.2,Master - 5,Ewelina Popis,41535293,8,H,1
83,13.2,Master - 5,Krisztián Veinperl,40709595,8,B,0
83,13.2,Master - 5,Rafal Celejewski,39604665,9,H,22
83,13.2,Master - 5,Mariusz Malczuk,38977321,8,H,20
83,13.2,Master - 5,Ricky Silva,35997614,8,H,8
83,13.2,Master - 5,Jorge Bento,33604138,7,P,18
83,13.2,Master - 5,Abdullah Kasapoglu,25813390,7,H,5
83,13.2,Master - 5,Michail Ivanov,25295511,7,H,0
83,13.2,Master - 5,Darthson Bonassoli,19127429,6,A,0
83,13.2,Master - 5,Tim Villars,18119099,8,H,4
83,13.2,Master - 5,Dominique Jean,17063500,7,H,0
83,13.2,Master - 5,Arkadiusz Nicewicz,16620188,7,H,16
83,13.2,Master - 5,Eduardo Sanchez Carenzo,16524570,8,H,0
83,13.2,Master - 5,Jean-françois Charbinat,15917265,7,P,0
83,13.2,Master - 5,Andreas Ramann,14109632,8,H,7
83,13.2,Master - 5,Evaldas Ruseckas,13850056,8,H,13
83,13.2,Master - 5,Andrea Cussigh,13259955,7,P,19
83,13.2,Master - 5,Lychezar Stoyanov,11660704,6,H,0
83,13.2,Master - 5,Turan Metin,10962510,7,H,0
83,13.2,Master - 5,Alon Malul,10291511,7,H,20
83,13.2,Master - 5,Gino Zernani,9779829,8,H,0
83,13.2,Master - 5,Predrag Marmut,4016143,7,H,0
83,13.2,Master - 5,Roman Maksimenkov,2977625,7,H,0
83,13.2,Master - 5,Denis Titov,2710001,6,H,0
83,13.2,Master - 5,Mikael Brostrom,213032,8,H,33
83,13.2,Master - 5,John Ibbotson,203396,8,H,1
83,13.2,Master - 5,Konrad Świderski,-387081,8,H,0
83,13.2,Master - 5,Jérôme Duluard,-1051261,7,A,0
83,13.2,Master - 5,Bachtiar Mahardhika,-2589336,7,P,14
83,13.2,Master - 5,Ahmet Sonverdi,-3324634,7,H,5
83,13.2,Master - 5,Matheus Senna Ramos,-3863848,7,P,3
83,13.2,Master - 5,Timo Meyer,-9934965,7,H,4
83,13.2,Pro - 1,Sergio Alvarez Gutierrez,157973145,4,H,0
83,13.2,Pro - 1,Ivan Silva,101209847,8,H,79
83,13.2,Pro - 1,Martin Irla,78075878,7,H,14
83,13.2,Pro - 1,Deives Costa,77515687,6,H,11
83,13.2,Pro - 1,Vincent Douchez,72455461,8,H,37
83,13.2,Pro - 1,Martin Rosina,68834373,7,H,71
83,13.2,Pro - 1,Jody Parker,60374123,8,H,59
83,13.2,Pro - 1,Dion Staal,58212740,8,P,0
83,13.2,Pro - 1,Robert Punt,56409726,6,H,0
83,13.2,Pro - 1,Massimo D'amico,49784386,7,H,34
83,13.2,Pro - 1,Tiago Almeida,45527293,7,A,9
83,13.2,Pro - 1,Aleksey Kondratenko,44505830,7,H,6
83,13.2,Pro - 1,Mike Leone,43418538,6,P,1
83,13.2,Pro - 1,Christoph Seifriedsberger,41676344,7,H,4
83,13.2,Pro - 1,Paolo Di Giuseppe,40016971,6,H,4
83,13.2,Pro - 1,Rowie Halcon,37638780,6,H,8
83,13.2,Pro - 1,Stephane Pioger,26176668,7,B,0
83,13.2,Pro - 1,Lazaros Spiliopoulos,24400506,7,B,39
83,13.2,Pro - 1,Tolis Nasios,20667885,6,H,0
83,13.2,Pro - 1,Iulian Brutaru,20136028,7,H,0
83,13.2,Pro - 1,Joelson Gonçalves,20110047,6,H,0
83,13.2,Pro - 1,Joshua King,19246386,6,H,0
83,13.2,Pro - 1,Ilija Radovanovic,18741935,7,P,0
83,13.2,Pro - 1,Andrew Green,18675458,7,H,57
83,13.2,Pro - 1,Martin Frei,16413298,7,H,2
83,13.2,Pro - 1,Sergio Tejero,14522136,6,H,3
83,13.2,Pro - 1,Doru Paraschiv,13055381,6,B,11
83,13.2,Pro - 1,Gonzalo Reta,13033652,6,B,0
83,13.2,Pro - 1,Greg Byrnes-mikelsons,12256356,7,H,0
83,13.2,Pro - 1,Armando Feresin Pedrana,11734475,7,H,0
83,13.2,Pro - 1,Arttu Korhonen,9135312,5,P,0
83,13.2,Pro - 1,Carlos Inácio,6197401,7,H,0
83,13.2,Pro - 1,Jilsepe Oliveira,5884901,6,B,4
83,13.2,Pro - 1,Guilherme Henrique,5167421,8,H,0
83,13.2,Pro - 1,Peter Thompson,5141707,7,H,0
83,13.2,Pro - 1,Ben De Leeuw,4523175,6,H,3
83,13.2,Pro - 1,Claudemar Teichmann,-718884,5,H,0
83,13.2,Pro - 1,Rafael Zambrano,-2218676,6,P,0
83,13.2,Pro - 1,Nigel Donovan,-7426526,6,B,0
83,13.2,Pro - 1,Atli Thor Johannesson,-21306833,6,P,12
83,13.2,Pro - 2,Nastia Mikulenak,122216591,7,H,6
83,13.2,Pro - 2,Franco Sandoval,103114624,7,H,5
83,13.2,Pro - 2,Toms Polis,65781452,7,H,1
83,13.2,Pro - 2,Marius Valentin Brutaru,63677754,7,P,18
83,13.2,Pro - 2,Yasin Yazici,58474404,6,H,10
83,13.2,Pro - 2,Jaime Rufas,56283232,7,H,2
83,13.2,Pro - 2,Jorge Luiz Filho,54143026,7,H,74
83,13.2,Pro - 2,Francesco Finazzi,53809381,5,P,0
83,13.2,Pro - 2,Grigoris Stephanakis,52196561,7,H,4
83,13.2,Pro - 2,Patrick Hertach,43783565,7,H,92
83,13.2,Pro - 2,Sanjay Ashok Kumar,43507980,7,P,9
83,13.2,Pro - 2,Mauro Pisani,42823730,7,H,0
83,13.2,Pro - 2,Elvis Agassi,42211045,5,H,0
83,13.2,Pro - 2,Didier Cave,40384751,5,P,0
83,13.2,Pro - 2,João Scarcela,37825641,6,H,0
83,13.2,Pro - 2,Ilya Shiv,36669724,7,H,28
83,13.2,Pro - 2,Zoltán Kucora,35789635,7,H,2
83,13.2,Pro - 2,Marcello Pinheiro,32222789,7,H,16
83,13.2,Pro - 2,Antonio Fragoso,31948343,8,H,0
83,13.2,Pro - 2,Felipe Daniel,28367201,6,H,0
83,13.2,Pro - 2,David Hoz,27626909,7,H,17
83,13.2,Pro - 2,Erwan Le Caill,24081255,6,H,3
83,13.2,Pro - 2,Matías Almada,23325820,7,P,3
83,13.2,Pro - 2,Sebastian Cangaro,22905791,7,H,10
83,13.2,Pro - 2,Guilherme Oliveira,19914974,7,H,11
83,13.2,Pro - 2,László Tóth,14809667,7,P,0
83,13.2,Pro - 2,Marcos Amaral,14596909,6,H,0
83,13.2,Pro - 2,Tom Hewer,12087420,7,H,3
83,13.2,Pro - 2,Mert Büyükakar,11562814,8,P,34
83,13.2,Pro - 2,Pablo Venini,9456216,7,P,4
83,13.2,Pro - 2,David Antonio Bovolon,9310874,7,H,47
83,13.2,Pro - 2,Fabrice Renaudet,7807836,8,H,42
83,13.2,Pro - 2,Damián Almada,7712931,6,H,0
83,13.2,Pro - 2,Melissa Martin,-438510,6,H,21
83,13.2,Pro - 2,Vencislav Stefanov,-1142502,7,A,4
83,13.2,Pro - 2,Naad Lamsui,-2999958,4,H,0
83,13.2,Pro - 2,Bruno Marques,-5455457,5,P,0
83,13.2,Pro - 2,Chris Englund,-29310322,4,A,0
83,13.2,Pro - 2,Luiz Rocha,-29994341,8,A,0
83,13.2,Pro - 2,Eric Petroni,-33027848,6,P,2
83,13.2,Pro - 3,Nicolas Grollier,97863477,5,P,0
83,13.2,Pro - 3,Sameer Marathe,85146067,6,H,0
83,13.2,Pro - 3,Pablo Bagnalasta,74648735,6,H,0
83,13.2,Pro - 3,Pieterjan Staessen,73327276,7,H,15
83,13.2,Pro - 3,Maurício Linhares,72336802,7,H,16
83,13.2,Pro - 3,Maurício Jackson,69460833,7,B,12
83,13.2,Pro - 3,Kyle Morris,62792582,7,H,73
83,13.2,Pro - 3,Jeroným Uhlíř,61171652,7,P,0
83,13.2,Pro - 3,Francesco Fondelli,58337447,6,H,0
83,13.2,Pro - 3,Ivan Ciric,56155015,6,P,0
83,13.2,Pro - 3,Chris Flamion,55369985,6,P,0
83,13.2,Pro - 3,James Mcgregor,54772529,7,H,0
83,13.2,Pro - 3,Alexandre Jardim,53994287,7,H,18
83,13.2,Pro - 3,Michael Beltramelli,48914699,7,P,53
83,13.2,Pro - 3,Luca Dal Sacco,47862557,7,H,53
83,13.2,Pro - 3,Andrei Daroczi,47317949,7,H,9
83,13.2,Pro - 3,Omiros Pevlantzos,44459593,7,P,0
83,13.2,Pro - 3,Tomasz Mazepa,43303831,6,P,8
83,13.2,Pro - 3,Alexandre Bissiriex,33715820,6,H,0
83,13.2,Pro - 3,Alex Alonso,33594536,7,H,29
83,13.2,Pro - 3,Carlos Miola,26612742,8,H,13
83,13.2,Pro - 3,Ihor Rusnak,22803521,7,H,34
83,13.2,Pro - 3,Roberto Schiavoni,20753557,7,H,0
83,13.2,Pro - 3,Patrick Feise,14035277,6,H,0
83,13.2,Pro - 3,Marco Krane,12916552,6,B,8
83,13.2,Pro - 3,Erkin Aksoy,11783348,7,P,0
83,13.2,Pro - 3,Jaroslav Boruvka,11089921,7,H,11
83,13.2,Pro - 3,Juan Manuel Collova,8982041,6,B,2
83,13.2,Pro - 3,Yiánnis Lólas,6342395,7,H,0
83,13.2,Pro - 3,Daniel Stack,5839262,5,P,12
83,13.2,Pro - 3,Franciscus Van Essche,3347737,7,H,4
83,13.2,Pro - 3,Plamen Iliev,-1409213,6,H,32
83,13.2,Pro - 3,Sergey Vosnesensky,-2470463,8,H,6
83,13.2,Pro - 3,Aleksej Sutkin,-3336623,6,P,15
83,13.2,Pro - 3,Marek Nowak,-9131289,6,H,26
83,13.2,Pro - 3,Liudvikas Selmistraitis,-9297920,5,B,5
83,13.2,Pro - 3,Horia Garbacea,-12470077,5,P,14
83,13.2,Pro - 3,Kiss Attila,-21327626,7,P,0
83,13.2,Pro - 3,Jukka Häyhä,-29280081,8,P,0
83,13.2,Pro - 3,Allecio Nagleydson,-36038101,8,B,0
83,13.2,Pro - 4,Christian Anello,181665633,6,H,2
83,13.2,Pro - 4,Danismar Limoeiro,116100547,5,P,0
83,13.2,Pro - 4,Frederic Estellon,113989683,5,A,7
83,13.2,Pro - 4,Alexander Rowlands,100510587,4,H,4
83,13.2,Pro - 4,Remco Siemes,90472845,7,H,2
83,13.2,Pro - 4,Daniel Woodhouse,83282708,7,P,69
83,13.2,Pro - 4,Bill Vasilonikolos,77832606,7,H,45
83,13.2,Pro - 4,Alejandro Hernández,66599038,6,B,38
83,13.2,Pro - 4,Monique Lacroix,49216215,6,H,3
83,13.2,Pro - 4,Philippe Taffonneau,41685759,7,P,4
83,13.2,Pro - 4,Marcelo Reis Carvalho,41523176,7,H,12
83,13.2,Pro - 4,Vova Oknov,38810859,7,B,8
83,13.2,Pro - 4,Mario Chiesa,38381988,6,H,15
83,13.2,Pro - 4,Mussulin Junior,35317386,6,H,16
83,13.2,Pro - 4,Diogo Abdalla,32521880,5,P,0
83,13.2,Pro - 4,Santiago Chaher,27399289,7,H,12
83,13.2,Pro - 4,Sante Severini,26845082,7,H,3
83,13.2,Pro - 4,Carlo Marchetti,26740520,6,H,5
83,13.2,Pro - 4,Mateusz Włodarczyk,25844845,7,H,28
83,13.2,Pro - 4,Sergejs Muravka,25412864,6,H,0
83,13.2,Pro - 4,Luis Gustavo,20271220,7,H,1
83,13.2,Pro - 4,Samuele Raco,18334523,7,P,0
83,13.2,Pro - 4,Vincent Baguet,17088934,7,H,10
83,13.2,Pro - 4,Cristian Cattaneo,14340623,7,H,14
83,13.2,Pro - 4,Robert Horvath,10525151,8,P,19
83,13.2,Pro - 4,Lazar Petkovic,9377289,7,H,61
83,13.2,Pro - 4,Alan Horsley,6952668,5,H,10
83,13.2,Pro - 4,Fabián Ré,6802633,7,H,6
83,13.2,Pro - 4,Joe Meal,6183646,6,H,9
83,13.2,Pro - 4,Marco Bergoglio,4237355,6,H,9
83,13.2,Pro - 4,Tommaso Petri,3265701,7,H,4
83,13.2,Pro - 4,Massimo Baroni,2714993,6,P,0
83,13.2,Pro - 4,Grzegorz Laszczewski,13311,7,P,0
83,13.2,Pro - 4,Bora Janić,-441725,7,H,19
83,13.2,Pro - 4,Sebastian Jóźwiak,-1299902,6,P,0
83,13.2,Pro - 4,Laurie Grant,-2028600,7,B,0
83,13.2,Pro - 4,Gonzalo Nieto,-3289929,7,H,6
83,13.2,Pro - 4,Peter Mulholland,-8662393,6,H,0
83,13.2,Pro - 4,Laci Hola,-11153547,6,P,0
83,13.2,Pro - 4,Antonio Adolpho Pereira,-15930777,7,H,27
83,13.2,Pro - 5,Stephane Verly,190520628,7,H,18
83,13.2,Pro - 5,Cristiano Gruetzmann,137539802,6,H,0
83,13.2,Pro - 5,Andrea Iacoponi,119588291,7,H,71
83,13.2,Pro - 5,Jesús Torres,98169612,7,H,33
83,13.2,Pro - 5,Lajos Urbán,94139318,5,P,0
83,13.2,Pro - 5,Pablo Carba,88995460,6,H,1
83,13.2,Pro - 5,David Brennan,75449825,7,H,19
83,13.2,Pro - 5,Maurizio Faccin,61083840,7,B,7
83,13.2,Pro - 5,Simone Bianchi,49751929,6,H,12
83,13.2,Pro - 5,Finn Shaw-McIver,49013621,6,P,6
83,13.2,Pro - 5,Miklós Gál,48233278,6,H,7
83,13.2,Pro - 5,Patricio Ferrero,45702872,7,B,0
83,13.2,Pro - 5,Davide Andreoli,45521319,7,P,0
83,13.2,Pro - 5,Bastien Bellier,28904101,5,H,0
83,13.2,Pro - 5,Rafal Lotkowski,28259695,8,B,41
83,13.2,Pro - 5,Wagner Miranda,26159140,7,H,16
83,13.2,Pro - 5,Stephen Brooks,26009444,7,P,29
83,13.2,Pro - 5,Zsolt Varga,25863837,7,B,8
83,13.2,Pro - 5,Eryk Madera,25721343,6,B,1
83,13.2,Pro - 5,Paweł Markiewicz,25577360,6,P,1
83,13.2,Pro - 5,István Varga,23400590,7,B,56
83,13.2,Pro - 5,Marcus Sandberg,23024395,8,H,16
83,13.2,Pro - 5,Mikko Heikkinen,20680592,7,P,7
83,13.2,Pro - 5,Pulido Quintero,18287535,6,P,0
83,13.2,Pro - 5,Francisco Mendia,17855575,6,H,0
83,13.2,Pro - 5,Sergio Ruiz,17629182,7,B,32
83,13.2,Pro - 5,Christian Bernhard,13083186,6,H,0
83,13.2,Pro - 5,Cioponea Viorel,6802881,7,H,24
83,13.2,Pro - 5,Jiřina Bojanovská,5393577,6,P,10
83,13.2,Pro - 5,Tom Griessmann,2084593,5,A,0
83,13.2,Pro - 5,Miguel López-torres Stadler,668808,6,H,0
83,13.2,Pro - 5,Sherry Sunderland,-1321855,6,P,1
83,13.2,Pro - 5,Jorge Hora,-1340323,6,P,8
83,13.2,Pro - 5,Guille García,-3414310,7,H,18
83,13.2,Pro - 5,Robert Lisik,-4094886,8,P,9
83,13.2,Pro - 5,Fabio Fonzie,-5299639,6,P,15
83,13.2,Pro - 5,Regis Rodrigues,-7941115,6,P,2
83,13.2,Pro - 5,Marcin Gala,-23753642,6,P,0
83,13.2,Pro - 5,Franco Lorijn,-28051584,8,H,0
83,13.2,Pro - 5,Antonio Guzzo,-37938306,6,H,0
83,13.2,Pro - 6,László Hodosán,120286754,6,H,24
83,13.2,Pro - 6,Daniel Pérez,117785548,7,H,3
83,13.2,Pro - 6,Marco Conti,104190464,7,B,0
83,13.2,Pro - 6,Márton Martin Safranyik,72916497,7,B,22
83,13.2,Pro - 6,Nicoletta Donadoni,72854694,7,P,42
83,13.2,Pro - 6,Jonathan Soignat,65931140,7,H,21
83,13.2,Pro - 6,Miguel Ibarra,65593987,5,H,0
83,13.2,Pro - 6,Amílcar Gomes,58013432,7,H,9
83,13.2,Pro - 6,Lance Snyder,49753889,5,P,0
83,13.2,Pro - 6,Gonçalo Fernandes,43220078,7,H,8
83,13.2,Pro - 6,Francesco Cambi,41248283,7,P,0
83,13.2,Pro - 6,David Dias,38219354,6,B,2
83,13.2,Pro - 6,Edinson Antonio,37994831,7,H,0
83,13.2,Pro - 6,Martin Urtubey,31055408,6,B,6
83,13.2,Pro - 6,Mark Iverson,30935578,7,P,50
83,13.2,Pro - 6,Tim Wagner,27926169,7,B,2
83,13.2,Pro - 6,Tony Colangelo,23697180,8,P,13
83,13.2,Pro - 6,Carlos Said Cabrera,23420080,7,P,0
83,13.2,Pro - 6,Christian Aunkofer,23102891,6,B,6
83,13.2,Pro - 6,Fragkiskos Léfkaros,22962286,7,B,0
83,13.2,Pro - 6,Giuseppe Greco,21703604,6,H,13
83,13.2,Pro - 6,Sergio Porta,20294318,8,P,85
83,13.2,Pro - 6,Damir Martinjak,19504598,7,H,28
83,13.2,Pro - 6,Marco Basilico,18544439,7,H,8
83,13.2,Pro - 6,Raymon Garcia,18252201,5,H,15
83,13.2,Pro - 6,Timur Sharafullin,17871508,7,H,0
83,13.2,Pro - 6,Svetoslav Dimitrov,15896702,6,H,0
83,13.2,Pro - 6,Sergey Kozlenko,11564444,7,B,6
83,13.2,Pro - 6,Andrew Lane,10578156,5,P,0
83,13.2,Pro - 6,André Henriques,10395455,7,H,8
83,13.2,Pro - 6,Paola Bellocco,8655004,7,A,0
83,13.2,Pro - 6,Vania Duarte,7385956,6,P,0
83,13.2,Pro - 6,Will Eel,5217446,7,H,25
83,13.2,Pro - 6,Zoli Horvath,3980850,6,P,1
83,13.2,Pro - 6,Dmitry Serebryakov,1219356,6,H,7
83,13.2,Pro - 6,Samoeni Albanalopolis,-800747,6,H,1
83,13.2,Pro - 6,Salvatore Andretti,-8548238,6,P,12
83,13.2,Pro - 6,Golberto Junior,-9248272,6,A,0
83,13.2,Pro - 6,Xavier Porta,-12313846,6,P,10
83,13.2,Pro - 6,Roman Sobotka,-13774611,7,P,41
83,13.2,Pro - 7,Artur Terezan,112960832,7,H,87
83,13.2,Pro - 7,Gabriel Trentini,100897917,7,P,5
83,13.2,Pro - 7,Petr Valíček,94870136,7,H,16
83,13.2,Pro - 7,László Kerezsi,78725635,6,H,0
83,13.2,Pro - 7,Roland Jakobsson,66806526,8,B,50
83,13.2,Pro - 7,Filip Cristian,63211034,7,P,3
83,13.2,Pro - 7,Fernando Pallas,62405317,6,H,12
83,13.2,Pro - 7,Diego Espiñeira Gonzalez,59813255,8,H,0
83,13.2,Pro - 7,Danijel Vranešić,59773765,7,H,0
83,13.2,Pro - 7,Giuseppe Lombisani,54976573,6,H,2
83,13.2,Pro - 7,Manuel Sacco,52595475,5,B,0
83,13.2,Pro - 7,Pablo Pereira,42043124,7,H,4
83,13.2,Pro - 7,Róbert Jakó,40061151,7,P,0
83,13.2,Pro - 7,Kaiko Kell,28766334,7,B,20
83,13.2,Pro - 7,Marco Triulzi,28691704,6,H,16
83,13.2,Pro - 7,Johny Prates,27814501,6,P,0
83,13.2,Pro - 7,Vitaliy Repetsky,27663703,7,B,23
83,13.2,Pro - 7,Lili Oroszlán,27264364,7,B,12
83,13.2,Pro - 7,Pedro Marques,23435165,6,H,7
83,13.2,Pro - 7,Dóró Gábor,22110165,7,H,9
83,13.2,Pro - 7,Eligio Celis,21797370,6,H,3
83,13.2,Pro - 7,Geoffrey Stanislawski,20137634,8,H,56
83,13.2,Pro - 7,Torge Thorsson,15299841,7,H,0
83,13.2,Pro - 7,Aleksandar Tot,14549643,7,H,28
83,13.2,Pro - 7,Tianhao Chen,13107120,7,H,35
83,13.2,Pro - 7,Thomas Uvyn,10395638,5,P,2
83,13.2,Pro - 7,Gianluca Andriolo,10358090,6,H,0
83,13.2,Pro - 7,Alex Tolmar,10094318,7,P,14
83,13.2,Pro - 7,Andrea Gaggino,7141001,6,H,0
83,13.2,Pro - 7,Quentin Gonzalez,4893450,7,H,15
83,13.2,Pro - 7,Yakup Paçacı,4540345,6,P,2
83,13.2,Pro - 7,Xavier Prett,3642868,6,P,0
83,13.2,Pro - 7,Erique Souza,2134036,5,H,0
83,13.2,Pro - 7,Vitor Novo,1538147,6,H,9
83,13.2,Pro - 7,Rodrigo Marino,149936,7,H,17
83,13.2,Pro - 7,Taco Albers,113898,7,H,0
83,13.2,Pro - 7,Alberto Osio,-816332,5,H,0
83,13.2,Pro - 7,Zoran Korolija,-891038,7,P,21
83,13.2,Pro - 7,Paulo Varela,-5056335,7,H,0
83,13.2,Pro - 7,Maciej Żmudziński,-5729711,6,H,0
83,13.2,Pro - 8,Zrinyi Szilárd,131333739,7,H,12
83,13.2,Pro - 8,Diego Garcia,130943445,5,H,22
83,13.2,Pro - 8,Richard Molyneaux,81923565,6,H,30
83,13.2,Pro - 8,Ahmet Ozturk,79455543,6,H,27
83,13.2,Pro - 8,Amato Batoni,75020607,5,H,5
83,13.2,Pro - 8,Miguel Caetano,61132326,6,H,0
83,13.2,Pro - 8,Jim Panse,56048810,7,H,1
83,13.2,Pro - 8,Marco Parinetti,54183393,7,B,3
83,13.2,Pro - 8,André Ahlberg,53874308,7,H,82
83,13.2,Pro - 8,Max Scorinoff,53535562,7,P,3
83,13.2,Pro - 8,Bruna Carneiro,53028131,7,H,4
83,13.2,Pro - 8,Marcos Vinicius Silva,51137335,6,H,0
83,13.2,Pro - 8,Łukasz Tretyn,48456259,6,H,6
83,13.2,Pro - 8,Mael Grosjean,47347884,7,B,30
83,13.2,Pro - 8,Patrik Karlsson,45409049,7,B,0
83,13.2,Pro - 8,Cezary Skonieczny,43879751,7,H,18
83,13.2,Pro - 8,Geoff Marks,43099615,7,P,6
83,13.2,Pro - 8,Martin Cook,34394704,7,H,3
83,13.2,Pro - 8,Nikolaï Samarine,30141227,7,H,2
83,13.2,Pro - 8,Emo Hristov,27579428,7,P,11
83,13.2,Pro - 8,Gilles Ritiere,27291702,7,H,0
83,13.2,Pro - 8,Cristina Demeo,26514299,7,H,32
83,13.2,Pro - 8,Michele Tramontano,26348396,1,P,0
83,13.2,Pro - 8,Jerome Godet,26117097,7,H,13
83,13.2,Pro - 8,Albert Nagy,21700729,6,P,11
83,13.2,Pro - 8,Fredrik Wall,17902920,5,B,0
83,13.2,Pro - 8,Todor Mitev,10366591,6,H,8
83,13.2,Pro - 8,Ricardo Beato,10327632,6,H,0
83,13.2,Pro - 8,Gyula Kalmár,8068319,7,B,38
83,13.2,Pro - 8,Giuseppe Carlomagno,7699663,5,H,1
83,13.2,Pro - 8,Nikola Brojak,7658050,7,H,61
83,13.2,Pro - 8,Ville Kukkonen,6705243,7,P,9
83,13.2,Pro - 8,Bernardo Folhadela,4943266,5,H,0
83,13.2,Pro - 8,Anderson Lima,1881497,6,B,5
83,13.2,Pro - 8,Rodrigo Rocha,-3792779,7,P,3
83,13.2,Pro - 8,Evaldas Kurmis,-5026872,6,P,0
83,13.2,Pro - 8,Jim Becker,-6167566,5,P,0
83,13.2,Pro - 8,Stoycho Stoychev,-13184584,7,H,0
83,13.2,Pro - 8,Karol Mazurek,-14341426,7,P,20
83,13.2,Pro - 8,Geovane Ribeiro,-43713387,7,P,2
83,13.2,Pro - 9,Kaan Dagasan,135484284,6,P,8
83,13.2,Pro - 9,Kevinas Breive,123216437,7,H,12
83,13.2,Pro - 9,Alexander Cant,119510957,7,B,48
83,13.2,Pro - 9,Aswin Witte,90302339,6,A,0
83,13.2,Pro - 9,Pedro Jacquet,80212313,8,H,0
83,13.2,Pro - 9,Paweł Piętka,70226708,7,H,18
83,13.2,Pro - 9,Tobias Ernesto Pessotano,68997707,7,H,8
83,13.2,Pro - 9,Sergio Martinez,64283022,8,H,5
83,13.2,Pro - 9,Raffaele Bevacqua,63453387,6,H,7
83,13.2,Pro - 9,Jozef Lesay,57485650,7,P,56
83,13.2,Pro - 9,Gabor Herna,54267782,7,P,1
83,13.2,Pro - 9,Varga Gábor,53147684,6,H,0
83,13.2,Pro - 9,Dimítris Athinaíos,49687202,7,H,55
83,13.2,Pro - 9,Vittorio Mati,44830158,5,P,0
83,13.2,Pro - 9,Davide Galliani,44389591,6,H,6
83,13.2,Pro - 9,Erhan Erdikmen,43069474,6,P,5
83,13.2,Pro - 9,Joscha Büllesbach,41326691,7,B,82
83,13.2,Pro - 9,Tomasz Boryczka,33270344,7,H,8
83,13.2,Pro - 9,Federico Mantica,32942646,5,H,0
83,13.2,Pro - 9,Petri Minni,27724164,7,P,0
83,13.2,Pro - 9,Victor Baia,24908467,7,H,1
83,13.2,Pro - 9,Giacomo James Devilman,23514949,7,H,14
83,13.2,Pro - 9,Rasmus Hove,20440217,7,H,0
83,13.2,Pro - 9,Rich Weaving,19802756,6,H,0
83,13.2,Pro - 9,Cornelius Alexandru,18746894,7,B,13
83,13.2,Pro - 9,Eduardo Hoepers,13080199,6,A,0
83,13.2,Pro - 9,Ugo Venturi,10821585,7,P,1
83,13.2,Pro - 9,Alexandre Braga,10059116,6,H,0
83,13.2,Pro - 9,Jean-marc Boissinot,9605499,6,H,14
83,13.2,Pro - 9,Dirk Sperling,9242952,7,H,8
83,13.2,Pro - 9,Johan Dominé,8832458,7,H,4
83,13.2,Pro - 9,Robert Raczkiewicz,8814071,7,P,4
83,13.2,Pro - 9,Máximo Dolz,3430947,7,H,19
83,13.2,Pro - 9,Nathan Ribeiro,3338363,7,H,25
83,13.2,Pro - 9,Filippo Gino,3278862,7,H,0
83,13.2,Pro - 9,Darek Krawczuk,2659825,7,P,23
83,13.2,Pro - 9,Dávid Sifka,1268284,7,P,5
83,13.2,Pro - 9,Andrej Novák,-1484180,7,H,12
83,13.2,Pro - 9,Else Rene,-9393529,7,H,6
83,13.2,Pro - 9,Paul Brandt,-16901657,7,P,0
83,13.2,Pro - 10,Oscar Maddonni,94637472,7,H,36
83,13.2,Pro - 10,Fabio Corio,94150993,9,B,51
83,13.2,Pro - 10,Kuba Debiec,94146590,7,P,18
83,13.2,Pro - 10,Antonio Palazzo,90291027,7,H,10
83,13.2,Pro - 10,Andre Cherkasoff,73718834,6,H,2
83,13.2,Pro - 10,Dusan Zacpal,66745982,6,H,0
83,13.2,Pro - 10,Kardos Tibor,66394470,6,A,38
83,13.2,Pro - 10,Mauro Saccoccia,58539522,7,P,10
83,13.2,Pro - 10,Alexandru Diaconu,49573502,6,H,0
83,13.2,Pro - 10,Victor Nekrasov,48484757,7,P,52
83,13.2,Pro - 10,Giordano Vieira,45932544,7,B,12
83,13.2,Pro - 10,Silvio Botterini,45071600,8,H,19
83,13.2,Pro - 10,Marcelo Gallardo,38902436,7,H,0
83,13.2,Pro - 10,Eric Bolder,37686892,6,P,8
83,13.2,Pro - 10,Grzegorz Buczkowski,33511724,7,P,6
83,13.2,Pro - 10,Joss Giraud,23605867,7,P,0
83,13.2,Pro - 10,Calum MacKinnon,23250220,7,H,12
83,13.2,Pro - 10,Joel Trekane,17998604,7,H,0
83,13.2,Pro - 10,Renato Ribeiro,17976128,7,H,14
83,13.2,Pro - 10,Luis Lino,17645265,8,H,15
83,13.2,Pro - 10,Denny Holt,16305951,6,P,15
83,13.2,Pro - 10,Duarte Madrugo,10485160,7,P,9
83,13.2,Pro - 10,Wopke Hoekstra,10352438,5,B,0
83,13.2,Pro - 10,Simone Rossi,9205733,5,P,10
83,13.2,Pro - 10,Lucio Ferreira,7283017,6,P,9
83,13.2,Pro - 10,Fabio Maniscalco,7264261,6,P,0
83,13.2,Pro - 10,Keith Clark,6690256,7,P,32
83,13.2,Pro - 10,Eduardo Zolin,6219397,7,P,12
83,13.2,Pro - 10,Tom Bux,6153815,6,B,3
83,13.2,Pro - 10,John Arthur,4622625,7,H,1
83,13.2,Pro - 10,Federico Pereyra,4593556,6,P,0
83,13.2,Pro - 10,Dmitry Starostachev,3145514,7,H,5
83,13.2,Pro - 10,Paulo Peralta,1444812,7,P,0
83,13.2,Pro - 10,Patrick Gauthier,-340569,7,P,46
83,13.2,Pro - 10,Roman Alatyrtsev,-2178814,6,H,0
83,13.2,Pro - 10,Sergey Bolshakov,-5082664,6,B,14
83,13.2,Pro - 10,Sergio Roman,-5579808,7,P,2
83,13.2,Pro - 10,Felipe Bello,-16757839,7,H,2
83,13.2,Pro - 10,Matas Karanavicius,-21142805,8,B,0
83,13.2,Pro - 10,Daniel Santos,-30446613,7,P,5
83,13.2,Pro - 11,Julio Asencio,209734654,6,H,6
83,13.2,Pro - 11,Barna Tóth,147650880,7,H,17
83,13.2,Pro - 11,Mike Osintsev,108666156,6,B,13
83,13.2,Pro - 11,Shersh Khandelwal,96820284,8,B,6
83,13.2,Pro - 11,Gabor Horvath,81070514,7,H,0
83,13.2,Pro - 11,Andrea Marra,77423932,7,H,0
83,13.2,Pro - 11,Giorgio Aspesi,76225972,7,H,21
83,13.2,Pro - 11,Troy Sheahen,74333041,8,A,25
83,13.2,Pro - 11,Valter Polsaque,54229711,6,H,7
83,13.2,Pro - 11,Bob Liegi,49538979,7,B,8
83,13.2,Pro - 11,Lukasz Szymanski,48790266,7,H,0
83,13.2,Pro - 11,Thomas Marx,46470109,6,H,6
83,13.2,Pro - 11,Branislav Mihic,38569888,7,H,66
83,13.2,Pro - 11,Alex Mehser,37704766,7,H,1
83,13.2,Pro - 11,Zoltán Kiss,37106186,7,H,0
83,13.2,Pro - 11,Enrico Canino,31108089,6,H,0
83,13.2,Pro - 11,Mario Maietto,29450333,6,B,1
83,13.2,Pro - 11,Felipe Sakai,28627013,8,B,0
83,13.2,Pro - 11,Michell Coredeiro,27988035,7,H,58
83,13.2,Pro - 11,Sebastian Stenius,27890056,7,H,5
83,13.2,Pro - 11,Gökay Çiftçi,26977043,6,P,3
83,13.2,Pro - 11,Joseph Bada,26190908,4,P,0
83,13.2,Pro - 11,David Adam,25037096,8,B,59
83,13.2,Pro - 11,Bruno Dias,23720031,7,H,1
83,13.2,Pro - 11,Jimmy Severini,23372749,7,P,23
83,13.2,Pro - 11,Daniel Bertoya,20047839,7,H,0
83,13.2,Pro - 11,Ali Aydın,18899503,6,P,8
83,13.2,Pro - 11,Paweł Dylewski,18897150,6,P,0
83,13.2,Pro - 11,Roberto Borgato,18537168,8,P,43
83,13.2,Pro - 11,Konrad Lasak,14242282,7,H,7
83,13.2,Pro - 11,Martin Freeth,13255301,8,H,74
83,13.2,Pro - 11,Kamil Wojciechowski,11035570,6,H,0
83,13.2,Pro - 11,Olivier Baptista,2847421,7,P,6
83,13.2,Pro - 11,Gabriele Galanti,2547876,6,P,0
83,13.2,Pro - 11,Erik Chrin,846582,6,H,0
83,13.2,Pro - 11,Juan Carlos Mendez,67607,7,H,3
83,13.2,Pro - 11,Rick Queary,-662861,6,A,0
83,13.2,Pro - 11,Matthias Wegener,-1084985,6,P,0
83,13.2,Pro - 11,David Cabral,-4113328,7,B,1
83,13.2,Pro - 11,Mahesh Bheemaraj,-25277013,7,H,0
83,13.2,Pro - 12,Hajdú László,144142964,6,H,0
83,13.2,Pro - 12,Mateusz Górny,106018416,7,A,16
83,13.2,Pro - 12,Karol Opoka,94083402,7,H,0
83,13.2,Pro - 12,Jesus Rebolledo,91462983,6,H,0
83,13.2,Pro - 12,Sam Durrant,91260495,6,H,8
83,13.2,Pro - 12,Matthew Standen,82706639,6,H,10
83,13.2,Pro - 12,Reece Laundon,65494534,7,P,0
83,13.2,Pro - 12,Emil Kwiatkowski,63964236,9,H,92
83,13.2,Pro - 12,Geoffrey Gill,58520669,6,H,7
83,13.2,Pro - 12,Rebecca Nanni,50542294,7,A,2
83,13.2,Pro - 12,Matias Figuera,36790817,6,H,11
83,13.2,Pro - 12,Dejan Makor,35037573,7,B,7
83,13.2,Pro - 12,Simone Bertolotto,34490472,8,H,50
83,13.2,Pro - 12,Juan Farias,30333348,6,P,0
83,13.2,Pro - 12,Mihail Horvath,28001155,6,H,23
83,13.2,Pro - 12,Eddie Goodall,27893533,8,H,17
83,13.2,Pro - 12,Oleksa Vyshnivsky,25787395,7,B,0
83,13.2,Pro - 12,Mario Martini,22444841,8,H,1
83,13.2,Pro - 12,Endre Hollós,21002250,7,B,0
83,13.2,Pro - 12,Alessandro Facchetti,20621564,6,H,1
83,13.2,Pro - 12,Salvatore Di Meo,14237816,7,H,23
83,13.2,Pro - 12,Paulo Carneiro,12279010,6,H,9
83,13.2,Pro - 12,Eugene Timchenko,11622073,7,H,14
83,13.2,Pro - 12,Ezequiel Palletti,11522486,7,P,15
83,13.2,Pro - 12,Joan Centellas,8789481,7,P,78
83,13.2,Pro - 12,Johan Swanepoel,7592952,7,H,0
83,13.2,Pro - 12,Dominik Krowiak,6314546,6,H,5
83,13.2,Pro - 12,Sergey Ryabov,3814377,6,A,2
83,13.2,Pro - 12,Filippo Latino,3116018,5,H,1
83,13.2,Pro - 12,Matthew Smith,1203480,4,B,0
83,13.2,Pro - 12,David Andrewartha,915822,6,H,5
83,13.2,Pro - 12,Stuart Foster,-452607,6,H,49
83,13.2,Pro - 12,Pablo Lopez,-556464,6,H,0
83,13.2,Pro - 12,Ricardo Vidal,-1096033,4,P,0
83,13.2,Pro - 12,Gavin Mackenzie,-2755986,8,P,0
83,13.2,Pro - 12,Cole Fainter,-6087489,6,A,0
83,13.2,Pro - 12,Ahmad Aloulou,-6899971,5,H,8
83,13.2,Pro - 12,Joabe Reis Silva,-8730859,6,P,6
83,13.2,Pro - 12,Piotr Łabenda,-16526116,7,P,0
83,13.2,Pro - 12,Jonathan Flament,-18616394,6,P,8
83,13.2,Pro - 13,Michael Reyer,100668193,6,H,3
83,13.2,Pro - 13,Olivier Proulx,99676672,5,H,0
83,13.2,Pro - 13,Gonzalo Falcetti Gonzalez,83021291,6,H,0
83,13.2,Pro - 13,George Togas,65153842,6,H,13
83,13.2,Pro - 13,Alin Berescu,54233619,7,H,26
83,13.2,Pro - 13,Michal Okulski,50370533,7,B,0
83,13.2,Pro - 13,Marco Lopes,48867950,7,H,51
83,13.2,Pro - 13,Fredrik Ahlin,48559177,7,P,22
83,13.2,Pro - 13,Attila Kvanta,37673143,7,H,10
83,13.2,Pro - 13,Emīls Ribaks,37410872,7,H,8
83,13.2,Pro - 13,Patricija Ovcharenko,37207077,7,P,10
83,13.2,Pro - 13,Kshitij Sharma,35135144,7,P,0
83,13.2,Pro - 13,Thiago Bento,34565008,7,H,17
83,13.2,Pro - 13,Nikolai Nikolov,34281965,7,H,55
83,13.2,Pro - 13,Zsolt Modoc,30234301,7,P,12
83,13.2,Pro - 13,Adrian Heuchert,29073261,7,H,7
83,13.2,Pro - 13,Róbert Orosz,28877937,6,H,0
83,13.2,Pro - 13,Dmitri Kondrat,28406872,7,H,0
83,13.2,Pro - 13,Peter Kontra,27368795,6,H,19
83,13.2,Pro - 13,Pavel Ionescu,22259300,6,H,32
83,13.2,Pro - 13,Petrus Taskila,22069433,6,H,13
83,13.2,Pro - 13,Marko Paukku,21681827,6,P,6
83,13.2,Pro - 13,Tomasz Siwiec,16703192,8,H,8
83,13.2,Pro - 13,Carlos Louzeiro,10835927,6,H,5
83,13.2,Pro - 13,Domien Luts,9621435,7,H,2
83,13.2,Pro - 13,Angel Salas,9461092,6,H,2
83,13.2,Pro - 13,Eddy Kobayashi,7509854,6,H,0
83,13.2,Pro - 13,Goran Slunjski,6611190,8,B,18
83,13.2,Pro - 13,Dusan Sevarlic,6026537,7,H,32
83,13.2,Pro - 13,Mateus Lima,5251847,7,P,4
83,13.2,Pro - 13,Lucas Floriano De Souza,4716000,6,P,37
83,13.2,Pro - 13,Giovanni Barzaghi,3812645,5,H,8
83,13.2,Pro - 13,Miguel Queiroz,2339530,6,H,0
83,13.2,Pro - 13,Bruno Scarlata,486078,6,B,4
83,13.2,Pro - 13,Leonel Rey,-935143,6,H,6
83,13.2,Pro - 13,Michele Brambilla,-1109866,5,P,0
83,13.2,Pro - 13,Bill Mesaros,-3933983,7,B,0
83,13.2,Pro - 13,Edward Coulman,-5191177,7,H,0
83,13.2,Pro - 13,Alexandru Ionut,-7405051,7,P,3
83,13.2,Pro - 13,Javier Bruschi,-10158675,7,B,35
83,13.2,Pro - 14,Mihail Morozov,120308488,6,H,38
83,13.2,Pro - 14,Daniel Tackaberry,101145932,6,P,0
83,13.2,Pro - 14,Stéphane Rombaux,75627441,7,B,15
83,13.2,Pro - 14,Marco Ferraz,73242901,7,H,5
83,13.2,Pro - 14,Mario Hernandez,71828893,6,H,12
83,13.2,Pro - 14,Andrea Di Pietro,70453871,6,H,9
83,13.2,Pro - 14,Gergely Kondár,66758075,6,H,0
83,13.2,Pro - 14,José Luis Navarro,66592758,6,H,0
83,13.2,Pro - 14,Francesco Cairola,66129833,7,P,0
83,13.2,Pro - 14,Kyle Morby,63521323,5,H,0
83,13.2,Pro - 14,Aliprando Siraghi,62867010,7,P,0
83,13.2,Pro - 14,Ari Rautamies,55195932,8,P,60
83,13.2,Pro - 14,Arnaud Ferraris,51902208,7,H,15
83,13.2,Pro - 14,Sandro Benghi,50195022,7,H,11
83,13.2,Pro - 14,Sebastian Lochmann,46451499,7,P,6
83,13.2,Pro - 14,Diogo Schwinn,44900899,7,H,31
83,13.2,Pro - 14,Rem Jürgenson,42662473,8,H,0
83,13.2,Pro - 14,Oeste Berta,40314413,7,H,5
83,13.2,Pro - 14,Florian Berger,36956597,7,H,17
83,13.2,Pro - 14,Johan Olsson,32957582,8,P,24
83,13.2,Pro - 14,Luis Ferreira,32293069,8,H,45
83,13.2,Pro - 14,Mirsad Pazari,31998862,7,H,10
83,13.2,Pro - 14,Jim Norton,30247471,7,H,3
83,13.2,Pro - 14,Matías Alloatti,25830863,7,H,1
83,13.2,Pro - 14,Diogo Carrapiço,24532694,6,H,9
83,13.2,Pro - 14,Nuno Santos,24528972,7,H,5
83,13.2,Pro - 14,Leonardo Araújo,23937897,7,H,67
83,13.2,Pro - 14,Marko Dragojević,22063508,7,H,10
83,13.2,Pro - 14,Edmundas Urbonas,17997767,7,H,18
83,13.2,Pro - 14,Daniel Rodriguez,17773638,7,P,2
83,13.2,Pro - 14,Danilo Alberghetti,13183615,5,H,0
83,13.2,Pro - 14,Marin Ružić,8622690,6,H,31
83,13.2,Pro - 14,Paulo Maia,7494842,7,H,13
83,13.2,Pro - 14,Thiago Cristofolini,5156811,5,H,3
83,13.2,Pro - 14,Andrey Kozlov,3203969,5,P,0
83,13.2,Pro - 14,Patrice Haas,997190,7,P,0
83,13.2,Pro - 14,Sito Haus,948539,7,H,0
83,13.2,Pro - 14,Paulo Morgado,181459,6,H,3
83,13.2,Pro - 14,Ambroz Pondelek,-1630936,7,A,0
83,13.2,Pro - 14,William Pickering,-2932076,6,H,0
83,13.2,Pro - 15,Florin Ionut,135969695,7,H,59
83,13.2,Pro - 15,Dani Fekete,128957831,8,P,5
83,13.2,Pro - 15,Tibor Csábi,125880942,6,B,0
83,13.2,Pro - 15,Asdrúbal Corral,109095468,7,P,99
83,13.2,Pro - 15,Fabricio Ramos,99291306,7,H,25
83,13.2,Pro - 15,Rory Collins,86408177,8,B,7
83,13.2,Pro - 15,Marcio Klaus,81291385,6,H,0
83,13.2,Pro - 15,Mindaugas Kuodys,73685571,7,H,7
83,13.2,Pro - 15,Gastón Paris,70743667,7,H,0
83,13.2,Pro - 15,Mihai Daroczi,46380468,7,H,8
83,13.2,Pro - 15,Marlon Feltrin Jeremias,44282918,7,B,11
83,13.2,Pro - 15,Mandar Kale,43461079,7,P,0
83,13.2,Pro - 15,Aditya Wirasanjaya,41281332,7,H,17
83,13.2,Pro - 15,Alexis Adams,37697228,8,H,2
83,13.2,Pro - 15,Sergio Severino,36228670,7,B,2
83,13.2,Pro - 15,Vít Kunc,33131648,7,H,0
83,13.2,Pro - 15,Nikoletta Posvancz,31911673,7,B,0
83,13.2,Pro - 15,Sergio Malonni,30072839,6,H,7
83,13.2,Pro - 15,Rogério Araken,25411693,7,A,47
83,13.2,Pro - 15,Martin Pospíšil,25229583,7,H,21
83,13.2,Pro - 15,Gergő Csernátoni,24281751,8,P,28
83,13.2,Pro - 15,Alexander Kateliev,23161434,6,H,12
83,13.2,Pro - 15,Miguel Rosso,22689545,7,H,0
83,13.2,Pro - 15,Sebastián Acosta,22633082,5,H,0
83,13.2,Pro - 15,Erwin Verkade,18280843,5,B,0
83,13.2,Pro - 15,Stefan Krustev,17411770,7,P,0
83,13.2,Pro - 15,Viktor Kocsi,16998896,7,H,0
83,13.2,Pro - 15,Alex Phil,16254571,7,P,0
83,13.2,Pro - 15,Michele Jannone,14179218,7,B,0
83,13.2,Pro - 15,Pedro Jose Moreno,12186750,6,P,12
83,13.2,Pro - 15,Marcin Grajek,8130474,8,B,0
83,13.2,Pro - 15,Miguel Bain,8071860,7,H,35
83,13.2,Pro - 15,Marius Slavinskas,5059981,7,P,4
83,13.2,Pro - 15,Ufuk Yasayan,3852840,6,H,30
83,13.2,Pro - 15,Igor Stuparić,964336,6,P,2
83,13.2,Pro - 15,Dominik Tóth,181969,6,P,0
83,13.2,Pro - 15,Valerio Cirri,-682079,7,P,1
83,13.2,Pro - 15,Uilton Santos,-2109247,6,P,2
83,13.2,Pro - 15,Tomas Balsevicius,-6940489,7,H,6
83,13.2,Pro - 15,Diogo Xavier Santos,-23608200,7,P,19
83,13.2,Pro - 16,Roman Ischenko,89514152,7,H,18
83,13.2,Pro - 16,Sergei Mitrahovich,69455217,7,P,12
83,13.2,Pro - 16,Craig McLean,67229444,7,P,2
83,13.2,Pro - 16,Ricardo Silva,63509459,7,H,60
83,13.2,Pro - 16,Arnaud Religieux,60520437,7,H,5
83,13.2,Pro - 16,Felipe Aguiar,56783210,7,H,75
83,13.2,Pro - 16,Roland Balog,54983655,7,P,34
83,13.2,Pro - 16,Mick Ridley,54754000,7,H,64
83,13.2,Pro - 16,Ondřej Haška,54303981,6,B,0
83,13.2,Pro - 16,Burak Alaydın,48869398,7,H,2
83,13.2,Pro - 16,Alejo Depipol,47559932,6,H,0
83,13.2,Pro - 16,Lucas Holmes,46531766,7,H,8
83,13.2,Pro - 16,Krzysztof Kasinski,45561508,8,P,1
83,13.2,Pro - 16,Nicolas Tonelli,45029454,7,H,0
83,13.2,Pro - 16,Stefano Duo,43465666,8,H,29
83,13.2,Pro - 16,Caíke Kauling,33164639,7,H,5
83,13.2,Pro - 16,Jiří Humpolák,32024318,7,B,13
83,13.2,Pro - 16,Andrjunja Kass,30989683,8,P,0
83,13.2,Pro - 16,Gokhan Özkan,27051778,8,A,21
83,13.2,Pro - 16,Jônatas Paiva,23042176,7,P,6
83,13.2,Pro - 16,Giovanni Bertolo,17874868,6,A,0
83,13.2,Pro - 16,Marcelo Tavares,13364363,7,P,0
83,13.2,Pro - 16,Zoltán Zelei,11841512,9,P,13
83,13.2,Pro - 16,Victor Chernyshev,11249154,7,H,21
83,13.2,Pro - 16,Lukas Pilka,10890996,7,H,3
83,13.2,Pro - 16,Aleksey Skrypnev,10742905,6,H,0
83,13.2,Pro - 16,Brice Meyer,8685801,7,H,5
83,13.2,Pro - 16,Sebastien Sailliot,8549702,7,H,0
83,13.2,Pro - 16,Jose Luis Macho Pita,8038450,6,H,0
83,13.2,Pro - 16,Gianluca Bini,1424041,6,H,0
83,13.2,Pro - 16,Reimo Kochwatsch,58424,6,H,0
83,13.2,Pro - 16,Zahid Özkara,-27467,7,H,9
83,13.2,Pro - 16,Goran Milenkovic,-194685,7,B,22
83,13.2,Pro - 16,Roman Lizogub,-2041063,7,H,8
83,13.2,Pro - 16,Pekka Kumpula,-3463393,6,P,0
83,13.2,Pro - 16,Victor Kamennov,-3822475,7,P,25
83,13.2,Pro - 16,Jonas Žaldokas,-4567015,8,P,0
83,13.2,Pro - 16,Alexandre Andrade,-8198431,4,A,0
83,13.2,Pro - 16,Michal Presinsky,-10695187,7,H,7
83,13.2,Pro - 16,Ruslan Lukyanchuk,-13347719,8,P,0
83,13.2,Pro - 17,Francesco Polleggioni,134205836,7,H,7
83,13.2,Pro - 17,Adrian Skrobiński,127797380,7,H,65
83,13.2,Pro - 17,Vsevolod Demydov,95692654,7,H,4
83,13.2,Pro - 17,Paweł Szewczyk,90936479,7,H,0
83,13.2,Pro - 17,Arnas Peikstenis,65802337,9,H,37
83,13.2,Pro - 17,Guillaume Delamarre,58701994,8,B,103
83,13.2,Pro - 17,Márcio Portuga,55227873,6,H,9
83,13.2,Pro - 17,Valnyris Tejet,53561936,7,H,13
83,13.2,Pro - 17,Álvaro Alvarinho,49136881,7,H,0
83,13.2,Pro - 17,Stefano Verderio,47876556,4,P,0
83,13.2,Pro - 17,Thiago Mendes,47412462,7,H,18
83,13.2,Pro - 17,Sebastian Velosa,47136076,6,B,6
83,13.2,Pro - 17,Francesco Dolci,46282848,7,P,0
83,13.2,Pro - 17,Jhon Alexander Osorno Alvarez,45575793,7,A,6
83,13.2,Pro - 17,Chris Williamson,44260772,8,P,0
83,13.2,Pro - 17,Nicolás Soto,43534245,7,A,7
83,13.2,Pro - 17,Witek Dzid,39846709,8,B,2
83,13.2,Pro - 17,James Berriman,37677696,7,H,24
83,13.2,Pro - 17,Massimo Dinolfo,35106023,6,H,23
83,13.2,Pro - 17,Vladimir Viktorovich,27233989,6,A,8
83,13.2,Pro - 17,Robert Lee,24448960,8,H,15
83,13.2,Pro - 17,Juliano Berti,24115380,7,H,0
83,13.2,Pro - 17,Walter Caballero,21611853,6,A,0
83,13.2,Pro - 17,Gerardo Antonio Cecere,18211251,8,P,1
83,13.2,Pro - 17,Béla Ormos,15677397,8,H,6
83,13.2,Pro - 17,Leonardo Caceres,11167243,8,H,7
83,13.2,Pro - 17,Billy Van Der Merwe,10634003,5,H,0
83,13.2,Pro - 17,Rodrigo Campos,7599615,6,H,0
83,13.2,Pro - 17,Shanhan Bonham,7166060,5,P,0
83,13.2,Pro - 17,Stefan Leitgeb,6731102,6,H,39
83,13.2,Pro - 17,Enzo Sbarbini,6415311,6,H,5
83,13.2,Pro - 17,Claudio Lima,4788931,6,H,0
83,13.2,Pro - 17,Duong Cuong,-283473,7,P,28
83,13.2,Pro - 17,Willian Moura,-1347787,6,H,0
83,13.2,Pro - 17,Jiří Burda,-1582748,6,H,0
83,13.2,Pro - 17,Luce Roso,-5226308,6,P,0
83,13.2,Pro - 17,Cosimo Salatino,-7199132,6,A,0
83,13.2,Pro - 17,Mihály Székely,-9814178,8,P,21
83,13.2,Pro - 17,Branislav Hrnjak,-11123986,8,H,14
83,13.2,Pro - 17,Rudy Szafraniec,-52072418,8,P,0
83,13.2,Pro - 18,Samuel Kou,186800266,6,A,0
83,13.2,Pro - 18,Deni Saja,116474893,6,P,31
83,13.2,Pro - 18,Adriano Barbosa,66623828,7,H,34
83,13.2,Pro - 18,David Vidović,63321798,8,H,31
83,13.2,Pro - 18,Jonas Karalius,59383996,2,B,0
83,13.2,Pro - 18,Alex Cos,54657893,6,H,7
83,13.2,Pro - 18,Péter Veszprémi,53478773,7,H,4
83,13.2,Pro - 18,Boris Schizzarotto,43056032,5,P,0
83,13.2,Pro - 18,Maja Soren,36299995,8,P,14
83,13.2,Pro - 18,Marco Pomes,36142151,6,H,9
83,13.2,Pro - 18,Tadeu Bolzan,35474193,7,P,5
83,13.2,Pro - 18,Gabriele Tumminello,32894409,7,H,27
83,13.2,Pro - 18,Filip Jadroň,28695949,6,P,0
83,13.2,Pro - 18,József Magyari,28635954,6,H,6
83,13.2,Pro - 18,Fred Vautrin,28594258,6,B,7
83,13.2,Pro - 18,Peter Both,27283409,7,H,76
83,13.2,Pro - 18,Geir Pukk,23466173,7,H,82
83,13.2,Pro - 18,Lucas Santiago,23149971,7,P,0
83,13.2,Pro - 18,Rafael Talaisys,21290758,5,H,3
83,13.2,Pro - 18,Gabriel Miranda,14322099,7,P,4
83,13.2,Pro - 18,Mariano Seeber,12265396,5,H,19
83,13.2,Pro - 18,Slobodan Bulic,11971506,6,P,11
83,13.2,Pro - 18,Andrian Naidenov,11337742,6,B,12
83,13.2,Pro - 18,Igor Mihaliska,10257307,6,H,4
83,13.2,Pro - 18,Torsten Wilke,9038290,7,B,10
83,13.2,Pro - 18,Yura Murashko,8339892,6,P,2
83,13.2,Pro - 18,Francesco Raggio,6833661,6,B,3
83,13.2,Pro - 18,Gorka Bollo,5129244,6,P,0
83,13.2,Pro - 18,Andriy Dyadkovich,3498273,7,B,3
83,13.2,Pro - 18,Dan Currie,3126065,5,H,0
83,13.2,Pro - 18,Michael Zenger,1990868,7,H,1
83,13.2,Pro - 18,Alexandre Resende,1966809,7,P,0
83,13.2,Pro - 18,Dejan Svajner,1383287,7,B,0
83,13.2,Pro - 18,Tihamér Pál,988429,7,H,0
83,13.2,Pro - 18,Martin Kuzov,-1256062,7,P,22
83,13.2,Pro - 18,Hristo Kantarev,-1586851,6,P,0
83,13.2,Pro - 18,Andrei Vădineanu,-11278155,7,B,0
83,13.2,Pro - 18,Donatas Rutkauskas,-14388872,7,P,37
83,13.2,Pro - 18,Didier Charlot,-15360137,6,A,0
83,13.2,Pro - 18,Jairo Teixeira,-24299578,7,H,4
83,13.2,Pro - 19,Angelo Bassi,123784260,5,H,0
83,13.2,Pro - 19,Frederik Broux,99236424,7,H,21
83,13.2,Pro - 19,Daniel Palma,83696444,8,H,4
83,13.2,Pro - 19,Mirko Bertotti,78679873,7,P,8
83,13.2,Pro - 19,Victor Brezhnev,67741249,6,H,10
83,13.2,Pro - 19,José Abi Jaudi,57966255,8,H,22
83,13.2,Pro - 19,Eduard Gindullin,55029979,7,H,36
83,13.2,Pro - 19,Petr Šimůnek,47915469,7,P,0
83,13.2,Pro - 19,Dimitris Orfanos,42670636,8,H,69
83,13.2,Pro - 19,Richard Hrmo,39347339,7,H,7
83,13.2,Pro - 19,Csaba Csarankó,36829845,6,H,3
83,13.2,Pro - 19,Joe Manifold,35798542,7,B,0
83,13.2,Pro - 19,Tamás Papdi,35240136,7,P,0
83,13.2,Pro - 19,Joaquin Cardinali,32739276,6,A,0
83,13.2,Pro - 19,Andrew Lawrence,30508598,7,P,3
83,13.2,Pro - 19,Marcin Milczarek,25658576,7,B,0
83,13.2,Pro - 19,Marcin Calmen,21533200,8,H,14
83,13.2,Pro - 19,Djordje Arulic,21299178,6,B,7
83,13.2,Pro - 19,Pablo Alejo Herrero Lamuedra,18928977,7,H,0
83,13.2,Pro - 19,Pál Baracsi,18461118,7,H,6
83,13.2,Pro - 19,Stewart James,17324571,7,H,0
83,13.2,Pro - 19,Petar Chuchukov,16179551,7,P,4
83,13.2,Pro - 19,Steffen Holm,16135553,7,H,0
83,13.2,Pro - 19,Gábor Besenyi,15503642,8,P,60
83,13.2,Pro - 19,Alexander Hoppe,14980294,6,H,23
83,13.2,Pro - 19,Pablo Gustavo,13457604,7,P,10
83,13.2,Pro - 19,Zdravko Subakov,13103778,7,P,0
83,13.2,Pro - 19,Ali İhsan Umutlu,11662320,7,H,0
83,13.2,Pro - 19,Mike Zestas,8889500,7,H,0
83,13.2,Pro - 19,József Gyuricza,7099174,8,P,54
83,13.2,Pro - 19,Oriol Pardo,4404047,8,H,1
83,13.2,Pro - 19,Andreas Weilemann,1305257,7,P,5
83,13.2,Pro - 19,Julio Pereira,433526,6,H,15
83,13.2,Pro - 19,Daniel Iliev,-1875538,6,H,8
83,13.2,Pro - 19,Davy Van Den Abbeele,-2245776,7,H,53
83,13.2,Pro - 19,Alexandre Marcelino,-4766777,8,H,1
83,13.2,Pro - 19,Níkos Mpalkámos,-6957366,7,P,0
83,13.2,Pro - 19,Giannis Patilas,-7987327,7,H,0
83,13.2,Pro - 19,Stefano Fort,-9706722,7,H,24
83,13.2,Pro - 19,Eleutério Sousa,-14771722,7,P,0
83,13.2,Pro - 20,Rogerio Mandler,86163339,7,B,9
83,13.2,Pro - 20,Matthieu Portal,84516448,7,H,5
83,13.2,Pro - 20,Ciccio Pappalardo,78354279,7,H,4
83,13.2,Pro - 20,Dmitrij Soldatenkov,70106397,7,H,8
83,13.2,Pro - 20,Luke Frost,67771060,7,P,2
83,13.2,Pro - 20,Andres Duffey,65749304,7,H,72
83,13.2,Pro - 20,Olver Hernández,57296862,7,H,3
83,13.2,Pro - 20,Diego Palacio,55063757,6,A,0
83,13.2,Pro - 20,Gianluca Nanni,53879670,8,P,0
83,13.2,Pro - 20,Theodosis Vogiatzis,51890216,7,H,16
83,13.2,Pro - 20,Victor Fabiano,37208281,7,H,8
83,13.2,Pro - 20,Thomas Geißler,31879396,7,B,8
83,13.2,Pro - 20,Jussi Mäenpää,29903404,7,P,49
83,13.2,Pro - 20,Benedetto Di Vico,28539894,8,H,78
83,13.2,Pro - 20,Ivan Andjelic,24274636,8,H,45
83,13.2,Pro - 20,Adam Pilo,23918160,6,H,10
83,13.2,Pro - 20,Fabri Silva,23154710,5,P,0
83,13.2,Pro - 20,Jaime Gomez,22878242,7,P,0
83,13.2,Pro - 20,Ricardo Todd,17631614,6,H,24
83,13.2,Pro - 20,Fabio Lopez,16912189,7,B,0
83,13.2,Pro - 20,Ayman Daher,16395685,8,H,41
83,13.2,Pro - 20,Roberto Schumacher,16068198,7,H,0
83,13.2,Pro - 20,Wagner Costa,13389893,8,P,34
83,13.2,Pro - 20,Jánosné Horvath,13206696,8,H,1
83,13.2,Pro - 20,Ivica Maričević,8920690,6,H,0
83,13.2,Pro - 20,Michal Andrýsekk,8222822,7,H,0
83,13.2,Pro - 20,Louis Hamilton,7775448,7,P,2
83,13.2,Pro - 20,Goran Vukovic,7299126,7,H,32
83,13.2,Pro - 20,Sebastian Cucciardi,7154736,5,P,0
83,13.2,Pro - 20,Herve Imbert,6567346,6,H,3
83,13.2,Pro - 20,Dmitry Kuznetsov,6385972,3,H,0
83,13.2,Pro - 20,Brian Blagdon,4976761,7,P,0
83,13.2,Pro - 20,Nenad Samardžić,3152493,3,H,0
83,13.2,Pro - 20,Carmine Esposito,3122480,7,B,0
83,13.2,Pro - 20,Matheus Cordeiro,-2458317,6,H,3
83,13.2,Pro - 20,Floris Maljers,-4995312,7,P,6
83,13.2,Pro - 20,Suat Gültekin,-5502792,7,P,5
83,13.2,Pro - 20,Jonathan Beagles,-5935623,5,P,0
83,13.2,Pro - 20,Leonardo Fiorotto,-7142707,7,H,0
83,13.2,Pro - 20,Wendell Kill,-19488112,6,H,0
83,13.2,Pro - 21,Ivaylo Tanev,155023653,7,P,8
83,13.2,Pro - 21,Juan Carlos Sánchez,128382205,7,H,12
83,13.2,Pro - 21,Jose Luis Monty,100636332,7,P,5
83,13.2,Pro - 21,Giovanni Mazzanati,99509515,7,H,6
83,13.2,Pro - 21,Yiánnis Spirópoulos,97900780,6,H,9
83,13.2,Pro - 21,Lucas Araujo,88336110,7,P,0
83,13.2,Pro - 21,Zoltán Zsifkó,79278463,7,P,3
83,13.2,Pro - 21,Frédéric Pierret,69609659,7,H,44
83,13.2,Pro - 21,Bruno Da Silva,65508481,7,H,9
83,13.2,Pro - 21,Matheus Gemignani,59136452,7,A,23
83,13.2,Pro - 21,Vladimir Valis,51639191,8,H,104
83,13.2,Pro - 21,Christopher Willis,50510321,7,H,11
83,13.2,Pro - 21,Szilvia Gaál,45016789,7,B,8
83,13.2,Pro - 21,Henrikas Svidras,44678919,6,H,2
83,13.2,Pro - 21,Norbert Páldeák,43097696,7,H,4
83,13.2,Pro - 21,Marcelo Ascencio,37468618,8,H,12
83,13.2,Pro - 21,Rafael Bermejo,34081590,7,B,11
83,13.2,Pro - 21,Carlos Esparza,32356723,7,H,28
83,13.2,Pro - 21,Ernestas Kalašinskas,23919427,7,H,7
83,13.2,Pro - 21,Łukasz Rutkowski,23555786,7,P,11
83,13.2,Pro - 21,Rauno Tammel,21876876,8,B,15
83,13.2,Pro - 21,Fabrice Van Damme,21014198,7,P,43
83,13.2,Pro - 21,Philippe Peyroche,19360413,7,B,2
83,13.2,Pro - 21,Jos Haarsma,17983664,6,H,17
83,13.2,Pro - 21,Giannis Kiriakidis,17398762,7,H,10
83,13.2,Pro - 21,Luis De Los Reyes,14111087,8,H,0
83,13.2,Pro - 21,Antonio Veiga,11039829,6,H,19
83,13.2,Pro - 21,Frederic Van Rossum,8042332,7,B,0
83,13.2,Pro - 21,Luiz Souza,7940515,7,P,5
83,13.2,Pro - 21,Giovanni Farina,5542782,6,H,1
83,13.2,Pro - 21,Roman Sokolov,4661651,7,P,1
83,13.2,Pro - 21,Abhishek Kankonkar,3504922,6,H,0
83,13.2,Pro - 21,Ankush Gupta,264542,7,P,5
83,13.2,Pro - 21,Gideon Rosa,-1269195,7,H,4
83,13.2,Pro - 21,Pavel Šťastný,-1290228,6,H,4
83,13.2,Pro - 21,Çağrı Karaağaç,-1747872,7,H,4
83,13.2,Pro - 21,Čeněk Urvalfiltr,-2296813,6,P,0
83,13.2,Pro - 21,Kerem Arslanli,-9197402,6,B,18
83,13.2,Pro - 21,André França,-51234582,8,B,3
83,13.2,Pro - 21,Ronald Arcia,-54197710,7,H,0
83,13.2,Pro - 22,Ioannis Dimitroglou,137540947,6,H,11
83,13.2,Pro - 22,Maciej Młynek,89184519,7,P,6
83,13.2,Pro - 22,Nilson Pina,76110134,6,P,0
83,13.2,Pro - 22,Hováth Kázmér,74407544,6,H,0
83,13.2,Pro - 22,Mack Cotton,63345024,7,H,11
83,13.2,Pro - 22,Ville Pohjanen,61153637,5,H,0
83,13.2,Pro - 22,Phil Symonds,53795973,7,P,18
83,13.2,Pro - 22,Kyriakos Panousis,52808488,6,P,0
83,13.2,Pro - 22,Allan Stockinger,52236791,7,H,6
83,13.2,Pro - 22,Yassine Ben Rajeb,49068540,8,H,45
83,13.2,Pro - 22,Károly Pintér,46745874,7,P,1
83,13.2,Pro - 22,Montes Dimemola,46454118,6,H,30
83,13.2,Pro - 22,Nikita Guidotti,46439442,7,H,42
83,13.2,Pro - 22,Jeremy Sarrasin,45391693,6,H,0
83,13.2,Pro - 22,Martina Kirakovjanova,42945315,7,P,0
83,13.2,Pro - 22,Francisco Arce,42222104,7,A,23
83,13.2,Pro - 22,Christian Wonisch,37692944,6,H,8
83,13.2,Pro - 22,Marcelo Rodrigues,32743698,7,H,0
83,13.2,Pro - 22,Michał Sułek,29096885,7,P,66
83,13.2,Pro - 22,Arnoldas Arnisgd,27352111,8,H,22
83,13.2,Pro - 22,Zivanovic Nikola,24543535,7,B,6
83,13.2,Pro - 22,Jakab Zoltan,23251425,8,H,0
83,13.2,Pro - 22,Roni Moura,20760989,5,A,5
83,13.2,Pro - 22,Sarah Billiotte,19131216,6,H,28
83,13.2,Pro - 22,Neil Cole,17545577,6,H,5
83,13.2,Pro - 22,Josep Meyer,15950525,5,H,0
83,13.2,Pro - 22,Milos Markovic,15436767,7,H,28
83,13.2,Pro - 22,Harri Pakosta,14746664,4,B,6
83,13.2,Pro - 22,Andrea Oclab,13819327,8,H,40
83,13.2,Pro - 22,Ivan Stojkovic,12742599,6,H,3
83,13.2,Pro - 22,Mario Molina,11866931,2,B,0
83,13.2,Pro - 22,Matthew Wheeler,11526786,7,H,0
83,13.2,Pro - 22,José Mario Alonso Alonso,10417790,7,H,2
83,13.2,Pro - 22,Orlin Popov,1033380,7,H,5
83,13.2,Pro - 22,Felype Mattos,113671,6,H,0
83,13.2,Pro - 22,Nick Tsagarakis,-783373,7,H,6
83,13.2,Pro - 22,Geoffrey Novais,-1077777,4,H,0
83,13.2,Pro - 22,Sergio Ferraro,-1305685,6,H,8
83,13.2,Pro - 22,Col Brown,-1360712,8,P,16
83,13.2,Pro - 22,Guido Simonetta,-12735167,6,H,21
83,13.2,Pro - 23,Jesús Pérez,187073720,7,H,69
83,13.2,Pro - 23,Valentino Receputi,95934818,7,H,16
83,13.2,Pro - 23,Dex Vici,95665408,7,H,29
83,13.2,Pro - 23,Péter Propszt,94995556,7,H,0
83,13.2,Pro - 23,Tolga Erkan,89641217,6,H,0
83,13.2,Pro - 23,Marta De Marinis,87034587,6,P,0
83,13.2,Pro - 23,Keith Whittaker,74301121,6,H,5
83,13.2,Pro - 23,Philippe Laude,68496511,7,H,2
83,13.2,Pro - 23,Mauricio Angelucci,67772325,7,H,0
83,13.2,Pro - 23,Roberto Schiavelli,67268038,7,H,1
83,13.2,Pro - 23,Kirsty Ridley,62569784,7,H,0
83,13.2,Pro - 23,Fabio Cavallini,56117635,5,P,0
83,13.2,Pro - 23,Cédrick Flament,56074243,8,H,64
83,13.2,Pro - 23,Joel Christman,54609193,7,H,2
83,13.2,Pro - 23,Bernard Bontjer,53975198,7,H,2
83,13.2,Pro - 23,Toni Söyrinki,52088604,5,A,0
83,13.2,Pro - 23,Daniel Rosa,51930455,8,P,8
83,13.2,Pro - 23,Jon Bell,50902198,6,P,2
83,13.2,Pro - 23,Stefano Solinas,44783316,7,H,5
83,13.2,Pro - 23,Deepak Kar,37930107,7,H,11
83,13.2,Pro - 23,Bruno Cestino,35591308,2,H,0
83,13.2,Pro - 23,Dimitry Korotunenko,34998490,7,H,45
83,13.2,Pro - 23,Tibor Szuromi,24599389,7,B,11
83,13.2,Pro - 23,Guilherme Franco,18007510,8,P,59
83,13.2,Pro - 23,Silvestre Fonseca,17931519,7,H,8
83,13.2,Pro - 23,David Evans,10476464,6,P,61
83,13.2,Pro - 23,Jean-Maxime Trucon,9017363,6,H,0
83,13.2,Pro - 23,Kris Kilsby,7732282,7,P,0
83,13.2,Pro - 23,Felipe Mafra,7524535,6,H,8
83,13.2,Pro - 23,Jared Grabski,6871501,7,P,0
83,13.2,Pro - 23,Ben Gladwyn,5012974,6,H,0
83,13.2,Pro - 23,Anibal Conosciuto,4498730,6,B,0
83,13.2,Pro - 23,Vasilis Zoumpi,2382004,7,H,0
83,13.2,Pro - 23,Andrzej Dąbrowski,1868446,7,B,5
83,13.2,Pro - 23,Szilkó Szoboszlai,528571,7,H,0
83,13.2,Pro - 23,Fred Hauser,-1657733,7,H,25
83,13.2,Pro - 23,Alihan Zor,-3607371,7,H,23
83,13.2,Pro - 23,Harno Lé,-9774359,7,B,3
83,13.2,Pro - 23,Marco Huber,-19576328,6,P,0
83,13.2,Pro - 23,Andreas Vigil,-27523945,8,H,4
83,13.2,Pro - 24,Ping Hui,150660938,6,H,33
83,13.2,Pro - 24,Gavin Adam,102737871,6,H,9
83,13.2,Pro - 24,Olli Tamminen,75707140,7,H,13
83,13.2,Pro - 24,Gary Mullins,75250204,7,H,29
83,13.2,Pro - 24,Martin Campos,69350765,6,H,0
83,13.2,Pro - 24,Enzo Di Meo,68127867,4,H,22
83,13.2,Pro - 24,Marcelo Franco,67272276,7,A,4
83,13.2,Pro - 24,Leanne Lowe,61021385,7,H,29
83,13.2,Pro - 24,Michael Monaco,59375035,7,B,39
83,13.2,Pro - 24,Marek Wasilewski,56108069,8,H,0
83,13.2,Pro - 24,Krzysztof Betlewicz,51386124,6,A,5
83,13.2,Pro - 24,Vedat Tumur,48498028,5,P,6
83,13.2,Pro - 24,Giuseppe Lamanna,44277925,6,H,0
83,13.2,Pro - 24,Artur Sikora,43697105,7,P,0
83,13.2,Pro - 24,Hakan Tatar,41737987,6,H,0
83,13.2,Pro - 24,Amitesh Patnaik,34628573,6,P,2
83,13.2,Pro - 24,Dariusz Borysiewicz,33438644,7,P,15
83,13.2,Pro - 24,Hrvoje Jošić,30899354,8,H,16
83,13.2,Pro - 24,Mark Jeacock,27517081,7,H,19
83,13.2,Pro - 24,Dean Francis,24802399,7,P,2
83,13.2,Pro - 24,Jeffrey Decoopman,21638502,2,P,0
83,13.2,Pro - 24,Peter Nile,21620662,7,P,5
83,13.2,Pro - 24,Ariel Fuentes,20866450,6,H,0
83,13.2,Pro - 24,Carlos Alfredo Habegger,17943205,7,P,14
83,13.2,Pro - 24,Ivica Paunovic,14771752,5,P,0
83,13.2,Pro - 24,Tamás Konrád,13338385,7,H,0
83,13.2,Pro - 24,Ivan Schegloa,12860706,7,H,44
83,13.2,Pro - 24,Mark Eadie,9432374,5,H,8
83,13.2,Pro - 24,Marvin Morales,8235395,6,H,0
83,13.2,Pro - 24,David de la Hoz,6120834,7,H,27
83,13.2,Pro - 24,Mark Blackwell,1054297,6,H,1
83,13.2,Pro - 24,Johannes Haaparanta,827078,7,B,22
83,13.2,Pro - 24,Luis Ascencio,467816,6,P,0
83,13.2,Pro - 24,Pedro Correia,-592769,7,H,36
83,13.2,Pro - 24,Andrey Zhulikov,-1173701,8,H,25
83,13.2,Pro - 24,Karel Poláček,-2851968,7,P,32
83,13.2,Pro - 24,Sheldon Van Zyl,-5046073,5,P,0
83,13.2,Pro - 24,Maickson Neiben,-8219498,6,A,0
83,13.2,Pro - 24,Robin Goodey,-10987300,6,B,0
83,13.2,Pro - 24,Sagar Abhyankar,-29532296,7,A,11
83,13.2,Pro - 25,Filip Dimitrov,149422813,9,H,20
83,13.2,Pro - 25,Dean Francis,136464727,7,A,4
83,13.2,Pro - 25,Renan Henrique,95003610,7,P,11
83,13.2,Pro - 25,Leandro Hernandez,91538998,5,H,0
83,13.2,Pro - 25,Chris Tsalas,83996924,7,A,12
83,13.2,Pro - 25,József Szente,79082540,7,H,10
83,13.2,Pro - 25,László Kovácsi,77071338,7,P,16
83,13.2,Pro - 25,Daniele Mezzabotta,74922020,6,H,24
83,13.2,Pro - 25,Chad Stringer,73823723,7,P,0
83,13.2,Pro - 25,Attila Gore,69231314,7,H,14
83,13.2,Pro - 25,Jim Panoushs,69118709,6,B,0
83,13.2,Pro - 25,Craig Templeman,67885397,6,B,12
83,13.2,Pro - 25,Tom Seib,64990096,7,B,0
83,13.2,Pro - 25,Mariusz Kuczak,64901478,8,H,82
83,13.2,Pro - 25,Jose Luis Castro,64616308,7,B,6
83,13.2,Pro - 25,Jorge Jury,51759811,7,H,55
83,13.2,Pro - 25,João Afro Barros Leal,51608849,6,H,7
83,13.2,Pro - 25,Paul Morak,50625504,6,H,9
83,13.2,Pro - 25,Ivanin Ivanov,47998269,7,P,0
83,13.2,Pro - 25,Maciej Rabiński,46702081,6,A,8
83,13.2,Pro - 25,Stanislav Frolov,43973114,6,H,16
83,13.2,Pro - 25,Richard Luijendijk,43351580,8,P,0
83,13.2,Pro - 25,Vladimir Islentiev,43167796,8,P,60
83,13.2,Pro - 25,Marco Memoria,41209238,7,H,0
83,13.2,Pro - 25,Ivan Ivanov,36697766,7,H,2
83,13.2,Pro - 25,Mika Ruutiainen,29327201,7,B,0
83,13.2,Pro - 25,Daniel Čech,15065136,7,P,0
83,13.2,Pro - 25,Dimitrios Mitsos,14244847,5,B,4
83,13.2,Pro - 25,Alex Popa,13443031,6,H,2
83,13.2,Pro - 25,Daniel Bonilla,13434172,6,H,24
83,13.2,Pro - 25,Bartosz Szymczak,11297986,6,H,0
83,13.2,Pro - 25,Antonio Celso Zambel,9199725,5,B,0
83,13.2,Pro - 25,Reinaldo Beato,5913476,5,H,6
83,13.2,Pro - 25,Marek Waleczek,5366942,6,H,5
83,13.2,Pro - 25,Vilius Ceponis,3091715,6,B,0
83,13.2,Pro - 25,Zoltan Kormos,-1129953,8,P,50
83,13.2,Pro - 25,Rudy Garriga,-2999128,4,P,0
83,13.2,Pro - 25,Fábio Schrier,-4715541,7,H,9
83,13.2,Pro - 25,Alexandre Martins,-12066807,6,P,0
83,13.2,Pro - 25,Markus Korppi,-31414266,7,H,0
