Sezon,Wyścig,Poz,Nazwisko,Grupa,Budżet
83,13.2,12,Julio Asencio,Pro - 11,209734654
83,13.2,17,Dmitry Knyazev,Master - 3,203925925
83,13.2,27,Stephane Verly,Pro - 5,190520628
83,13.2,29,Jesús Pérez,Pro - 23,187073720
83,13.2,30,Samuel Kou,Pro - 18,186800266
83,13.2,33,Christian Anello,Pro - 4,181665633
83,13.2,46,Sergio Alvarez Gutierrez,Pro - 1,157973145
83,13.2,50,Ivaylo Tanev,Pro - 21,155023653
83,13.2,57,Ping Hui,Pro - 24,150660938
83,13.2,60,Filip Dimitrov,Pro - 25,149422813
83,13.2,62,Barna Tóth,Pro - 11,147650880
83,13.2,68,Hajdú László,Pro - 12,144142964
83,13.2,83,Ioannis Dimitroglou,Pro - 22,137540947
83,13.2,84,Cristiano Gruetzmann,Pro - 5,137539802
83,13.2,89,Dean Francis,Pro - 25,136464727
83,13.2,90,Florin Ionut,Pro - 15,135969695
83,13.2,93,Kaan Dagasan,Pro - 9,135484284
83,13.2,94,Francesco Polleggioni,Pro - 17,134205836
83,13.2,106,Zrinyi Szilárd,Pro - 8,131333739
83,13.2,108,Diego Garcia,Pro - 8,130943445
83,13.2,113,Dani Fekete,Pro - 15,128957831
83,13.2,115,Juan Carlos Sánchez,Pro - 21,128382205
83,13.2,116,Adrian Skrobiński,Pro - 17,127797380
83,13.2,122,Tibor Csábi,Pro - 15,125880942
83,13.2,133,Antonio Gattulli,Elite,124546848
83,13.2,136,Angelo Bassi,Pro - 19,123784260
83,13.2,140,Kevinas Breive,Pro - 9,123216437
83,13.2,143,Dominiek Van West,Master - 5,122629614
83,13.2,147,Nastia Mikulenak,Pro - 2,122216591
83,13.2,155,Mihail Morozov,Pro - 14,120308488
83,13.2,156,László Hodosán,Pro - 6,120286754
83,13.2,158,Andrea Iacoponi,Pro - 5,119588291
83,13.2,159,Alexander Cant,Pro - 9,119510957
83,13.2,162,Daniel Pérez,Pro - 6,117785548
83,13.2,165,Chris Adnams,Master - 5,117133650
83,13.2,169,Deni Saja,Pro - 18,116474893
83,13.2,172,Danismar Limoeiro,Pro - 4,116100547
83,13.2,188,Frederic Estellon,Pro - 4,113989683
83,13.2,193,Artur Terezan,Pro - 7,112960832
83,13.2,208,Asdrúbal Corral,Pro - 15,109095468
83,13.2,210,Mike Osintsev,Pro - 11,108666156
83,13.2,227,Mateusz Górny,Pro - 12,106018416
83,13.2,232,Marco Conti,Pro - 6,104190464
83,13.2,240,Franco Sandoval,Pro - 2,103114624
83,13.2,243,Gavin Adam,Pro - 24,102737871
83,13.2,253,Ivan Silva,Pro - 1,101209847
83,13.2,254,Daniel Tackaberry,Pro - 14,101145932
83,13.2,256,Gabriel Trentini,Pro - 7,100897917
83,13.2,258,Michael Reyer,Pro - 13,100668193
83,13.2,259,Jose Luis Monty,Pro - 21,100636332
83,13.2,261,Alexander Rowlands,Pro - 4,100510587
83,13.2,269,Olivier Proulx,Pro - 13,99676672
83,13.2,270,Brad Marshall,Elite,99617105
83,13.2,271,Giovanni Mazzanati,Pro - 21,99509515
83,13.2,275,Fabricio Ramos,Pro - 15,99291306
83,13.2,277,Frederik Broux,Pro - 19,99236424
83,13.2,284,Jesús Torres,Pro - 5,98169612
83,13.2,287,Yiánnis Spirópoulos,Pro - 21,97900780
83,13.2,288,Nicolas Grollier,Pro - 3,97863477
83,13.2,294,Shersh Khandelwal,Pro - 11,96820284
83,13.2,298,Valentino Receputi,Pro - 23,95934818
83,13.2,299,Vsevolod Demydov,Pro - 17,95692654
83,13.2,300,Dex Vici,Pro - 23,95665408
83,13.2,302,Davide Panella,Master - 4,95582723
83,13.2,312,Renan Henrique,Pro - 25,95003610
83,13.2,313,Péter Propszt,Pro - 23,94995556
83,13.2,314,Petr Valíček,Pro - 7,94870136
83,13.2,318,Oscar Maddonni,Pro - 10,94637472
83,13.2,319,Vadim Shapovalov,Master - 3,94504181
83,13.2,322,Fabio Corio,Pro - 10,94150993
83,13.2,323,Kuba Debiec,Pro - 10,94146590
83,13.2,325,Lajos Urbán,Pro - 5,94139318
83,13.2,326,Karol Opoka,Pro - 12,94083402
83,13.2,327,Bert Huylebroeck,Elite,94059361
83,13.2,333,Matej Matrtaj,Master - 4,93756323
83,13.2,354,Leandro Hernandez,Pro - 25,91538998
83,13.2,355,Jesus Rebolledo,Pro - 12,91462983
83,13.2,357,Sam Durrant,Pro - 12,91260495
83,13.2,362,Paweł Szewczyk,Pro - 17,90936479
83,13.2,366,Remco Siemes,Pro - 4,90472845
83,13.2,368,Aswin Witte,Pro - 9,90302339
83,13.2,369,Antonio Palazzo,Pro - 10,90291027
83,13.2,374,Tolga Erkan,Pro - 23,89641217
83,13.2,376,Roman Ischenko,Pro - 16,89514152
83,13.2,381,Maciej Młynek,Pro - 22,89184519
83,13.2,386,Pablo Carba,Pro - 5,88995460
83,13.2,389,Giovanni Orecchioni,Elite,88872241
83,13.2,390,Carlo Marinari,Master - 4,88797491
83,13.2,393,Lucas Araujo,Pro - 21,88336110
83,13.2,412,Marta De Marinis,Pro - 23,87034587
83,13.2,413,Sam Le Meur,Master - 3,86837664
83,13.2,417,Rory Collins,Pro - 15,86408177
83,13.2,419,Rogerio Mandler,Pro - 20,86163339
83,13.2,425,Jasper Coosemans,Elite,85550983
83,13.2,430,Sameer Marathe,Pro - 3,85146067
83,13.2,437,Matthieu Portal,Pro - 20,84516448
83,13.2,438,Roland Postle,Elite,84342780
83,13.2,442,Chris Tsalas,Pro - 25,83996924
83,13.2,447,Martino Colombo,Master - 5,83761712
83,13.2,449,Daniel Palma,Pro - 19,83696444
83,13.2,458,Daniel Woodhouse,Pro - 4,83282708
83,13.2,459,Sergio Fanelli,Master - 4,83202260
83,13.2,463,Gonzalo Falcetti Gonzalez,Pro - 13,83021291
83,13.2,467,Matthew Standen,Pro - 12,82706639
83,13.2,469,Michele Balboni,Master - 3,82360379
83,13.2,473,Richard Molyneaux,Pro - 8,81923565
83,13.2,478,Chew Kai Wen,Elite,81720302
83,13.2,482,Marcio Klaus,Pro - 15,81291385
83,13.2,483,Sharma Vivek,Master - 3,81274880
83,13.2,487,Gabor Horvath,Pro - 11,81070514
83,13.2,489,Andrea Squizzato,Master - 3,80817587
83,13.2,493,Pedro Jacquet,Pro - 9,80212313
83,13.2,501,Ahmet Ozturk,Pro - 8,79455543
83,13.2,505,Zoltán Zsifkó,Pro - 21,79278463
83,13.2,506,József Szente,Pro - 25,79082540
83,13.2,508,Leandro Sereno,Elite,78792349
83,13.2,511,László Kerezsi,Pro - 7,78725635
83,13.2,512,Mirko Bertotti,Pro - 19,78679873
83,13.2,521,Ciccio Pappalardo,Pro - 20,78354279
83,13.2,525,Martin Irla,Pro - 1,78075878
83,13.2,527,Andrew Merkel,Master - 2,77980433
83,13.2,529,Bill Vasilonikolos,Pro - 4,77832606
83,13.2,535,Deives Costa,Pro - 1,77515687
83,13.2,538,Andrea Marra,Pro - 11,77423932
83,13.2,543,László Kovácsi,Pro - 25,77071338
83,13.2,545,Atis Praudins,Master - 4,76855249
83,13.2,555,Giorgio Aspesi,Pro - 11,76225972
83,13.2,557,Nilson Pina,Pro - 22,76110134
83,13.2,559,Olli Tamminen,Pro - 24,75707140
83,13.2,560,Stéphane Rombaux,Pro - 14,75627441
83,13.2,565,David Brennan,Pro - 5,75449825
83,13.2,566,Andy Goodall,Master - 2,75388593
83,13.2,567,Gary Mullins,Pro - 24,75250204
83,13.2,574,Amato Batoni,Pro - 8,75020607
83,13.2,575,Daniele Mezzabotta,Pro - 25,74922020
83,13.2,576,Pablo Bagnalasta,Pro - 3,74648735
83,13.2,580,Wouter Teuwen,Elite,74446990
83,13.2,582,Hováth Kázmér,Pro - 22,74407544
83,13.2,585,Troy Sheahen,Pro - 11,74333041
83,13.2,588,Keith Whittaker,Pro - 23,74301121
83,13.2,591,Raimonds Urtāns,Master - 3,74084950
83,13.2,600,Chad Stringer,Pro - 25,73823723
83,13.2,601,Brigitta Balázsi,Master - 3,73767712
83,13.2,603,Andre Cherkasoff,Pro - 10,73718834
83,13.2,604,Mindaugas Kuodys,Pro - 15,73685571
83,13.2,605,Patryk Janczak,Master - 4,73561148
83,13.2,608,Pieterjan Staessen,Pro - 3,73327276
83,13.2,612,Marco Ferraz,Pro - 14,73242901
83,13.2,618,Márton Martin Safranyik,Pro - 6,72916497
83,13.2,620,Nicoletta Donadoni,Pro - 6,72854694
83,13.2,632,Vincent Douchez,Pro - 1,72455461
83,13.2,634,Maurício Linhares,Pro - 3,72336802
83,13.2,641,Mario Hernandez,Pro - 14,71828893
83,13.2,644,Christoph Schöning,Master - 5,71058201
83,13.2,649,Gastón Paris,Pro - 15,70743667
83,13.2,657,Andrea Amich,Master - 4,70524809
83,13.2,659,Andrea Di Pietro,Pro - 14,70453871
83,13.2,664,Paweł Piętka,Pro - 9,70226708
83,13.2,667,Dmitrij Soldatenkov,Pro - 20,70106397
83,13.2,677,Frédéric Pierret,Pro - 21,69609659
83,13.2,679,Maurício Jackson,Pro - 3,69460833
83,13.2,680,Sergei Mitrahovich,Pro - 16,69455217
83,13.2,682,Martin Campos,Pro - 24,69350765
83,13.2,685,Attila Gore,Pro - 25,69231314
83,13.2,689,Jim Panoushs,Pro - 25,69118709
83,13.2,691,Tobias Ernesto Pessotano,Pro - 9,68997707
83,13.2,695,Martin Rosina,Pro - 1,68834373
83,13.2,701,Philippe Laude,Pro - 23,68496511
83,13.2,702,Rimantas Sagatas,Elite,68437393
83,13.2,704,Enzo Di Meo,Pro - 24,68127867
83,13.2,705,Róbert László,Master - 5,68115364
83,13.2,709,Craig Templeman,Pro - 25,67885397
83,13.2,710,Mauricio Angelucci,Pro - 23,67772325
83,13.2,711,Luke Frost,Pro - 20,67771060
83,13.2,713,Victor Brezhnev,Pro - 19,67741249
83,13.2,726,Marcelo Franco,Pro - 24,67272276
83,13.2,727,Roberto Schiavelli,Pro - 23,67268038
83,13.2,728,Craig McLean,Pro - 16,67229444
83,13.2,736,Roland Jakobsson,Pro - 7,66806526
83,13.2,739,Gergely Kondár,Pro - 14,66758075
83,13.2,740,Dusan Zacpal,Pro - 10,66745982
83,13.2,743,Adriano Barbosa,Pro - 18,66623828
83,13.2,744,Alejandro Hernández,Pro - 4,66599038
83,13.2,745,José Luis Navarro,Pro - 14,66592758
83,13.2,747,George Slater,Elite,66571848
83,13.2,749,Kardos Tibor,Pro - 10,66394470
83,13.2,753,Francesco Cairola,Pro - 14,66129833
83,13.2,755,Jonathan Soignat,Pro - 6,65931140
83,13.2,757,Arnas Peikstenis,Pro - 17,65802337
83,13.2,758,Toms Polis,Pro - 2,65781452
83,13.2,760,Andres Duffey,Pro - 20,65749304
83,13.2,766,Miguel Ibarra,Pro - 6,65593987
83,13.2,770,Bruno Da Silva,Pro - 21,65508481
83,13.2,771,Reece Laundon,Pro - 12,65494534
83,13.2,779,George Togas,Pro - 13,65153842
83,13.2,785,Tom Seib,Pro - 25,64990096
83,13.2,786,Mariusz Kuczak,Pro - 25,64901478
83,13.2,788,Francesco Fondelli,Pro - 3,64809847
83,13.2,792,Jose Luis Castro,Pro - 25,64616308
83,13.2,796,Marcin Żak,Elite,64337292
83,13.2,797,Pedro Moura,Master - 5,64301784
83,13.2,798,Sergio Martinez,Pro - 9,64283022
83,13.2,809,Emil Kwiatkowski,Pro - 12,63964236
83,13.2,815,Dmitry Shevel,Master - 2,63743681
83,13.2,816,Marius Valentin Brutaru,Pro - 2,63677754
83,13.2,818,Kyle Morby,Pro - 14,63521323
83,13.2,820,Ricardo Silva,Pro - 16,63509459
83,13.2,823,Raffaele Bevacqua,Pro - 9,63453387
83,13.2,827,Mack Cotton,Pro - 22,63345024
83,13.2,829,David Vidović,Pro - 18,63321798
83,13.2,833,Filip Cristian,Pro - 7,63211034
83,13.2,841,Aliprando Siraghi,Pro - 14,62867010
83,13.2,842,David Rolleston,Master - 1,62814527
83,13.2,844,Kyle Morris,Pro - 3,62792582
83,13.2,849,Kirsty Ridley,Pro - 23,62569784
83,13.2,853,Mika Pekkarinen,Master - 2,62475772
83,13.2,856,Fernando Pallas,Pro - 7,62405317
83,13.2,879,Jeroným Uhlíř,Pro - 3,61171652
83,13.2,880,Ville Pohjanen,Pro - 22,61153637
83,13.2,881,Miguel Caetano,Pro - 8,61132326
83,13.2,883,Maurizio Faccin,Pro - 5,61083840
83,13.2,884,Leanne Lowe,Pro - 24,61021385
83,13.2,896,Arnaud Religieux,Pro - 16,60520437
83,13.2,901,Jody Parker,Pro - 1,60374123
83,13.2,908,James Boylan,Master - 1,60151391
83,13.2,917,Diego Espiñeira Gonzalez,Pro - 7,59813255
83,13.2,921,Danijel Vranešić,Pro - 7,59773765
83,13.2,925,Ryan Tyrrell,Master - 2,59556302
83,13.2,927,Jonas Karalius,Pro - 18,59383996
83,13.2,928,Michael Monaco,Pro - 24,59375035
83,13.2,933,Matheus Gemignani,Pro - 21,59136452
83,13.2,945,Guillaume Delamarre,Pro - 17,58701994
83,13.2,949,Mauro Saccoccia,Pro - 10,58539522
83,13.2,950,Geoffrey Gill,Pro - 12,58520669
83,13.2,952,Yasin Yazici,Pro - 2,58474404
83,13.2,958,Dion Staal,Pro - 1,58212740
83,13.2,963,Amílcar Gomes,Pro - 6,58013432
83,13.2,965,José Abi Jaudi,Pro - 19,57966255
83,13.2,975,Jozef Lesay,Pro - 9,57485650
83,13.2,976,Vladimir Marinov,Master - 3,57432934
83,13.2,979,Dmitrij Polikarpov,Master - 1,57319351
83,13.2,981,Olver Hernández,Pro - 20,57296862
83,13.2,984,Joachim Rang,Elite,57211258
83,13.2,989,Felipe Aguiar,Pro - 16,56783210
83,13.2,992,Farcy Génel,Master - 3,56668561
83,13.2,998,Robert Punt,Pro - 1,56409726
83,13.2,1001,Jaime Rufas,Pro - 2,56283232
83,13.2,1010,Ivan Ciric,Pro - 3,56155015
83,13.2,1013,Fabio Cavallini,Pro - 23,56117635
83,13.2,1015,Marek Wasilewski,Pro - 24,56108069
83,13.2,1018,Cédrick Flament,Pro - 23,56074243
83,13.2,1019,Jim Panse,Pro - 8,56048810
83,13.2,1024,Julien Prado,Elite,55870538
83,13.2,1035,Chris Flamion,Pro - 3,55369985
83,13.2,1040,Márcio Portuga,Pro - 17,55227873
83,13.2,1042,Ari Rautamies,Pro - 14,55195932
83,13.2,1045,Diego Palacio,Pro - 20,55063757
83,13.2,1047,Eduard Gindullin,Pro - 19,55029979
83,13.2,1049,Roland Balog,Pro - 16,54983655
83,13.2,1051,Giuseppe Lombisani,Pro - 7,54976573
83,13.2,1056,James Mcgregor,Pro - 3,54772529
83,13.2,1057,Mick Ridley,Pro - 16,54754000
83,13.2,1061,Alex Cos,Pro - 18,54657893
83,13.2,1062,Joel Christman,Pro - 23,54609193
83,13.2,1074,Ondřej Haška,Pro - 16,54303981
83,13.2,1077,Gabor Herna,Pro - 9,54267782
83,13.2,1078,David Michler,Master - 4,54254569
83,13.2,1080,Alin Berescu,Pro - 13,54233619
83,13.2,1081,Valter Polsaque,Pro - 11,54229711
83,13.2,1084,Marco Parinetti,Pro - 8,54183393
83,13.2,1086,Jorge Luiz Filho,Pro - 2,54143026
83,13.2,1089,Alexandre Jardim,Pro - 3,53994287
83,13.2,1091,Bernard Bontjer,Pro - 23,53975198
83,13.2,1097,Gianluca Nanni,Pro - 20,53879670
83,13.2,1098,André Ahlberg,Pro - 8,53874308
83,13.2,1099,Francesco Finazzi,Pro - 2,53809381
83,13.2,1100,Phil Symonds,Pro - 22,53795973
83,13.2,1104,Valnyris Tejet,Pro - 17,53561936
83,13.2,1106,Max Scorinoff,Pro - 8,53535562
83,13.2,1110,Péter Veszprémi,Pro - 18,53478773
83,13.2,1119,Jens Frostrup,Master - 5,53215951
83,13.2,1121,Varga Gábor,Pro - 9,53147684
83,13.2,1125,Bruna Carneiro,Pro - 8,53028131
83,13.2,1132,Kyriakos Panousis,Pro - 22,52808488
83,13.2,1137,Manuel Sacco,Pro - 7,52595475
83,13.2,1140,Alessandro Casagrande,Elite,52527543
83,13.2,1150,Allan Stockinger,Pro - 22,52236791
83,13.2,1151,Grigoris Stephanakis,Pro - 2,52196561
83,13.2,1152,Toni Söyrinki,Pro - 23,52088604
83,13.2,1155,Daniel Rosa,Pro - 23,51930455
83,13.2,1156,Arnaud Ferraris,Pro - 14,51902208
83,13.2,1157,Theodosis Vogiatzis,Pro - 20,51890216
83,13.2,1163,Jorge Jury,Pro - 25,51759811
83,13.2,1168,Vladimir Valis,Pro - 21,51639191
83,13.2,1171,João Afro Barros Leal,Pro - 25,51608849
83,13.2,1178,Joel Viitikko,Master - 3,51399986
83,13.2,1179,Krzysztof Betlewicz,Pro - 24,51386124
83,13.2,1182,Armenio Santos,Master - 2,51260348
83,13.2,1184,Martin Britain,Master - 4,51251782
83,13.2,1189,Marcos Vinicius Silva,Pro - 8,51137335
83,13.2,1200,Jon Bell,Pro - 23,50902198
83,13.2,1210,Paul Morak,Pro - 25,50625504
83,13.2,1213,Rebecca Nanni,Pro - 12,50542294
83,13.2,1216,Christopher Willis,Pro - 21,50510321
83,13.2,1218,Michal Okulski,Pro - 13,50370533
83,13.2,1225,Sandro Benghi,Pro - 14,50195022
83,13.2,1237,Massimo D'amico,Pro - 1,49784386
83,13.2,1239,Lance Snyder,Pro - 6,49753889
83,13.2,1240,Simone Bianchi,Pro - 5,49751929
83,13.2,1242,Dimítris Athinaíos,Pro - 9,49687202
83,13.2,1247,Alexandru Diaconu,Pro - 10,49573502
83,13.2,1248,Bob Liegi,Pro - 11,49538979
83,13.2,1260,Onur Guardian,Master - 2,49344742
83,13.2,1267,Monique Lacroix,Pro - 4,49216215
83,13.2,1271,Álvaro Alvarinho,Pro - 17,49136881
83,13.2,1274,Yassine Ben Rajeb,Pro - 22,49068540
83,13.2,1277,Finn Shaw-McIver,Pro - 5,49013621
83,13.2,1279,Michael Beltramelli,Pro - 3,48914699
83,13.2,1280,Stephen Cudmore,Master - 1,48904187
83,13.2,1281,Burak Alaydın,Pro - 16,48869398
83,13.2,1282,Marco Lopes,Pro - 13,48867950
83,13.2,1286,Lukasz Szymanski,Pro - 11,48790266
83,13.2,1297,Fredrik Ahlin,Pro - 13,48559177
83,13.2,1300,Vedat Tumur,Pro - 24,48498028
83,13.2,1301,Victor Nekrasov,Pro - 10,48484757
83,13.2,1302,Łukasz Tretyn,Pro - 8,48456259
83,13.2,1311,Miklós Gál,Pro - 5,48233278
83,13.2,1319,Ivanin Ivanov,Pro - 25,47998269
83,13.2,1323,Petr Šimůnek,Pro - 19,47915469
83,13.2,1326,Stefano Verderio,Pro - 17,47876556
83,13.2,1328,Luca Dal Sacco,Pro - 3,47862557
83,13.2,1340,Ania Piekarska,Elite,47639457
83,13.2,1344,Alejo Depipol,Pro - 16,47559932
83,13.2,1351,Nikita Guidotti,Pro - 22,47439442
83,13.2,1354,Thiago Mendes,Pro - 17,47412462
83,13.2,1356,Mael Grosjean,Pro - 8,47347884
83,13.2,1360,Andrei Daroczi,Pro - 3,47317949
83,13.2,1367,Sebastian Velosa,Pro - 17,47136076
83,13.2,1374,Kamal Naoui,Master - 4,46910359
83,13.2,1375,Kuba Szajbel,Master - 4,46904221
83,13.2,1384,Károly Pintér,Pro - 22,46745874
83,13.2,1386,Maciej Rabiński,Pro - 25,46702081
83,13.2,1395,Alfonso Ridolfo,Master - 4,46535354
83,13.2,1396,Lucas Holmes,Pro - 16,46531766
83,13.2,1397,Michel Vandecatelle,Master - 3,46521480
83,13.2,1399,Thomas Marx,Pro - 11,46470109
83,13.2,1400,Montes Dimemola,Pro - 22,46454118
83,13.2,1401,Sebastian Lochmann,Pro - 14,46451499
83,13.2,1402,Mihai Daroczi,Pro - 15,46380468
83,13.2,1407,Francesco Dolci,Pro - 17,46282848
83,13.2,1411,Mike Baston,Master - 1,46234247
83,13.2,1419,Giordano Vieira,Pro - 10,45932544
83,13.2,1429,Twig Fahaji,Elite,45715301
83,13.2,1430,Patricio Ferrero,Pro - 5,45702872
83,13.2,1436,Jhon Alexander Osorno Alvarez,Pro - 17,45575793
83,13.2,1438,Krzysztof Kasinski,Pro - 16,45561508
83,13.2,1442,Tiago Almeida,Pro - 1,45527293
83,13.2,1444,Davide Andreoli,Pro - 5,45521319
83,13.2,1450,Patrik Karlsson,Pro - 8,45409049
83,13.2,1452,Jeremy Sarrasin,Pro - 22,45391693
83,13.2,1462,Silvio Botterini,Pro - 10,45071600
83,13.2,1464,Nicolas Tonelli,Pro - 16,45029454
83,13.2,1466,Szilvia Gaál,Pro - 21,45016789
83,13.2,1471,Andrej Rilke,Master - 2,44914888
83,13.2,1472,Diogo Schwinn,Pro - 14,44900899
83,13.2,1476,Vittorio Mati,Pro - 9,44830158
83,13.2,1480,Stefano Solinas,Pro - 23,44783316
83,13.2,1483,Henrikas Svidras,Pro - 21,44678919
83,13.2,1486,Aleksey Kondratenko,Pro - 1,44505830
83,13.2,1488,Omiros Pevlantzos,Pro - 3,44459593
83,13.2,1491,Davide Galliani,Pro - 9,44389591
83,13.2,1496,Marlon Feltrin Jeremias,Pro - 15,44282918
83,13.2,1498,Giuseppe Lamanna,Pro - 24,44277925
83,13.2,1500,Chris Williamson,Pro - 17,44260772
83,13.2,1508,Stanislav Frolov,Pro - 25,43973114
83,13.2,1510,Stefano Duo,Pro - 16,43965666
83,13.2,1512,Geoff Atkin,Master - 5,43944034
83,13.2,1515,Cezary Skonieczny,Pro - 8,43879751
83,13.2,1522,Patrick Hertach,Pro - 2,43783565
83,13.2,1527,Artur Sikora,Pro - 24,43697105
83,13.2,1534,Nicolás Soto,Pro - 17,43534245
83,13.2,1536,Sanjay Ashok Kumar,Pro - 2,43507980
83,13.2,1541,Mandar Kale,Pro - 15,43461079
83,13.2,1546,Mike Leone,Pro - 1,43418538
83,13.2,1547,Pete Lohvansuu,Master - 2,43400705
83,13.2,1550,Richard Luijendijk,Pro - 25,43351580
83,13.2,1551,Tomasz Mazepa,Pro - 3,43303831
83,13.2,1557,Gonçalo Fernandes,Pro - 6,43220078
83,13.2,1560,Vladimir Islentiev,Pro - 25,43167796
83,13.2,1563,Geoff Marks,Pro - 8,43099615
83,13.2,1565,Norbert Páldeák,Pro - 21,43097696
83,13.2,1569,Erhan Erdikmen,Pro - 9,43069474
83,13.2,1570,Boris Schizzarotto,Pro - 18,43056032
83,13.2,1573,Tamás Tóth,Master - 1,43014770
83,13.2,1578,Martina Kirakovjanova,Pro - 22,42945315
83,13.2,1587,Mauro Pisani,Pro - 2,42823730
83,13.2,1590,Ivan Stiva,Master - 2,42742755
83,13.2,1593,Dimitris Orfanos,Pro - 19,42670636
83,13.2,1594,Rem Jürgenson,Pro - 14,42662473
83,13.2,1616,Francisco Arce,Pro - 22,42222104
83,13.2,1618,Elvis Agassi,Pro - 2,42211045
83,13.2,1629,Pablo Pereira,Pro - 7,42043124
83,13.2,1631,Juan Diego Milán,Master - 1,41998992
83,13.2,1634,Dávid Guti,Master - 2,41911235
83,13.2,1637,Bogdan Hutanu,Master - 3,41848112
83,13.2,1639,Hakan Tatar,Pro - 24,41737987
83,13.2,1645,Philippe Taffonneau,Pro - 4,41685759
83,13.2,1646,Christoph Seifriedsberger,Pro - 1,41676344
83,13.2,1656,Ewelina Popis,Master - 5,41535293
83,13.2,1657,Marcelo Reis Carvalho,Pro - 4,41523176
83,13.2,1663,Valter Andreiev,Master - 1,41341015
83,13.2,1665,Joscha Büllesbach,Pro - 9,41326691
83,13.2,1671,Aditya Wirasanjaya,Pro - 15,41281332
83,13.2,1673,Francesco Cambi,Pro - 6,41248283
83,13.2,1676,Marco Memoria,Pro - 25,41209238
83,13.2,1686,Marcin Skrzypiec,Master - 3,41005257
83,13.2,1691,Joachim Vaes,Master - 2,40918500
83,13.2,1700,Krisztián Veinperl,Master - 5,40709595
83,13.2,1715,Didier Cave,Pro - 2,40384751
83,13.2,1721,Oeste Berta,Pro - 14,40314413
83,13.2,1737,Róbert Jakó,Pro - 7,40061151
83,13.2,1739,Paolo Di Giuseppe,Pro - 1,40016971
83,13.2,1746,Witek Dzid,Pro - 17,39846709
83,13.2,1759,Rafal Celejewski,Master - 5,39604665
83,13.2,1774,Richard Hrmo,Pro - 19,39347339
83,13.2,1800,Mariusz Malczuk,Master - 5,38977321
83,13.2,1803,Martti Kaasik,Master - 2,38962952
83,13.2,1805,Marcelo Gallardo,Pro - 10,38902436
83,13.2,1812,Vova Oknov,Pro - 4,38810859
83,13.2,1824,Branislav Mihic,Pro - 11,38569888
83,13.2,1838,Mario Chiesa,Pro - 4,38381988
83,13.2,1840,Luca Molendi,Elite,38376672
83,13.2,1851,David Dias,Pro - 6,38219354
83,13.2,1870,Edinson Antonio,Pro - 6,37994831
83,13.2,1876,Deepak Kar,Pro - 23,37930107
83,13.2,1885,João Scarcela,Pro - 2,37825641
83,13.2,1892,Alex Mehser,Pro - 11,37704766
83,13.2,1894,Alexis Adams,Pro - 15,37697228
83,13.2,1895,Christian Wonisch,Pro - 22,37692944
83,13.2,1896,Eric Bolder,Pro - 10,37686892
83,13.2,1898,James Berriman,Pro - 17,37677696
83,13.2,1899,Attila Kvanta,Pro - 13,37673143
83,13.2,1900,Rowie Halcon,Pro - 1,37638780
83,13.2,1910,Marcelo Ascencio,Pro - 21,37468618
83,13.2,1913,Emīls Ribaks,Pro - 13,37410872
83,13.2,1931,Victor Fabiano,Pro - 20,37208281
83,13.2,1932,Patricija Ovcharenko,Pro - 13,37207077
83,13.2,1944,Zoltán Kiss,Pro - 11,37106186
83,13.2,1949,Jan Velske,Elite,37060898
83,13.2,1956,Filipe Miguel,Master - 2,36986132
83,13.2,1961,Florian Berger,Pro - 14,36956597
83,13.2,1963,Bruno Caseiro,Elite,36945555
83,13.2,1964,Valeri Krustev,Master - 3,36943908
83,13.2,1976,Csaba Csarankó,Pro - 19,36829845
83,13.2,1979,Matias Figuera,Pro - 12,36790817
83,13.2,1984,Ivan Ivanov,Pro - 25,36697766
83,13.2,1990,Ilya Shiv,Pro - 2,36669724
83,13.2,2017,Maja Soren,Pro - 18,36299995
83,13.2,2023,Sergio Severino,Pro - 15,36228670
83,13.2,2030,Marco Pomes,Pro - 18,36142151
83,13.2,2044,Ricky Silva,Master - 5,35997614
83,13.2,2057,Joe Manifold,Pro - 19,35798542
83,13.2,2059,Zoltán Kucora,Pro - 2,35789635
83,13.2,2060,Adam Wierzba,Master - 2,35775606
83,13.2,2065,Kristijan Mihovic,Master - 1,35724648
83,13.2,2078,Bruno Cestino,Pro - 23,35591308
83,13.2,2087,Tadeu Bolzan,Pro - 18,35474193
83,13.2,2089,Simone Pasqualoni,Master - 2,35462942
83,13.2,2100,Mussulin Junior,Pro - 4,35317386
83,13.2,2103,Leonardo Franco,Master - 2,35282181
83,13.2,2108,Tamás Papdi,Pro - 19,35240136
83,13.2,2115,Kshitij Sharma,Pro - 13,35135144
83,13.2,2116,Massimo Dinolfo,Pro - 17,35106023
83,13.2,2122,Emmanuel Manfre,Master - 1,35082804
83,13.2,2130,Dejan Makor,Pro - 12,35037573
83,13.2,2135,Dimitry Korotunenko,Pro - 23,34998490
83,13.2,2188,Amitesh Patnaik,Pro - 24,34628573
83,13.2,2189,Alex Ilushenko,Master - 2,34616338
83,13.2,2191,Toni Kazanjyan,Master - 3,34608201
83,13.2,2201,Thiago Bento,Pro - 13,34565008
83,13.2,2219,Simone Bertolotto,Pro - 12,34490472
83,13.2,2231,Martin Cook,Pro - 8,34394704
83,13.2,2251,Nikolai Nikolov,Pro - 13,34281965
83,13.2,2274,Aleksey Odegov,Master - 2,34111851
83,13.2,2278,Rafael Bermejo,Pro - 21,34081590
83,13.2,2298,Alejandro Badino,Master - 4,33896106
83,13.2,2319,Alexandre Bissiriex,Pro - 3,33715820
83,13.2,2328,Jorge Bento,Master - 5,33604138
83,13.2,2330,Richard Waugh,Master - 3,33596395
83,13.2,2331,Alex Alonso,Pro - 3,33594536
83,13.2,2337,Grzegorz Buczkowski,Pro - 10,33511724
83,13.2,2342,Dariusz Borysiewicz,Pro - 24,33438644
83,13.2,2363,Tomasz Boryczka,Pro - 9,33270344
83,13.2,2371,Caíke Kauling,Pro - 16,33164639
83,13.2,2375,Vít Kunc,Pro - 15,33131648
83,13.2,2393,Johan Olsson,Pro - 14,32957582
83,13.2,2394,Federico Mantica,Pro - 9,32942646
83,13.2,2400,Gabriele Tumminello,Pro - 18,32894409
83,13.2,2408,Jani Syrjäläinen,Master - 1,32756345
83,13.2,2409,Marcelo Rodrigues,Pro - 22,32743698
83,13.2,2410,Joaquin Cardinali,Pro - 19,32739276
83,13.2,2434,Diogo Abdalla,Pro - 4,32521880
83,13.2,2451,Carlos Esparza,Pro - 21,32356723
83,13.2,2455,Makis Katsoulas,Master - 3,32330186
83,13.2,2462,Luis Ferreira,Pro - 14,32293069
83,13.2,2470,Marcello Pinheiro,Pro - 2,32222789
83,13.2,2488,Jiří Humpolák,Pro - 16,32024318
83,13.2,2492,Mirsad Pazari,Pro - 14,31998862
83,13.2,2497,Max Watson,Elite,31949473
83,13.2,2498,Antonio Fragoso,Pro - 2,31948343
83,13.2,2500,Daniele Bontempo,Elite,31933985
83,13.2,2502,Nikoletta Posvancz,Pro - 15,31911673
83,13.2,2505,Thomas Geißler,Pro - 20,31879396
83,13.2,2550,Jose Filipe,Master - 2,31472438
83,13.2,2576,Paweł Dudziński,Master - 4,31159792
83,13.2,2583,Enrico Canino,Pro - 11,31108089
83,13.2,2591,Martin Urtubey,Pro - 6,31055408
83,13.2,2596,Andrjunja Kass,Pro - 16,30989683
83,13.2,2599,Daniela Pisa,Master - 4,30949339
83,13.2,2604,Mery Lissarrague,Master - 1,30936404
83,13.2,2605,Mark Iverson,Pro - 6,30935578
83,13.2,2611,Hrvoje Jošić,Pro - 24,30899354
83,13.2,2613,Gyuri Székely,Elite,30884818
83,13.2,2642,Andrew Lawrence,Pro - 19,30508598
83,13.2,2666,Juan Farias,Pro - 12,30333348
83,13.2,2674,Jim Norton,Pro - 14,30247471
83,13.2,2677,Zsolt Modoc,Pro - 13,30234301
83,13.2,2688,Nikolaï Samarine,Pro - 8,30141227
83,13.2,2692,Ross Proud,Master - 1,30115387
83,13.2,2697,Sergio Malonni,Pro - 15,30072839
83,13.2,2721,Jussi Mäenpää,Pro - 20,29903404
83,13.2,2732,Daniel Omaña,Master - 1,29826716
83,13.2,2739,Stefan Gommans,Master - 2,29730294
83,13.2,2775,Mario Maietto,Pro - 11,29450333
83,13.2,2789,Mika Ruutiainen,Pro - 25,29327201
83,13.2,2810,Michał Sułek,Pro - 22,29096885
83,13.2,2812,Adrian Heuchert,Pro - 13,29073261
83,13.2,2814,Benedetto Campobello,Elite,29053179
83,13.2,2831,Bastien Bellier,Pro - 5,28904101
83,13.2,2838,Róbert Orosz,Pro - 13,28877937
83,13.2,2856,Kaiko Kell,Pro - 7,28766334
83,13.2,2866,Filip Jadroň,Pro - 18,28695949
83,13.2,2867,Marco Triulzi,Pro - 7,28691704
83,13.2,2874,József Magyari,Pro - 18,28635954
83,13.2,2875,Felipe Sakai,Pro - 11,28627013
83,13.2,2880,Fred Vautrin,Pro - 18,28594258
83,13.2,2890,Benedetto Di Vico,Pro - 20,28539894
83,13.2,2907,Dmitri Kondrat,Pro - 13,28406872
83,13.2,2910,Felipe Daniel,Pro - 2,28367201
83,13.2,2918,Tony Cullen,Master - 1,28270942
83,13.2,2919,Paul Williams,Master - 4,28268578
83,13.2,2921,Rafal Lotkowski,Pro - 5,28259695
83,13.2,2954,Mihail Horvath,Pro - 12,28001155
83,13.2,2955,Michell Coredeiro,Pro - 11,27988035
83,13.2,2964,Tim Wagner,Pro - 6,27926169
83,13.2,2968,Eddie Goodall,Pro - 12,27893533
83,13.2,2972,Sebastian Stenius,Pro - 11,27890056
83,13.2,2983,Johny Prates,Pro - 7,27814501
83,13.2,2988,Gergely Pesthy,Master - 3,27774975
83,13.2,2992,Petri Minni,Pro - 9,27724164
83,13.2,3002,Vitaliy Repetsky,Pro - 7,27663703
83,13.2,3006,David Hoz,Pro - 2,27626909
83,13.2,3010,Emo Hristov,Pro - 8,27579428
83,13.2,3014,Mark Jeacock,Pro - 24,27517081
83,13.2,3031,Santiago Chaher,Pro - 4,27399289
83,13.2,3034,Peter Kontra,Pro - 13,27368795
83,13.2,3037,Arnoldas Arnisgd,Pro - 22,27352111
83,13.2,3039,Rafale Mizerski,Master - 3,27343696
83,13.2,3050,Gokhan Özkan,Pro - 16,27301778
83,13.2,3052,Gilles Ritiere,Pro - 8,27291702
83,13.2,3054,Peter Both,Pro - 18,27283409
83,13.2,3058,Lili Oroszlán,Pro - 7,27264364
83,13.2,3065,Vladimir Viktorovich,Pro - 17,27233989
83,13.2,3079,Wouter Kirstein,Master - 2,27099526
83,13.2,3110,Gökay Çiftçi,Pro - 11,26977043
83,13.2,3123,Svetlana Shapovalova,Master - 4,26907561
83,13.2,3133,Sante Severini,Pro - 4,26845082
83,13.2,3143,Carlo Marchetti,Pro - 4,26740520
83,13.2,3150,Pablo Fernandez,Elite,26662158
83,13.2,3164,Carlos Miola,Pro - 3,26612742
83,13.2,3174,Cristina Demeo,Pro - 8,26514299
83,13.2,3198,Arnaud de Marneffe,Master - 3,26363573
83,13.2,3199,Michele Tramontano,Pro - 8,26348396
83,13.2,3201,Viktor Dyankov,Master - 4,26335013
83,13.2,3215,Joseph Bada,Pro - 11,26190908
83,13.2,3219,Stephane Pioger,Pro - 1,26176668
83,13.2,3223,Wagner Miranda,Pro - 5,26159140
83,13.2,3233,Jerome Godet,Pro - 8,26117097
83,13.2,3247,Stephen Brooks,Pro - 5,26009444
83,13.2,3268,Zsolt Varga,Pro - 5,25863837
83,13.2,3272,Mateusz Włodarczyk,Pro - 4,25844845
83,13.2,3273,Gustavo Bellotto,Elite,25837715
83,13.2,3274,Matías Alloatti,Pro - 14,25830863
83,13.2,3279,Abdullah Kasapoglu,Master - 5,25813390
83,13.2,3283,Oleksa Vyshnivsky,Pro - 12,25787395
83,13.2,3291,Eryk Madera,Pro - 5,25721343
83,13.2,3296,Marcin Milczarek,Pro - 19,25658576
83,13.2,3302,Edwin Silva,Master - 2,25603740
83,13.2,3307,Paweł Markiewicz,Pro - 5,25577360
83,13.2,3309,Shaun Thornton,Master - 3,25572184
83,13.2,3336,Sergejs Muravka,Pro - 4,25412864
83,13.2,3337,Rogério Araken,Pro - 15,25411693
83,13.2,3356,Michail Ivanov,Master - 5,25295511
83,13.2,3364,Martin Pospíšil,Pro - 15,25229583
83,13.2,3390,David Adam,Pro - 11,25037096
83,13.2,3409,Victor Baia,Pro - 9,24908467
83,13.2,3425,Dean Francis,Pro - 24,24802399
83,13.2,3458,Tibor Szuromi,Pro - 23,24599389
83,13.2,3459,Ilya Vedenikov,Master - 2,24590278
83,13.2,3470,Zivanovic Nikola,Pro - 22,24543535
83,13.2,3473,Diogo Carrapiço,Pro - 14,24532694
83,13.2,3474,Nuno Santos,Pro - 14,24528972
83,13.2,3488,Robert Lee,Pro - 17,24448960
83,13.2,3492,Lazaros Spiliopoulos,Pro - 1,24400506
83,13.2,3508,Gergő Csernátoni,Pro - 15,24281751
83,13.2,3510,Ivan Andjelic,Pro - 20,24274636
83,13.2,3531,Juliano Berti,Pro - 17,24115380
83,13.2,3541,Erwan Le Caill,Pro - 2,24081255
83,13.2,3561,Leonardo Araújo,Pro - 14,23937897
83,13.2,3564,Ernestas Kalašinskas,Pro - 21,23919427
83,13.2,3565,Adam Pilo,Pro - 20,23918160
83,13.2,3597,Bruno Dias,Pro - 11,23720031
83,13.2,3602,Tony Colangelo,Pro - 6,23697180
83,13.2,3622,Joss Giraud,Pro - 10,23605867
83,13.2,3632,Łukasz Rutkowski,Pro - 21,23555786
83,13.2,3639,Giacomo James Devilman,Pro - 9,23514949
83,13.2,3643,Geir Pukk,Pro - 18,23466173
83,13.2,3651,Pedro Marques,Pro - 7,23435165
83,13.2,3652,Carlos Said Cabrera,Pro - 6,23420080
83,13.2,3656,Aigars Vitolins,Elite,23415845
83,13.2,3659,István Varga,Pro - 5,23400590
83,13.2,3662,Jimmy Severini,Pro - 11,23372749
83,13.2,3669,Matías Almada,Pro - 2,23325820
83,13.2,3682,Jakab Zoltan,Pro - 22,23251425
83,13.2,3683,Calum MacKinnon,Pro - 10,23250220
83,13.2,3692,Alexander Kateliev,Pro - 15,23161434
83,13.2,3693,Fabri Silva,Pro - 20,23154710
83,13.2,3696,Lucas Santiago,Pro - 18,23149971
83,13.2,3704,Christian Aunkofer,Pro - 6,23102891
83,13.2,3714,Yug Desai,Elite,23058949
83,13.2,3720,Jônatas Paiva,Pro - 16,23042176
83,13.2,3724,Marcus Sandberg,Pro - 5,23024395
83,13.2,3735,Fragkiskos Léfkaros,Pro - 6,22962286
83,13.2,3740,Paweł Zaburski,Master - 4,22931527
83,13.2,3742,Sebastian Cangaro,Pro - 2,22905791
83,13.2,3748,Jaime Gomez,Pro - 20,22878242
83,13.2,3758,Ihor Rusnak,Pro - 3,22803521
83,13.2,3775,Miguel Rosso,Pro - 15,22689545
83,13.2,3785,Sebastián Acosta,Pro - 15,22633082
83,13.2,3813,Mario Martini,Pro - 12,22444841
83,13.2,3857,Pavel Ionescu,Pro - 13,22259300
83,13.2,3881,Dóró Gábor,Pro - 7,22110165
83,13.2,3890,Petrus Taskila,Pro - 13,22069433
83,13.2,3891,Marko Dragojević,Pro - 14,22063508
83,13.2,3938,Rauno Tammel,Pro - 21,21876876
83,13.2,3953,Eligio Celis,Pro - 7,21797370
83,13.2,3971,Giuseppe Greco,Pro - 6,21703604
83,13.2,3972,Albert Nagy,Pro - 8,21700729
83,13.2,3977,Marko Paukku,Pro - 13,21681827
83,13.2,3984,Jeffrey Decoopman,Pro - 24,21638502
83,13.2,3990,Peter Nile,Pro - 24,21620662
83,13.2,3992,Walter Caballero,Pro - 17,21611853
83,13.2,4002,Marcin Calmen,Pro - 19,21533200
83,13.2,4009,Olivier Portal,Master - 1,21516368
83,13.2,4053,Djordje Arulic,Pro - 19,21299178
83,13.2,4054,Rafael Talaisys,Pro - 18,21290758
83,13.2,4113,Fabrice Van Damme,Pro - 21,21014198
83,13.2,4117,Endre Hollós,Pro - 12,21002250
83,13.2,4124,Mauro Schumacher,Master - 3,20976372
83,13.2,4136,Ahoorda Lelou,Master - 4,20922535
83,13.2,4153,Ariel Fuentes,Pro - 24,20866450
83,13.2,4154,Tomi Kaartinen,Master - 1,20850672
83,13.2,4170,Roni Moura,Pro - 22,20760989
83,13.2,4173,Roberto Schiavoni,Pro - 3,20753557
83,13.2,4190,Mikko Heikkinen,Pro - 5,20680592
83,13.2,4194,Tolis Nasios,Pro - 1,20667885
83,13.2,4198,Harsh Sheth,Elite,20630608
83,13.2,4199,Alessandro Facchetti,Pro - 12,20621564
83,13.2,4228,Rasmus Hove,Pro - 9,20440217
83,13.2,4237,Alberto Pérez,Master - 3,20392071
83,13.2,4240,Jay De Snoo,Elite,20368103
83,13.2,4249,Sergio Porta,Pro - 6,20294318
83,13.2,4255,Luis Gustavo,Pro - 4,20271220
83,13.2,4270,Rei Frost,Master - 2,20233878
83,13.2,4291,Geoffrey Stanislawski,Pro - 7,20137634
83,13.2,4292,Iulian Brutaru,Pro - 1,20136028
83,13.2,4298,Joelson Gonçalves,Pro - 1,20110047
83,13.2,4309,Daniel Bertoya,Pro - 11,20047839
83,13.2,4337,Guilherme Oliveira,Pro - 2,19914974
83,13.2,4363,Rich Weaving,Pro - 9,19802756
83,13.2,4399,Nuno Vicente,Master - 4,19680122
83,13.2,4442,Damir Martinjak,Pro - 6,19504598
83,13.2,4471,György Csillag,Master - 1,19382022
83,13.2,4477,Philippe Peyroche,Pro - 21,19360413
83,13.2,4510,Joshua King,Pro - 1,19246386
83,13.2,4533,Sarah Billiotte,Pro - 22,19131216
83,13.2,4534,Darthson Bonassoli,Master - 5,19127429
83,13.2,4577,Pablo Alejo Herrero Lamuedra,Pro - 19,18928977
83,13.2,4588,Ali Aydın,Pro - 11,18899503
83,13.2,4590,Paweł Dylewski,Pro - 11,18897150
83,13.2,4592,Mark Philips,Master - 4,18881076
83,13.2,4625,Cornelius Alexandru,Pro - 9,18746894
83,13.2,4630,Ilija Radovanovic,Pro - 1,18741935
83,13.2,4643,Andrew Green,Pro - 1,18675458
83,13.2,4655,Marco Basilico,Pro - 6,18544439
83,13.2,4656,Roberto Borgato,Pro - 11,18537168
83,13.2,4665,Daniel Andrade,Master - 4,18502231
83,13.2,4685,Pál Baracsi,Pro - 19,18461118
83,13.2,4745,Samuele Raco,Pro - 4,18334523
83,13.2,4754,Davide Lorenzini,Elite,18298984
83,13.2,4757,Pulido Quintero,Pro - 5,18287535
83,13.2,4759,Erwin Verkade,Pro - 15,18280843
83,13.2,4767,Raymon Garcia,Pro - 6,18252201
83,13.2,4780,Gerardo Antonio Cecere,Pro - 17,18211251
83,13.2,4786,Helmut Heiter,Master - 2,18168123
83,13.2,4799,Tim Villars,Master - 5,18119099
83,13.2,4814,Guilherme Franco,Pro - 23,18007510
83,13.2,4849,Joel Trekane,Pro - 10,17998604
83,13.2,4851,Edmundas Urbonas,Pro - 14,17997767
83,13.2,4854,Jos Haarsma,Pro - 21,17983664
83,13.2,4855,Renato Ribeiro,Pro - 10,17976128
83,13.2,4861,Carlos Alfredo Habegger,Pro - 24,17943205
83,13.2,4863,Silvestre Fonseca,Pro - 23,17931519
83,13.2,4870,Fredrik Wall,Pro - 8,17902920
83,13.2,4875,Giovanni Bertolo,Pro - 16,17874868
83,13.2,4877,Timur Sharafullin,Pro - 6,17871508
83,13.2,4880,Francisco Mendia,Pro - 5,17855575
83,13.2,4898,Daniel Rodriguez,Pro - 14,17773638
83,13.2,4919,Luis Lino,Pro - 10,17645265
83,13.2,4922,Ricardo Todd,Pro - 20,17631614
83,13.2,4925,Sergio Ruiz,Pro - 5,17629182
83,13.2,4936,Neil Cole,Pro - 22,17545577
83,13.2,4942,Marco Longo,Master - 3,17506805
83,13.2,4947,Fabio Romani,Master - 1,17480137
83,13.2,4958,Stefan Krustev,Pro - 15,17411770
83,13.2,4963,Giannis Kiriakidis,Pro - 21,17398762
83,13.2,4968,Stewart James,Pro - 19,17324571
83,13.2,4986,Ivo Ivanov,Master - 1,17140419
83,13.2,4990,Vincent Baguet,Pro - 4,17088934
83,13.2,4996,Dominique Jean,Master - 5,17063500
83,13.2,5005,Viktor Kocsi,Pro - 15,16998896
83,13.2,5016,Fabio Lopez,Pro - 20,16912189
83,13.2,5042,Tomasz Siwiec,Pro - 13,16703192
83,13.2,5050,Arkadiusz Nicewicz,Master - 5,16620188
83,13.2,5055,Jason Daughty,Master - 3,16558013
83,13.2,5057,Michal Szopinski,Master - 3,16546241
83,13.2,5059,Eduardo Sanchez Carenzo,Master - 5,16524570
83,13.2,5077,Martin Frei,Pro - 1,16413298
83,13.2,5083,Ayman Daher,Pro - 20,16395685
83,13.2,5087,Denny Holt,Pro - 10,16305951
83,13.2,5091,Alex Phil,Pro - 15,16254571
83,13.2,5099,Petar Chuchukov,Pro - 19,16179551
83,13.2,5106,Steffen Holm,Pro - 19,16135553
83,13.2,5107,Claudio Laguna,Master - 3,16132029
83,13.2,5114,Roberto Schumacher,Pro - 20,16068198
83,13.2,5132,Josep Meyer,Pro - 22,15950525
83,13.2,5137,Jean-françois Charbinat,Master - 5,15917265
83,13.2,5140,Svetoslav Dimitrov,Pro - 6,15896702
83,13.2,5141,Alex Holland,Elite,15876849
83,13.2,5151,Ferenc Koncz,Master - 1,15762359
83,13.2,5165,Béla Ormos,Pro - 17,15677397
83,13.2,5186,Gábor Besenyi,Pro - 19,15503642
83,13.2,5197,Milos Markovic,Pro - 22,15436767
83,13.2,5204,Ivars Vilks,Master - 4,15366556
83,13.2,5213,Torge Thorsson,Pro - 7,15299841
83,13.2,5235,Daniel Čech,Pro - 25,15065136
83,13.2,5241,Alexander Hoppe,Pro - 19,14980294
83,13.2,5251,Aleksandr Gerassimtsik,Master - 4,14828562
83,13.2,5254,László Tóth,Pro - 2,14809667
83,13.2,5257,Ivica Paunovic,Pro - 24,14771752
83,13.2,5261,Harri Pakosta,Pro - 22,14746664
83,13.2,5277,Marcos Amaral,Pro - 2,14596909
83,13.2,5286,Aleksandar Tot,Pro - 7,14549643
83,13.2,5289,Sergio Tejero,Pro - 1,14522136
83,13.2,5298,Ignacio Belatti,Elite,14420713
83,13.2,5315,Cristian Cattaneo,Pro - 4,14340623
83,13.2,5319,Gabriel Miranda,Pro - 18,14322099
83,13.2,5322,Michaela Källström,Elite,14313699
83,13.2,5333,Dimitrios Mitsos,Pro - 25,14244847
83,13.2,5334,Konrad Lasak,Pro - 11,14242282
83,13.2,5336,Salvatore Di Meo,Pro - 12,14237816
83,13.2,5346,Michele Jannone,Pro - 15,14179218
83,13.2,5358,Luis De Los Reyes,Pro - 21,14111087
83,13.2,5359,Andreas Ramann,Master - 5,14109632
83,13.2,5360,Fernando Sosa,Master - 3,14104738
83,13.2,5367,Patrick Feise,Pro - 3,14035277
83,13.2,5387,Evaldas Ruseckas,Master - 5,13850056
83,13.2,5388,Patrick Urlings,Master - 2,13845196
83,13.2,5392,Andrea Oclab,Pro - 22,13819327
83,13.2,5430,Pablo Gustavo,Pro - 19,13457604
83,13.2,5432,Alex Popa,Pro - 25,13443031
83,13.2,5434,Daniel Bonilla,Pro - 25,13434172
83,13.2,5439,Wagner Costa,Pro - 20,13389893
83,13.2,5445,Marcelo Tavares,Pro - 16,13364363
83,13.2,5448,Tamás Konrád,Pro - 24,13338385
83,13.2,5459,Andrea Cussigh,Master - 5,13259955
83,13.2,5460,Martin Freeth,Pro - 11,13255301
83,13.2,5470,Jánosné Horvath,Pro - 20,13206696
83,13.2,5472,Danilo Alberghetti,Pro - 14,13183615
83,13.2,5483,Tianhao Chen,Pro - 7,13107120
83,13.2,5485,Zdravko Subakov,Pro - 19,13103778
83,13.2,5487,Christian Bernhard,Pro - 5,13083186
83,13.2,5488,Eduardo Hoepers,Pro - 9,13080199
83,13.2,5491,Doru Paraschiv,Pro - 1,13055381
83,13.2,5494,Gonzalo Reta,Pro - 1,13033652
83,13.2,5496,William Day,Master - 1,12995908
83,13.2,5505,Marco Krane,Pro - 3,12916552
83,13.2,5510,Ivan Schegloa,Pro - 24,12860706
83,13.2,5516,Ivan Stojkovic,Pro - 22,12742599
83,13.2,5525,Stephen Rawson,Master - 3,12682527
83,13.2,5545,Miel Soeterbroek,Elite,12494315
83,13.2,5560,Svajūnas Mikšta,Master - 2,12321606
83,13.2,5567,Paulo Carneiro,Pro - 12,12279010
83,13.2,5572,Mariano Seeber,Pro - 18,12265396
83,13.2,5574,Greg Byrnes-mikelsons,Pro - 1,12256356
83,13.2,5582,Pedro Jose Moreno,Pro - 15,12186750
83,13.2,5598,Tom Hewer,Pro - 2,12087420
83,13.2,5615,Slobodan Bulic,Pro - 18,11971506
83,13.2,5630,Mario Molina,Pro - 22,11866931
83,13.2,5633,Zoltán Zelei,Pro - 16,11841512
83,13.2,5643,Erkin Aksoy,Pro - 3,11783348
83,13.2,5651,Armando Feresin Pedrana,Pro - 1,11734475
83,13.2,5658,Ali İhsan Umutlu,Pro - 19,11662320
83,13.2,5659,Lychezar Stoyanov,Master - 5,11660704
83,13.2,5661,Bartek Nowak,Master - 1,11647965
83,13.2,5668,Eugene Timchenko,Pro - 12,11622073
83,13.2,5676,Sergey Kozlenko,Pro - 6,11564444
83,13.2,5677,Mert Büyükakar,Pro - 2,11562814
83,13.2,5685,Matthew Wheeler,Pro - 22,11526786
83,13.2,5687,Ezequiel Palletti,Pro - 12,11522486
83,13.2,5692,Lee Harding,Elite,11468261
83,13.2,5717,Andrian Naidenov,Pro - 18,11337742
83,13.2,5721,Bartosz Szymczak,Pro - 25,11297986
83,13.2,5725,Victor Chernyshev,Pro - 16,11249154
83,13.2,5737,Leonardo Caceres,Pro - 17,11167243
83,13.2,5744,Jaroslav Boruvka,Pro - 3,11089921
83,13.2,5748,Antonio Veiga,Pro - 21,11039829
83,13.2,5750,Kamil Wojciechowski,Pro - 11,11035570
83,13.2,5756,Turan Metin,Master - 5,10962510
83,13.2,5761,Alessandro Campanella,Master - 3,10900070
83,13.2,5762,Lukas Pilka,Pro - 16,10890996
83,13.2,5768,Pablo Borges,Master - 4,10846307
83,13.2,5772,Carlos Louzeiro,Pro - 13,10835927
83,13.2,5776,Ugo Venturi,Pro - 9,10821585
83,13.2,5792,Aleksey Skrypnev,Pro - 16,10742905
83,13.2,5809,Billy Van Der Merwe,Pro - 17,10634003
83,13.2,5817,Andrew Lane,Pro - 6,10578156
83,13.2,5823,Robert Horvath,Pro - 4,10525151
83,13.2,5824,Pablo Ramirez,Master - 4,10510655
83,13.2,5827,Duarte Madrugo,Pro - 10,10485160
83,13.2,5832,David Evans,Pro - 23,10476464
83,13.2,5840,José Mario Alonso Alonso,Pro - 22,10417790
83,13.2,5847,Thomas Uvyn,Pro - 7,10395638
83,13.2,5848,André Henriques,Pro - 6,10395455
83,13.2,5850,Todor Mitev,Pro - 8,10366591
83,13.2,5854,Gianluca Andriolo,Pro - 7,10358090
83,13.2,5855,Wopke Hoekstra,Pro - 10,10352438
83,13.2,5857,Ricardo Beato,Pro - 8,10327632
83,13.2,5861,Alon Malul,Master - 5,10291511
83,13.2,5866,Igor Mihaliska,Pro - 18,10257307
83,13.2,5870,Leandro Carvalho,Master - 3,10238528
83,13.2,5876,Ken Neihart,Master - 4,10190982
83,13.2,5882,Alex Tolmar,Pro - 7,10094318
83,13.2,5885,Alexandre Braga,Pro - 9,10059116
83,13.2,5901,Graham Mercer,Master - 1,9901638
83,13.2,5915,Gino Zernani,Master - 5,9779829
83,13.2,5934,Domien Luts,Pro - 13,9621435
83,13.2,5937,Jean-marc Boissinot,Pro - 9,9605499
83,13.2,5946,Kaur Sirel,Master - 1,9542595
83,13.2,5951,Miroslav Minchev,Master - 3,9494658
83,13.2,5955,Angel Salas,Pro - 13,9461092
83,13.2,5956,Pablo Venini,Pro - 2,9456216
83,13.2,5958,Mark Eadie,Pro - 24,9432374
83,13.2,5964,Lazar Petkovic,Pro - 4,9377289
83,13.2,5972,David Antonio Bovolon,Pro - 2,9310874
83,13.2,5985,Dirk Sperling,Pro - 9,9242952
83,13.2,5989,Simone Rossi,Pro - 10,9205733
83,13.2,5991,Antonio Celso Zambel,Pro - 25,9199725
83,13.2,6003,Arttu Korhonen,Pro - 1,9135312
83,13.2,6008,Lorenzo Bongi,Master - 1,9078649
83,13.2,6015,Torsten Wilke,Pro - 18,9038290
83,13.2,6017,Jean-Maxime Trucon,Pro - 23,9017363
83,13.2,6021,Juan Manuel Collova,Pro - 3,8982041
83,13.2,6028,Ivica Maričević,Pro - 20,8920690
83,13.2,6035,Mike Zestas,Pro - 19,8889500
83,13.2,6041,Bindics Róbert,Master - 4,8852989
83,13.2,6047,Johan Dominé,Pro - 9,8832458
83,13.2,6049,Robert Raczkiewicz,Pro - 9,8814071
83,13.2,6052,Joan Centellas,Pro - 12,8789481
83,13.2,6055,Đuro Prejc,Master - 2,8766154
83,13.2,6064,Alvaro Dantas Aron,Master - 1,8691399
83,13.2,6066,Brice Meyer,Pro - 16,8685801
83,13.2,6068,Paola Bellocco,Pro - 6,8655004
83,13.2,6073,Marin Ružić,Pro - 14,8622690
83,13.2,6084,Sebastien Sailliot,Pro - 16,8549702
83,13.2,6108,Yura Murashko,Pro - 18,8339892
83,13.2,6120,Marvin Morales,Pro - 24,8235395
83,13.2,6125,Michal Andrýsekk,Pro - 20,8222822
83,13.2,6134,Jacopo Albertini,Master - 1,8157050
83,13.2,6138,Marcin Grajek,Pro - 15,8130474
83,13.2,6144,Miguel Bain,Pro - 15,8071860
83,13.2,6146,Gyula Kalmár,Pro - 8,8068319
83,13.2,6150,Frederic Van Rossum,Pro - 21,8042332
83,13.2,6152,Jose Luis Macho Pita,Pro - 16,8038450
83,13.2,6153,Mato Nikic,Master - 3,8030666
83,13.2,6164,Alexandra Silva,Master - 3,7952187
83,13.2,6165,Luiz Souza,Pro - 21,7940515
83,13.2,6196,Fabrice Renaudet,Pro - 2,7807836
83,13.2,6203,Louis Hamilton,Pro - 20,7775448
83,13.2,6212,Kris Kilsby,Pro - 23,7732282
83,13.2,6213,Damián Almada,Pro - 2,7712931
83,13.2,6217,Giuseppe Carlomagno,Pro - 8,7699663
83,13.2,6220,Nikola Brojak,Pro - 8,7658050
83,13.2,6227,Rodrigo Campos,Pro - 17,7599615
83,13.2,6230,Johan Swanepoel,Pro - 12,7592952
83,13.2,6237,Felipe Mafra,Pro - 23,7524535
83,13.2,6242,Eddy Kobayashi,Pro - 13,7509854
83,13.2,6244,Paulo Maia,Pro - 14,7494842
83,13.2,6251,Artur Marczewski,Master - 1,7443344
83,13.2,6258,Vania Duarte,Pro - 6,7385956
83,13.2,6270,Goran Vukovic,Pro - 20,7299126
83,13.2,6274,Lucio Ferreira,Pro - 10,7283017
83,13.2,6275,Fabio Maniscalco,Pro - 10,7264261
83,13.2,6290,Shanhan Bonham,Pro - 17,7166060
83,13.2,6292,Sebastian Cucciardi,Pro - 20,7154736
83,13.2,6293,Andrea Gaggino,Pro - 7,7141001
83,13.2,6296,Kuba Gułajewski,Master - 1,7125313
83,13.2,6299,József Gyuricza,Pro - 19,7099174
83,13.2,6313,Alan Horsley,Pro - 4,6952668
83,13.2,6326,Jared Grabski,Pro - 23,6871501
83,13.2,6328,Tomek Miszczak,Master - 4,6843061
83,13.2,6331,Francesco Raggio,Pro - 18,6833661
83,13.2,6337,Cioponea Viorel,Pro - 5,6802881
83,13.2,6338,Fabián Ré,Pro - 4,6802633
83,13.2,6347,Stefan Leitgeb,Pro - 17,6731102
83,13.2,6349,David Smith,Master - 1,6707817
83,13.2,6351,Ville Kukkonen,Pro - 8,6705243
83,13.2,6352,Keith Clark,Pro - 10,6690256
83,13.2,6363,Goran Slunjski,Pro - 13,6611190
83,13.2,6371,Herve Imbert,Pro - 20,6567346
83,13.2,6390,Enzo Sbarbini,Pro - 17,6415311
83,13.2,6392,Dmitry Kuznetsov,Pro - 20,6385972
83,13.2,6397,Yiánnis Lólas,Pro - 3,6342395
83,13.2,6401,Dominik Krowiak,Pro - 12,6314546
83,13.2,6402,Mindaugas Bauža,Master - 2,6288964
83,13.2,6411,Eduardo Zolin,Pro - 10,6219397
83,13.2,6415,Carlos Inácio,Pro - 1,6197401
83,13.2,6420,Joe Meal,Pro - 4,6183646
83,13.2,6425,Tom Bux,Pro - 10,6153815
83,13.2,6426,David de la Hoz,Pro - 24,6120834
83,13.2,6427,Hola Evony,Master - 1,6118301
83,13.2,6440,Dusan Sevarlic,Pro - 13,6026537
83,13.2,6457,Reinaldo Beato,Pro - 25,5913476
83,13.2,6463,Jilsepe Oliveira,Pro - 1,5884901
83,13.2,6468,Daniel Stack,Pro - 3,5839262
83,13.2,6478,Mark Pinnick,Master - 2,5750853
83,13.2,6500,Giovanni Farina,Pro - 21,5542782
83,13.2,6528,Jiřina Bojanovská,Pro - 5,5393577
83,13.2,6531,Marek Waleczek,Pro - 25,5366942
83,13.2,6538,Christian Biancu,Master - 2,5259236
83,13.2,6540,Mateus Lima,Pro - 13,5251847
83,13.2,6545,Will Eel,Pro - 6,5217446
83,13.2,6547,Jovan Milic,Master - 1,5208626
83,13.2,6552,Ahmet Kirnik,Master - 4,5172627
83,13.2,6553,Guilherme Henrique,Pro - 1,5167421
83,13.2,6555,Thiago Cristofolini,Pro - 14,5156811
83,13.2,6556,Peter Thompson,Pro - 1,5141707
83,13.2,6558,Gorka Bollo,Pro - 18,5129244
83,13.2,6568,Marius Slavinskas,Pro - 15,5059981
83,13.2,6576,Ben Gladwyn,Pro - 23,5012974
83,13.2,6580,Brian Blagdon,Pro - 20,4976761
83,13.2,6586,Bernardo Folhadela,Pro - 8,4943266
83,13.2,6591,Quentin Gonzalez,Pro - 7,4893450
83,13.2,6601,Claudio Lima,Pro - 17,4788931
83,13.2,6607,Lucas Floriano De Souza,Pro - 13,4716000
83,13.2,6618,Roman Sokolov,Pro - 21,4661651
83,13.2,6622,John Arthur,Pro - 10,4622625
83,13.2,6625,Federico Pereyra,Pro - 10,4593556
83,13.2,6633,András Bozóti,Master - 2,4550994
83,13.2,6634,Yakup Paçacı,Pro - 7,4540345
83,13.2,6638,Ben De Leeuw,Pro - 1,4523175
83,13.2,6642,Anibal Conosciuto,Pro - 23,4498730
83,13.2,6651,Oriol Pardo,Pro - 19,4404047
83,13.2,6665,Leo Leal,Master - 4,4254217
83,13.2,6668,Marco Bergoglio,Pro - 4,4237355
83,13.2,6692,Predrag Marmut,Master - 5,4016143
83,13.2,6699,Zoli Horvath,Pro - 6,3980850
83,13.2,6710,Andrew Massey,Master - 2,3892695
83,13.2,6719,Ufuk Yasayan,Pro - 15,3852840
83,13.2,6726,Sergey Ryabov,Pro - 12,3814377
83,13.2,6727,Giovanni Barzaghi,Pro - 13,3812645
83,13.2,6743,Xavier Prett,Pro - 7,3642868
83,13.2,6759,Michał Wilczyński,Elite,3523178
83,13.2,6763,Abhishek Kankonkar,Pro - 21,3504922
83,13.2,6764,Andriy Dyadkovich,Pro - 18,3498273
83,13.2,6770,Vladimir Jelicic,Master - 2,3442480
83,13.2,6772,Máximo Dolz,Pro - 9,3430947
83,13.2,6783,Franciscus Van Essche,Pro - 3,3347737
83,13.2,6785,Nathan Ribeiro,Pro - 9,3338363
83,13.2,6788,Rémy Pointet,Master - 4,3321862
83,13.2,6790,Thierry Le Denmat,Master - 2,3314962
83,13.2,6794,Filippo Gino,Pro - 9,3278862
83,13.2,6796,Tommaso Petri,Pro - 4,3265701
83,13.2,6797,Damir Sen,Master - 4,3260430
83,13.2,6802,Andrey Kozlov,Pro - 14,3203969
83,13.2,6808,Nenad Samardžić,Pro - 20,3152493
83,13.2,6809,Dmitry Starostachev,Pro - 10,3145514
83,13.2,6811,Dan Currie,Pro - 18,3126065
83,13.2,6812,Carmine Esposito,Pro - 20,3122480
83,13.2,6815,Filippo Latino,Pro - 12,3116018
83,13.2,6819,Vilius Ceponis,Pro - 25,3091715
83,13.2,6820,Mihail Golovanov,Master - 4,3084483
83,13.2,6827,Josh Clark,Master - 4,3027605
83,13.2,6835,Roman Maksimenkov,Master - 5,2977625
83,13.2,6860,Olivier Baptista,Pro - 11,2847421
83,13.2,6875,Massimo Baroni,Pro - 4,2714993
83,13.2,6877,Denis Titov,Master - 5,2710001
83,13.2,6879,Paulo Neves,Master - 1,2685267
83,13.2,6884,Darek Krawczuk,Pro - 9,2659825
83,13.2,6896,Gabriele Galanti,Pro - 11,2547876
83,13.2,6913,Vasilis Zoumpi,Pro - 23,2382004
83,13.2,6916,Miguel Queiroz,Pro - 13,2339530
83,13.2,6924,Mantas Sestokas,Master - 2,2278559
83,13.2,6935,Nikola Jancic,Master - 3,2188004
83,13.2,6938,Apostolis Goutzos,Elite,2160005
83,13.2,6943,Erique Souza,Pro - 7,2134036
83,13.2,6946,Tom Griessmann,Pro - 5,2084593
83,13.2,6958,Michael Zenger,Pro - 18,1990868
83,13.2,6962,Alexandre Resende,Pro - 18,1966809
83,13.2,6972,Anderson Lima,Pro - 8,1881497
83,13.2,6974,Andrzej Dąbrowski,Pro - 23,1868446
83,13.2,6999,Vitor Novo,Pro - 7,1538147
83,13.2,7010,Paulo Peralta,Pro - 10,1444812
83,13.2,7016,Gianluca Bini,Pro - 16,1424041
83,13.2,7021,Dejan Svajner,Pro - 18,1383287
83,13.2,7034,Andreas Weilemann,Pro - 19,1305257
83,13.2,7041,Dávid Sifka,Pro - 9,1268284
83,13.2,7045,Leonardo Solazzi,Master - 4,1231871
83,13.2,7047,Dmitry Serebryakov,Pro - 6,1219356
83,13.2,7051,Matthew Smith,Pro - 12,1203480
83,13.2,7066,Lauren Earnest,Master - 1,1055649
83,13.2,7067,Mark Blackwell,Pro - 24,1054297
83,13.2,7071,Orlin Popov,Pro - 22,1033380
83,13.2,7076,Patrice Haas,Pro - 14,997190
83,13.2,7077,Tihamér Pál,Pro - 18,988429
83,13.2,7082,Igor Stuparić,Pro - 15,964336
83,13.2,7084,Sito Haus,Pro - 14,948539
83,13.2,7087,David Andrewartha,Pro - 12,915822
83,13.2,7088,Kaspar Marcus Paukson,Master - 3,900123
83,13.2,7091,Erik Chrin,Pro - 11,846582
83,13.2,7095,Johannes Haaparanta,Pro - 24,827078
83,13.2,7108,Miguel López-torres Stadler,Pro - 5,668808
83,13.2,7130,Szilkó Szoboszlai,Pro - 23,528571
83,13.2,7136,Bruno Scarlata,Pro - 13,486078
83,13.2,7139,Luis Ascencio,Pro - 24,467816
83,13.2,7141,Julio Pereira,Pro - 19,433526
83,13.2,7159,Ankush Gupta,Pro - 21,264542
83,13.2,7167,Mikael Brostrom,Master - 5,213032
83,13.2,7168,John Ibbotson,Master - 5,203396
83,13.2,7170,Dominik Tóth,Pro - 15,181969
83,13.2,7171,Paulo Morgado,Pro - 14,181459
83,13.2,7177,Rodrigo Marino,Pro - 7,149936
83,13.2,7179,Charles Kurz,Master - 3,140535
83,13.2,7186,Taco Albers,Pro - 7,113898
83,13.2,7187,Felype Mattos,Pro - 22,113671
83,13.2,7193,Juan Carlos Mendez,Pro - 11,67607
83,13.2,7194,Reimo Kochwatsch,Pro - 16,58424
83,13.2,7195,Ioannis Kalogirou,Master - 4,54458
83,13.2,7200,Grzegorz Laszczewski,Pro - 4,13311
83,13.2,7208,Zahid Özkara,Pro - 16,-27467
83,13.2,7217,Micael Vinhas,Master - 2,-96060
83,13.2,7231,Goran Milenkovic,Pro - 16,-194685
83,13.2,7236,Duong Cuong,Pro - 17,-283473
83,13.2,7243,Patrick Gauthier,Pro - 10,-340569
83,13.2,7250,Thomas Bertolino,Master - 1,-378518
83,13.2,7251,Konrad Świderski,Master - 5,-387081
83,13.2,7258,Melissa Martin,Pro - 2,-438510
83,13.2,7260,Bora Janić,Pro - 4,-441725
83,13.2,7264,Stuart Foster,Pro - 12,-452607
83,13.2,7272,Pablo Lopez,Pro - 12,-556464
83,13.2,7276,Pedro Correia,Pro - 24,-592769
83,13.2,7290,Rick Queary,Pro - 11,-662861
83,13.2,7292,Valerio Cirri,Pro - 15,-682079
83,13.2,7300,Claudemar Teichmann,Pro - 1,-718884
83,13.2,7309,Nick Tsagarakis,Pro - 22,-783373
83,13.2,7312,Samoeni Albanalopolis,Pro - 6,-800747
83,13.2,7313,Alberto Osio,Pro - 7,-816332
83,13.2,7320,Dieter Nix,Master - 4,-848054
83,13.2,7328,Zoran Korolija,Pro - 7,-891038
83,13.2,7331,Leonel Rey,Pro - 13,-935143
83,13.2,7343,Jérôme Duluard,Master - 5,-1051261
83,13.2,7345,Geoffrey Novais,Pro - 22,-1077777
83,13.2,7347,Matthias Wegener,Pro - 11,-1084985
83,13.2,7348,Ricardo Vidal,Pro - 12,-1096033
83,13.2,7350,Michele Brambilla,Pro - 13,-1109866
83,13.2,7351,Zoltan Kormos,Pro - 25,-1129953
83,13.2,7352,Vencislav Stefanov,Pro - 2,-1142502
83,13.2,7356,Andrey Zhulikov,Pro - 24,-1173701
83,13.2,7364,Martin Kuzov,Pro - 18,-1256062
83,13.2,7366,Sverri Johansen,Master - 2,-1260136
83,13.2,7367,Gideon Rosa,Pro - 21,-1269195
83,13.2,7371,Pavel Šťastný,Pro - 21,-1290228
83,13.2,7372,Sebastian Jóźwiak,Pro - 4,-1299902
83,13.2,7373,Sergio Ferraro,Pro - 22,-1305685
83,13.2,7376,Sherry Sunderland,Pro - 5,-1321855
83,13.2,7380,Jorge Hora,Pro - 5,-1340323
83,13.2,7381,Willian Moura,Pro - 17,-1347787
83,13.2,7383,Col Brown,Pro - 22,-1360712
83,13.2,7389,Plamen Iliev,Pro - 3,-1409213
83,13.2,7399,Andrej Novák,Pro - 9,-1484180
83,13.2,7410,Jiří Burda,Pro - 17,-1582748
83,13.2,7412,Hristo Kantarev,Pro - 18,-1586851
83,13.2,7425,Ambroz Pondelek,Pro - 14,-1630936
83,13.2,7431,Fred Hauser,Pro - 23,-1657733
83,13.2,7438,Çağrı Karaağaç,Pro - 21,-1747872
83,13.2,7448,Daniel Iliev,Pro - 19,-1875538
83,13.2,7465,Laurie Grant,Pro - 4,-2028600
83,13.2,7466,Roman Lizogub,Pro - 16,-2041063
83,13.2,7473,Uilton Santos,Pro - 15,-2109247
83,13.2,7479,Roman Alatyrtsev,Pro - 10,-2178814
83,13.2,7485,Rafael Zambrano,Pro - 1,-2218676
83,13.2,7491,Davy Van Den Abbeele,Pro - 19,-2245776
83,13.2,7498,Čeněk Urvalfiltr,Pro - 21,-2296813
83,13.2,7512,Matheus Cordeiro,Pro - 20,-2458317
83,13.2,7513,Sergey Vosnesensky,Pro - 3,-2470463
83,13.2,7517,Bachtiar Mahardhika,Master - 5,-2589336
83,13.2,7530,Gavin Mackenzie,Pro - 12,-2755986
83,13.2,7538,Karel Poláček,Pro - 24,-2851968
83,13.2,7542,William Pickering,Pro - 14,-2932076
83,13.2,7549,Rudy Garriga,Pro - 25,-2999128
83,13.2,7551,Naad Lamsui,Pro - 2,-2999958
83,13.2,7555,Mirco Baldini,Master - 2,-3028658
83,13.2,7562,Damir Kalaev,Master - 1,-3071670
83,13.2,7575,Gonzalo Nieto,Pro - 4,-3289929
83,13.2,7578,Ahmet Sonverdi,Master - 5,-3324634
83,13.2,7580,Aleksej Sutkin,Pro - 3,-3336623
83,13.2,7582,Guille García,Pro - 5,-3414310
83,13.2,7583,Pekka Kumpula,Pro - 16,-3463393
83,13.2,7587,Dejan Petrović,Master - 3,-3517152
83,13.2,7598,Alihan Zor,Pro - 23,-3607371
83,13.2,7621,Rodrigo Rocha,Pro - 8,-3792779
83,13.2,7623,Victor Kamennov,Pro - 16,-3822475
83,13.2,7625,Matheus Senna Ramos,Master - 5,-3863848
83,13.2,7632,Bill Mesaros,Pro - 13,-3933983
83,13.2,7639,Robert Lisik,Pro - 5,-4094886
83,13.2,7642,David Cabral,Pro - 11,-4113328
83,13.2,7686,Jonas Žaldokas,Pro - 16,-4567015
83,13.2,7701,Fábio Schrier,Pro - 25,-4715541
83,13.2,7708,Alexandre Marcelino,Pro - 19,-4766777
83,13.2,7721,Floris Maljers,Pro - 20,-4995312
83,13.2,7723,Evaldas Kurmis,Pro - 8,-5026872
83,13.2,7725,Sheldon Van Zyl,Pro - 24,-5046073
83,13.2,7726,Paulo Varela,Pro - 7,-5056335
83,13.2,7730,Sergey Bolshakov,Pro - 10,-5082664
83,13.2,7743,Edward Coulman,Pro - 13,-5191177
83,13.2,7744,Luce Roso,Pro - 17,-5226308
83,13.2,7751,Fabio Fonzie,Pro - 5,-5299639
83,13.2,7762,Bruno Marques,Pro - 2,-5455457
83,13.2,7767,Suat Gültekin,Pro - 20,-5502792
83,13.2,7777,Sergio Roman,Pro - 10,-5579808
83,13.2,7788,Maciej Żmudziński,Pro - 7,-5729711
83,13.2,7802,Jonathan Beagles,Pro - 20,-5935623
83,13.2,7806,Luca Sora,Master - 1,-5973663
83,13.2,7813,Cole Fainter,Pro - 12,-6087489
83,13.2,7819,Jim Becker,Pro - 8,-6167566
83,13.2,7839,Veres Tamás,Elite,-6779948
83,13.2,7847,Ahmad Aloulou,Pro - 12,-6899971
83,13.2,7850,Tomas Balsevicius,Pro - 15,-6940489
83,13.2,7851,Níkos Mpalkámos,Pro - 19,-6957366
83,13.2,7864,Leonardo Fiorotto,Pro - 20,-7142707
83,13.2,7868,Cosimo Salatino,Pro - 17,-7199132
83,13.2,7879,Alexandru Ionut,Pro - 13,-7405051
83,13.2,7880,Nigel Donovan,Pro - 1,-7426526
83,13.2,7901,Regis Rodrigues,Pro - 5,-7941115
83,13.2,7904,Giannis Patilas,Pro - 19,-7987327
83,13.2,7915,Alexandre Andrade,Pro - 16,-8198431
83,13.2,7917,Maickson Neiben,Pro - 24,-8219498
83,13.2,7929,Salvatore Andretti,Pro - 6,-8548238
83,13.2,7934,Imre Antos,Master - 3,-8641447
83,13.2,7935,Peter Mulholland,Pro - 4,-8662393
83,13.2,7937,Joabe Reis Silva,Pro - 12,-8730859
83,13.2,7953,Marek Nowak,Pro - 3,-9131289
83,13.2,7957,Kerem Arslanli,Pro - 21,-9197402
83,13.2,7960,Golberto Junior,Pro - 6,-9248272
83,13.2,7965,Liudvikas Selmistraitis,Pro - 3,-9297920
83,13.2,7968,Else Rene,Pro - 9,-9393529
83,13.2,7975,Stefano Fort,Pro - 19,-9706722
83,13.2,7980,Harno Lé,Pro - 23,-9774359
83,13.2,7983,Mihály Székely,Pro - 17,-9814178
83,13.2,7986,Timo Meyer,Master - 5,-9934965
83,13.2,7993,Javier Bruschi,Pro - 13,-10158675
83,13.2,8014,Michal Presinsky,Pro - 16,-10695187
83,13.2,8021,James Hitchen,Master - 4,-10923854
83,13.2,8024,Robin Goodey,Pro - 24,-10987300
83,13.2,8029,Branislav Hrnjak,Pro - 17,-11123986
83,13.2,8031,Laci Hola,Pro - 4,-11153547
83,13.2,8033,Gábor Safranyik,Elite,-11258365
83,13.2,8034,Andrei Vădineanu,Pro - 18,-11278155
83,13.2,8067,Alexandre Martins,Pro - 25,-12066807
83,13.2,8073,Xavier Porta,Pro - 6,-12313846
83,13.2,8076,Horia Garbacea,Pro - 3,-12470077
83,13.2,8081,Guido Simonetta,Pro - 22,-12735167
83,13.2,8090,Stoycho Stoychev,Pro - 8,-13184584
83,13.2,8096,Ruslan Lukyanchuk,Pro - 16,-13347719
83,13.2,8105,Roman Sobotka,Pro - 6,-13774611
83,13.2,8106,Pavel Pobirovski,Master - 1,-13802161
83,13.2,8120,Karol Mazurek,Pro - 8,-14341426
83,13.2,8122,Donatas Rutkauskas,Pro - 18,-14388872
83,13.2,8137,Eleutério Sousa,Pro - 19,-14771722
83,13.2,8146,Didier Charlot,Pro - 18,-15360137
83,13.2,8156,Antonio Adolpho Pereira,Pro - 4,-15930777
83,13.2,8171,Piotr Łabenda,Pro - 12,-16526116
83,13.2,8176,Felipe Bello,Pro - 10,-16757839
83,13.2,8181,Paul Brandt,Pro - 9,-16901657
83,13.2,8203,Jonathan Flament,Pro - 12,-18616394
83,13.2,8219,Wendell Kill,Pro - 20,-19488112
83,13.2,8222,Marco Huber,Pro - 23,-19576328
83,13.2,8239,Matas Karanavicius,Pro - 10,-21142805
83,13.2,8240,Atli Thor Johannesson,Pro - 1,-21306833
83,13.2,8241,Kiss Attila,Pro - 3,-21327626
83,13.2,8263,Diogo Xavier Santos,Pro - 15,-23608200
83,13.2,8264,Marcin Gala,Pro - 5,-23753642
83,13.2,8265,Michael Keeney,Master - 1,-23773767
83,13.2,8268,Jairo Teixeira,Pro - 18,-24299578
83,13.2,8278,Mahesh Bheemaraj,Pro - 11,-25277013
83,13.2,8296,Andreas Vigil,Pro - 23,-27523945
83,13.2,8301,Franco Lorijn,Pro - 5,-28051584
83,13.2,8308,Jukka Häyhä,Pro - 3,-29280081
83,13.2,8309,Chris Englund,Pro - 2,-29310322
83,13.2,8313,Sagar Abhyankar,Pro - 24,-29532296
83,13.2,8321,Luiz Rocha,Pro - 2,-29994341
83,13.2,8323,Daniel Santos,Pro - 10,-30446613
83,13.2,8329,Markus Korppi,Pro - 25,-31414266
83,13.2,8333,Eric Petroni,Pro - 2,-33027848
83,13.2,8341,Allecio Nagleydson,Pro - 3,-36038101
83,13.2,8343,Antonio Guzzo,Pro - 5,-37938306
83,13.2,8349,Geovane Ribeiro,Pro - 8,-43713387
83,13.2,8354,André França,Pro - 21,-51234582
83,13.2,8355,Rudy Szafraniec,Pro - 17,-52072418
83,13.2,8356,Ronald Arcia,Pro - 21,-54197710
